{"type":"FeatureCollection","features":[{"type":"Feature","properties":{"KANTONSNUM":18,"NAME":"Graubünden"},"geometry":{"type":"Polygon","coordinates":[[[2709777,1185645],[2710065,1185725],[2710302,1185790],[2710807,1185773],[2711074,1185767],[2711529,1185773],[2711721,1185520],[2712099,1185392],[2712346,1185471],[2712666,1185503],[2712623,1185286],[2712656,1185158],[2712706,1184894],[2712672,1184839],[2712644,1184639],[2712632,1184366],[2712766,1184172],[2712960,1184118],[2713363,1184089],[2713705,1183892],[2713878,1184010],[2714258,1184155],[2714638,1184246],[2714796,1184433],[2715161,1184562],[2715481,1184720],[2715725,1184876],[2716239,1184959],[2716645,1185045],[2717163,1185141],[2717586,1185171],[2717976,1185279],[2718479,1185356],[2720495,1186191],[2721402,1188107],[2721707,1188540],[2721732,1188925],[2721933,1189378],[2722412,1189911],[2722517,1190349],[2722454,1190994],[2722592,1191787],[2723042,1192029],[2723443,1192397],[2724056,1192810],[2724131,1192813],[2724215,1192799],[2724311,1192826],[2724417,1192858],[2724525,1192878],[2724614,1192848],[2724698,1192860],[2724773,1192860],[2724851,1192865],[2724941,1192815],[2725025,1192770],[2725109,1192731],[2725204,1192700],[2725311,1192663],[2725425,1192619],[2725507,1192551],[2725592,1192563],[2725683,1192568],[2725800,1192524],[2725956,1192499],[2726042,1192461],[2726147,1192428],[2726260,1192388],[2726237,1192281],[2726229,1192181],[2726255,1192049],[2726298,1191998],[2726373,1191941],[2727067,1190386],[2727659,1190196],[2727675,1190261],[2727728,1190308],[2727904,1190431],[2728001,1190475],[2728059,1190549],[2728165,1190643],[2728234,1190673],[2728333,1190692],[2728445,1190700],[2728565,1190748],[2728633,1190791],[2728716,1190844],[2728757,1190935],[2728878,1191140],[2728963,1191186],[2729072,1191236],[2729151,1191224],[2729253,1191262],[2729566,1191468],[2729775,1191540],[2729758,1191658],[2729821,1191724],[2729845,1191809],[2729855,1191892],[2729914,1191959],[2730004,1192082],[2730038,1192139],[2730052,1192240],[2730050,1192335],[2730121,1192433],[2730205,1192533],[2730275,1192573],[2730325,1192633],[2730454,1192680],[2730587,1192676],[2730703,1192684],[2730834,1192768],[2730959,1192847],[2730850,1193460],[2731137,1193482],[2733099,1193350],[2733390,1193278],[2733514,1193375],[2733723,1193486],[2733894,1193561],[2734154,1193651],[2734303,1193742],[2734442,1193936],[2734642,1194183],[2734733,1194409],[2735026,1194623],[2735304,1194976],[2735448,1195178],[2735585,1195317],[2735685,1195503],[2735857,1195731],[2736052,1196011],[2736115,1196261],[2736206,1196485],[2736451,1196589],[2736592,1196655],[2736814,1196808],[2737058,1196814],[2737262,1196839],[2737347,1197121],[2737541,1197409],[2737883,1197698],[2738475,1197035],[2738965,1196569],[2739293,1196301],[2739491,1196446],[2739828,1196705],[2740435,1196716],[2740573,1196627],[2740923,1196628],[2741161,1196758],[2741600,1196697],[2741886,1196614],[2742418,1196650],[2742985,1196327],[2743272,1196149],[2743765,1196167],[2744336,1196262],[2744733,1196291],[2745282,1195975],[2745756,1196004],[2746493,1195819],[2747006,1195875],[2747762,1195851],[2748766,1195609],[2749415,1195313],[2749886,1195344],[2750055,1195329],[2750280,1195262],[2750462,1195239],[2750665,1195128],[2750809,1195092],[2750976,1195069],[2751095,1195011],[2751658,1194625],[2751755,1194599],[2751849,1194579],[2752002,1194548],[2752102,1194386],[2752212,1194229],[2752375,1194009],[2752609,1193879],[2752934,1193594],[2753384,1193407],[2753753,1194208],[2753717,1194745],[2754510,1194749],[2754775,1195376],[2754561,1196306],[2755517,1197176],[2755548,1198009],[2755340,1198343],[2755882,1199810],[2756641,1200859],[2756699,1201178],[2756830,1201593],[2757134,1201873],[2757227,1202236],[2757378,1202417],[2757847,1202496],[2758200,1202585],[2758296,1202872],[2758264,1203558],[2758181,1204006],[2758371,1204313],[2758618,1204498],[2758900,1204547],[2759133,1204684],[2759410,1204712],[2759891,1204753],[2759625,1205806],[2757619,1208415],[2757478,1208787],[2756457,1210603],[2755110,1212541],[2754990,1213640],[2755300,1213216],[2755900,1213662],[2756577,1213713],[2757759,1214032],[2758946,1214566],[2759093,1214595],[2759258,1214706],[2759477,1214766],[2759700,1214734],[2759858,1214661],[2760113,1214461],[2760298,1214376],[2760459,1214167],[2760620,1213991],[2760678,1213469],[2760747,1213220],[2760844,1213166],[2761247,1213086],[2761468,1213228],[2761610,1213308],[2762014,1213442],[2762280,1213521],[2762518,1213560],[2762693,1213538],[2762851,1213535],[2763213,1213760],[2763358,1213839],[2763543,1214015],[2763773,1214096],[2763959,1214206],[2764193,1214286],[2764297,1214478],[2764506,1214550],[2764727,1214463],[2764809,1214352],[2764869,1214321],[2764958,1214190],[2765008,1214132],[2765137,1214053],[2765192,1213989],[2765343,1213900],[2765461,1213780],[2765553,1213684],[2765670,1213678],[2765769,1213635],[2765956,1213575],[2766096,1213571],[2766171,1213482],[2766474,1213475],[2766735,1213488],[2766895,1213515],[2767102,1213628],[2767320,1213767],[2767328,1213858],[2767354,1214011],[2767439,1214157],[2767498,1214222],[2767493,1214304],[2767568,1214407],[2767605,1214440],[2767697,1214414],[2767782,1214406],[2767848,1214413],[2767949,1214408],[2768051,1214377],[2768256,1214325],[2768359,1214306],[2768497,1214297],[2768633,1214301],[2768719,1214328],[2768816,1214357],[2768870,1214384],[2768918,1214417],[2768998,1214456],[2769073,1214488],[2769179,1214491],[2769327,1214471],[2769523,1214463],[2769702,1214492],[2769803,1214533],[2769857,1214585],[2769961,1214601],[2770004,1214628],[2770415,1214428],[2770467,1214386],[2770540,1214332],[2770586,1214276],[2770647,1214245],[2770740,1214166],[2770783,1214127],[2770880,1214072],[2770990,1214018],[2771257,1213931],[2771329,1213878],[2771507,1213810],[2771567,1213778],[2772116,1213771],[2772390,1213891],[2772455,1213676],[2772357,1213602],[2772273,1213549],[2772320,1213350],[2772357,1213264],[2772449,1213211],[2772595,1213140],[2772706,1213095],[2772906,1213026],[2772960,1212966],[2773113,1212893],[2773175,1212800],[2773239,1212774],[2773344,1212799],[2773443,1212827],[2773590,1212842],[2773725,1212863],[2773821,1212846],[2773897,1212818],[2774000,1212800],[2774130,1212806],[2774271,1212797],[2774364,1212743],[2774523,1212703],[2774623,1212680],[2774729,1212655],[2774803,1212676],[2774887,1212700],[2774959,1212736],[2775008,1212666],[2775099,1212626],[2775239,1212602],[2775285,1212507],[2775338,1212364],[2775381,1212252],[2775503,1212126],[2775722,1212138],[2775857,1212113],[2776006,1212177],[2776134,1212211],[2776174,1212247],[2776273,1212240],[2776364,1212204],[2776436,1212197],[2776539,1212240],[2776621,1212213],[2776756,1212285],[2776864,1212307],[2776905,1212354],[2777018,1212367],[2777096,1212397],[2777231,1212400],[2777342,1212397],[2777535,1212428],[2777664,1212371],[2777749,1212369],[2777873,1212370],[2778026,1212320],[2778300,1212324],[2778329,1212234],[2778373,1212154],[2778467,1212075],[2778635,1212003],[2778717,1211895],[2778784,1211796],[2778828,1211698],[2778915,1211628],[2779037,1211567],[2779112,1211543],[2779149,1211489],[2779263,1211487],[2779334,1211437],[2779452,1211424],[2779564,1211374],[2779557,1211277],[2779638,1211227],[2779742,1211137],[2779779,1211118],[2779921,1210981],[2779988,1210859],[2780054,1210825],[2780094,1210784],[2780135,1210788],[2780185,1210780],[2780248,1210691],[2780358,1210658],[2780405,1210629],[2780485,1210584],[2780546,1210607],[2780629,1210604],[2780781,1210638],[2780850,1210615],[2780907,1210584],[2780965,1210554],[2781122,1210472],[2781211,1210430],[2781270,1210404],[2781324,1210378],[2781347,1210311],[2781399,1210250],[2781459,1210182],[2781508,1210148],[2781578,1210117],[2781641,1210057],[2781756,1209994],[2781861,1209802],[2782044,1209826],[2782075,1209809],[2782114,1209797],[2782153,1209769],[2782139,1209711],[2782219,1209699],[2782245,1209652],[2782339,1209654],[2782395,1209642],[2782549,1209638],[2782792,1209924],[2783011,1210014],[2783239,1210069],[2783440,1210088],[2783537,1210105],[2783580,1210168],[2783728,1210260],[2783805,1210360],[2784125,1210835],[2784356,1210731],[2784471,1210689],[2784647,1210663],[2784762,1210653],[2784865,1210687],[2784944,1210682],[2785049,1210697],[2785113,1210699],[2785187,1210674],[2785307,1210666],[2785411,1210582],[2785485,1210528],[2785539,1210484],[2785535,1210423],[2785533,1210352],[2785591,1210333],[2785620,1210241],[2785487,1210152],[2785433,1210139],[2785394,1210073],[2785335,1210013],[2785280,1209967],[2785064,1209848],[2784961,1209621],[2784918,1209374],[2785041,1209279],[2785099,1209161],[2785093,1209035],[2785893,1208577],[2785961,1208547],[2786166,1208475],[2786251,1208425],[2786328,1208346],[2786345,1208285],[2786372,1208053],[2786384,1207843],[2786398,1207761],[2786447,1207651],[2786442,1207579],[2786486,1207446],[2786610,1207294],[2786589,1207199],[2786562,1207084],[2786483,1207020],[2786347,1206937],[2786246,1206862],[2786172,1206792],[2786139,1206768],[2786076,1206721],[2786059,1206600],[2785965,1206471],[2785962,1206425],[2786017,1206317],[2786065,1206209],[2785976,1206095],[2785908,1205975],[2785795,1205880],[2785743,1205797],[2785707,1205687],[2785698,1205623],[2785625,1205551],[2785543,1205525],[2785441,1205416],[2785400,1205305],[2785377,1205104],[2785449,1205013],[2785469,1204912],[2785416,1204754],[2785397,1204649],[2785315,1204525],[2785183,1204405],[2785104,1204225],[2785231,1204047],[2785313,1203900],[2785426,1203794],[2785522,1203750],[2785581,1203710],[2785619,1203653],[2785675,1203581],[2785678,1203385],[2785640,1203292],[2785619,1203202],[2785646,1203089],[2785596,1203000],[2785528,1202883],[2785456,1202817],[2785455,1202740],[2785520,1202587],[2785592,1202474],[2785583,1202315],[2785597,1202189],[2785601,1202057],[2785636,1201877],[2785603,1201751],[2785700,1201699],[2785830,1201716],[2785909,1201664],[2785884,1201595],[2785831,1201503],[2785735,1201487],[2785689,1201413],[2785595,1201109],[2785659,1201034],[2785783,1201067],[2785848,1201099],[2785933,1201107],[2786011,1201047],[2786109,1201025],[2786164,1200927],[2786259,1200889],[2786416,1200841],[2786507,1200816],[2786603,1200814],[2786713,1200791],[2786828,1200778],[2786910,1200759],[2786969,1200769],[2787065,1200726],[2787177,1200651],[2787242,1200569],[2787293,1200523],[2787375,1200440],[2787478,1200283],[2787676,1200203],[2787915,1200089],[2788319,1200152],[2788545,1200053],[2788653,1199892],[2788668,1199782],[2788728,1199701],[2788819,1199623],[2788947,1199533],[2789150,1199372],[2789354,1199282],[2789498,1199221],[2789640,1199193],[2789840,1199068],[2789942,1199021],[2790043,1198974],[2790198,1198893],[2790385,1198815],[2790518,1198814],[2790657,1198832],[2790789,1198825],[2790963,1198755],[2791070,1198807],[2791145,1198851],[2791227,1198893],[2791267,1198955],[2791437,1198980],[2791573,1199059],[2791673,1199113],[2791744,1199130],[2791966,1199175],[2792051,1199089],[2792127,1199061],[2792183,1198943],[2792269,1198842],[2792340,1198817],[2792403,1198821],[2792509,1198784],[2792650,1198826],[2792760,1198890],[2792918,1198922],[2792985,1198992],[2793022,1199111],[2793155,1199183],[2793297,1199205],[2793443,1199135],[2793517,1199051],[2793626,1198944],[2793651,1198819],[2793744,1198573],[2793712,1198394],[2793773,1198160],[2793894,1198117],[2794009,1198095],[2794124,1198062],[2794173,1197976],[2794233,1197896],[2794326,1197829],[2794432,1197747],[2794496,1197751],[2794593,1197751],[2794729,1197747],[2794795,1197749],[2794933,1197726],[2795046,1197619],[2795120,1197556],[2795243,1197476],[2795389,1197426],[2795506,1197400],[2795628,1197444],[2795732,1197469],[2795802,1197529],[2795868,1197578],[2795998,1197576],[2796092,1197581],[2796181,1197574],[2796310,1197587],[2796412,1197667],[2796550,1197677],[2796618,1197488],[2796729,1197389],[2796843,1197300],[2796897,1197210],[2797000,1197175],[2797106,1197120],[2797189,1197075],[2797277,1196912],[2797333,1196771],[2797388,1196610],[2797480,1196535],[2797620,1196362],[2797633,1196253],[2797715,1196211],[2797808,1196129],[2797881,1196138],[2797960,1196114],[2798052,1196125],[2798153,1196061],[2798224,1195960],[2798318,1195848],[2798389,1195638],[2798411,1195577],[2798442,1195439],[2798567,1195428],[2798727,1195349],[2798847,1195262],[2798963,1195158],[2799157,1195027],[2799200,1194963],[2799223,1194859],[2799159,1194721],[2799177,1194565],[2799149,1194492],[2799137,1194270],[2799150,1194105],[2799146,1194004],[2799141,1193917],[2799143,1193791],[2799166,1193636],[2799298,1193564],[2799460,1193389],[2799659,1193420],[2800103,1193394],[2800377,1193381],[2800776,1193424],[2801083,1193439],[2801209,1193418],[2801324,1193378],[2801464,1193309],[2801560,1193312],[2801622,1193305],[2801798,1193347],[2801947,1193405],[2802086,1193238],[2802315,1193106],[2802348,1192886],[2802289,1192662],[2802338,1192510],[2802363,1192327],[2802620,1192179],[2802710,1192065],[2802775,1191952],[2802892,1191871],[2803031,1191731],[2803095,1191667],[2803269,1191376],[2803391,1191203],[2803561,1191265],[2803684,1191309],[2803764,1191300],[2803927,1191374],[2804014,1191420],[2804095,1191507],[2804161,1191555],[2804345,1191616],[2804436,1191691],[2804492,1191855],[2804546,1191956],[2804655,1191987],[2804679,1192059],[2804723,1192079],[2804809,1192064],[2804941,1192049],[2805089,1192044],[2805213,1192035],[2805335,1192007],[2805414,1192014],[2805468,1192028],[2805564,1192023],[2805614,1192023],[2805833,1192025],[2806004,1192038],[2806111,1192105],[2806210,1192182],[2806290,1192249],[2806350,1192304],[2806373,1192444],[2806494,1192449],[2806587,1192466],[2806684,1192443],[2806758,1192441],[2806889,1192398],[2807131,1192369],[2807222,1192120],[2807291,1192157],[2807717,1192479],[2808224,1192482],[2808305,1192579],[2808332,1192706],[2808371,1192755],[2808451,1192814],[2808594,1192807],[2808692,1192808],[2808781,1192835],[2808883,1192861],[2808978,1192938],[2809110,1192988],[2809156,1193038],[2809228,1193146],[2809234,1193283],[2809251,1193350],[2809299,1193447],[2809374,1193499],[2809458,1193614],[2809520,1193660],[2809681,1193746],[2809789,1193835],[2809867,1193956],[2809936,1194069],[2809974,1194173],[2810066,1194273],[2810111,1194294],[2810226,1194308],[2810424,1194313],[2810521,1194276],[2810682,1194179],[2810783,1194112],[2810915,1194158],[2811095,1194174],[2811625,1194286],[2811855,1194412],[2812063,1194435],[2812201,1194361],[2812472,1194361],[2812705,1194354],[2812929,1194426],[2812883,1194571],[2812951,1194836],[2812974,1194994],[2812943,1195250],[2812920,1195382],[2812950,1195478],[2813017,1195617],[2813034,1195707],[2813043,1195829],[2813074,1195881],[2813075,1195970],[2813030,1196084],[2813040,1196191],[2813052,1196300],[2813070,1196354],[2813073,1196435],[2813038,1196503],[2812989,1196558],[2812867,1196702],[2812773,1196838],[2812592,1196928],[2812506,1197038],[2812472,1197160],[2812489,1197208],[2812435,1197294],[2812439,1197373],[2812468,1197453],[2812425,1197568],[2812362,1197663],[2812400,1197716],[2812469,1197775],[2812522,1197814],[2812580,1197840],[2812629,1197871],[2812765,1198056],[2812811,1198154],[2812934,1198386],[2812967,1198578],[2812929,1198747],[2812982,1198918],[2813015,1199189],[2813077,1199368],[2813089,1199507],[2813075,1199649],[2813106,1199721],[2813128,1199857],[2813229,1199923],[2813313,1199975],[2813395,1200038],[2813496,1200252],[2813427,1200458],[2813403,1200651],[2813378,1200771],[2813367,1200919],[2813378,1201029],[2813409,1201164],[2813416,1201368],[2813381,1201512],[2813374,1201640],[2815175,1201434],[2817404,1200707],[2817733,1200668],[2817851,1200912],[2818149,1201112],[2818603,1201192],[2818955,1201131],[2819127,1201192],[2819161,1201331],[2819150,1201456],[2819153,1201605],[2819154,1201684],[2819107,1201810],[2818984,1201979],[2818875,1202081],[2818786,1202159],[2818696,1202205],[2818601,1202304],[2818395,1202567],[2818290,1202773],[2818322,1202940],[2818458,1203136],[2818390,1203408],[2818388,1203521],[2818410,1203661],[2818503,1203866],[2818869,1204029],[2819011,1204068],[2819182,1204092],[2819660,1204171],[2819906,1204503],[2819973,1204789],[2819997,1204995],[2819975,1205169],[2819954,1205293],[2819977,1205481],[2820055,1205657],[2820168,1205890],[2820285,1206178],[2820761,1207117],[2820704,1207395],[2820813,1207532],[2820956,1207553],[2821044,1207638],[2821071,1207732],[2821102,1207869],[2821137,1208034],[2821158,1208305],[2821239,1208367],[2821342,1208505],[2821409,1208547],[2821604,1208601],[2821684,1208639],[2821789,1208711],[2821896,1208666],[2822023,1208657],[2822095,1208620],[2822172,1208645],[2822226,1208638],[2822301,1208634],[2822409,1208650],[2822581,1208629],[2822774,1208585],[2822938,1208582],[2823120,1208602],[2823194,1208762],[2823307,1208844],[2823481,1208988],[2823559,1209054],[2823670,1209230],[2823716,1209297],[2823831,1209449],[2823918,1209560],[2824010,1209641],[2824229,1209672],[2824332,1209704],[2825073,1209347],[2825690,1208472],[2825740,1208425],[2825779,1208375],[2825827,1208309],[2825899,1208226],[2825944,1208146],[2825977,1208089],[2826022,1208045],[2826053,1207991],[2826086,1207932],[2826180,1207846],[2826223,1207785],[2826294,1207749],[2826361,1207709],[2826428,1207696],[2826515,1207663],[2826576,1207651],[2826640,1207631],[2826700,1207600],[2826742,1207565],[2826775,1207538],[2826820,1207524],[2826860,1207458],[2826882,1207433],[2826957,1207381],[2827026,1207362],[2827075,1207323],[2827120,1207267],[2827151,1207205],[2827217,1207148],[2827281,1207078],[2827347,1206983],[2827356,1206900],[2827354,1206805],[2827384,1206734],[2827345,1206674],[2827356,1206605],[2827337,1206528],[2827305,1206478],[2827295,1206356],[2827287,1206291],[2827222,1206204],[2827201,1206116],[2827165,1206066],[2827100,1205973],[2827067,1205907],[2827085,1205807],[2827082,1205735],[2827085,1205673],[2827081,1205609],[2827067,1205480],[2827039,1205442],[2827019,1205387],[2827037,1205315],[2827136,1205240],[2827232,1205170],[2827319,1205103],[2827431,1204982],[2827519,1204915],[2827669,1204897],[2827830,1204923],[2827954,1204939],[2828017,1204909],[2828138,1204880],[2828239,1204872],[2828293,1204781],[2828368,1204714],[2828479,1204687],[2828577,1204721],[2828638,1204678],[2828725,1204676],[2828885,1204642],[2829015,1204600],[2829104,1204539],[2829201,1204548],[2829320,1204555],[2829407,1204568],[2829477,1204595],[2829546,1204616],[2829635,1204570],[2829702,1204432],[2829776,1204371],[2829869,1204365],[2829919,1204285],[2830024,1204268],[2830131,1204175],[2830246,1204114],[2830373,1204107],[2830481,1204046],[2830636,1204011],[2830724,1203873],[2830835,1203810],[2830896,1203752],[2830917,1203657],[2831018,1203539],[2831163,1203481],[2831193,1203405],[2831252,1203365],[2831365,1203292],[2831551,1203282],[2831685,1203230],[2831777,1203159],[2831859,1203162],[2831933,1203140],[2832034,1203125],[2832097,1203145],[2832209,1203063],[2832101,1202669],[2831974,1202397],[2832039,1202075],[2832203,1201708],[2832129,1201409],[2832115,1201172],[2832025,1200959],[2832075,1200750],[2832084,1200629],[2832038,1200442],[2831763,1200130],[2831557,1200012],[2831554,1199799],[2831480,1199303],[2831411,1199042],[2831319,1198763],[2831370,1198504],[2831355,1198264],[2831130,1197934],[2831050,1197725],[2830591,1197020],[2831140,1195782],[2831264,1193131],[2831182,1193054],[2831058,1192966],[2831026,1192826],[2830935,1192696],[2830898,1192598],[2830861,1192483],[2830804,1192391],[2830727,1192284],[2830783,1192095],[2830916,1191957],[2830899,1191788],[2830862,1191563],[2830661,1191451],[2830462,1191469],[2830416,1191232],[2830235,1191012],[2830260,1190862],[2830411,1190640],[2830473,1190444],[2830391,1190257],[2830181,1190054],[2830220,1189890],[2830208,1189715],[2830269,1189578],[2830342,1189406],[2830285,1189275],[2830217,1189130],[2830134,1189030],[2830110,1188816],[2830046,1188565],[2829915,1188309],[2829873,1188101],[2829719,1187920],[2829650,1187733],[2829360,1187566],[2828288,1187153],[2828158,1186869],[2828186,1186577],[2828121,1186463],[2827984,1186349],[2827871,1186097],[2828084,1186006],[2828318,1185898],[2828543,1185614],[2828702,1185385],[2828793,1185077],[2829026,1184918],[2829158,1184723],[2829248,1184578],[2829322,1184292],[2829344,1184069],[2829362,1183887],[2829434,1183648],[2829512,1183299],[2829532,1182867],[2829491,1182658],[2829443,1182402],[2829276,1182318],[2829113,1182336],[2828009,1181457],[2827162,1180764],[2827154,1180657],[2827003,1180568],[2826896,1180521],[2826811,1180396],[2826596,1180301],[2826362,1180125],[2826304,1180011],[2826511,1179858],[2826776,1179704],[2826967,1179561],[2827055,1179307],[2827091,1179144],[2827181,1179030],[2827342,1178871],[2827460,1178699],[2827683,1178591],[2827803,1178474],[2827723,1178345],[2827714,1178144],[2827701,1177963],[2827582,1177806],[2827565,1177660],[2827560,1177492],[2827603,1177392],[2827486,1177295],[2827395,1177173],[2827196,1177018],[2827013,1176947],[2826881,1176945],[2826735,1176926],[2826193,1175882],[2826003,1175303],[2825983,1175154],[2825866,1175061],[2825686,1175060],[2825578,1174930],[2825467,1174889],[2825113,1174604],[2825297,1174434],[2825421,1174280],[2825523,1174023],[2825568,1173953],[2825613,1173835],[2825749,1173697],[2825780,1173505],[2825866,1173346],[2825983,1173184],[2825955,1173028],[2825915,1172889],[2825876,1172800],[2825955,1172629],[2825982,1172566],[2825967,1172456],[2825969,1172333],[2826023,1172229],[2826041,1172053],[2826030,1171946],[2825954,1171804],[2826010,1171569],[2826010,1171451],[2826013,1171361],[2826197,1171216],[2826369,1171066],[2826370,1170806],[2826511,1170631],[2826597,1170508],[2826695,1170337],[2826731,1170047],[2826801,1169927],[2826820,1169780],[2826718,1169585],[2827514,1169200],[2828723,1169588],[2830015,1169753],[2831719,1168863],[2833134,1167582],[2833817,1167215],[2833835,1167069],[2833806,1166814],[2833682,1166628],[2833481,1166354],[2833300,1166064],[2833321,1165885],[2833503,1165540],[2833553,1165328],[2833521,1165133],[2833382,1164960],[2833353,1164756],[2833341,1164591],[2833399,1164453],[2833522,1164430],[2833594,1164282],[2833567,1164079],[2833470,1163751],[2833418,1163613],[2833353,1163487],[2833338,1163336],[2833406,1163143],[2833393,1162927],[2833272,1162821],[2833124,1162648],[2833061,1162497],[2832934,1162331],[2832916,1162164],[2832868,1161917],[2832738,1161787],[2832757,1161672],[2832691,1161494],[2832703,1161319],[2832774,1161184],[2832889,1160969],[2832976,1160826],[2832928,1160610],[2832875,1160481],[2832837,1160300],[2832769,1160075],[2832664,1159920],[2832522,1159727],[2832565,1159523],[2832604,1159377],[2832632,1159222],[2832462,1159044],[2832253,1159009],[2832051,1158926],[2831805,1158909],[2831621,1158800],[2831655,1158579],[2831277,1157958],[2829680,1158832],[2828841,1159468],[2828675,1159680],[2828578,1159822],[2828394,1159891],[2828275,1159844],[2828177,1159860],[2828070,1159796],[2827976,1159729],[2827894,1159674],[2827781,1159653],[2827722,1159576],[2827669,1159510],[2827562,1159449],[2827468,1159417],[2827351,1159327],[2827223,1159236],[2827133,1159177],[2826982,1159054],[2826705,1159094],[2826529,1159181],[2826279,1159312],[2826165,1159366],[2825922,1159572],[2825596,1159617],[2825404,1159749],[2825186,1159920],[2824907,1159962],[2824679,1160039],[2824505,1160117],[2824309,1160191],[2824122,1160210],[2823936,1160207],[2823770,1160174],[2823593,1160175],[2823395,1160193],[2823280,1160025],[2823210,1159840],[2823192,1159478],[2823059,1159378],[2822859,1159175],[2822706,1158922],[2822585,1158813],[2822405,1158727],[2822195,1158861],[2822099,1158997],[2821999,1159140],[2821884,1159242],[2821768,1159384],[2821431,1159621],[2821080,1159498],[2820897,1159340],[2820816,1159264],[2820493,1159222],[2820357,1159097],[2820159,1159199],[2820065,1159306],[2819977,1159355],[2819810,1159346],[2819570,1159306],[2819395,1159324],[2819074,1159477],[2819004,1159568],[2819009,1159777],[2819102,1160100],[2819089,1160259],[2819024,1160428],[2818840,1160609],[2818761,1160723],[2818572,1160969],[2818555,1161032],[2818520,1161155],[2818490,1161289],[2818488,1161422],[2818434,1161532],[2818327,1161642],[2818148,1161706],[2817936,1161702],[2817856,1161759],[2817731,1161800],[2817580,1161841],[2817381,1161961],[2817190,1162061],[2817155,1162219],[2817052,1162299],[2816904,1162369],[2816652,1162305],[2816508,1162305],[2816289,1162122],[2815964,1161855],[2815169,1162042],[2815015,1162389],[2815001,1162724],[2814982,1163032],[2814890,1163223],[2814844,1163461],[2814764,1163641],[2814787,1163847],[2814816,1164009],[2814866,1164117],[2814975,1164214],[2815087,1164436],[2815100,1164526],[2815168,1164689],[2815235,1164880],[2815411,1165051],[2815548,1165288],[2815565,1165406],[2815701,1165642],[2815818,1165782],[2816015,1165941],[2814502,1168399],[2814484,1168699],[2814336,1168681],[2814137,1168561],[2813933,1168444],[2813631,1168266],[2813436,1168101],[2813201,1167880],[2813092,1167593],[2812966,1167428],[2812967,1167219],[2812924,1167102],[2810901,1167423],[2808603,1166338],[2808421,1166370],[2808340,1166307],[2808184,1166230],[2808086,1166242],[2807881,1166223],[2807725,1166144],[2807598,1166031],[2807507,1165958],[2807340,1165851],[2807220,1165767],[2807105,1165753],[2806939,1165744],[2806785,1165730],[2806680,1165646],[2806670,1165484],[2806637,1165368],[2806490,1165386],[2806401,1165275],[2806316,1165210],[2806109,1165140],[2805920,1165105],[2805732,1165146],[2805495,1165146],[2805380,1165131],[2805095,1165226],[2804926,1165252],[2804779,1165341],[2804527,1165466],[2804380,1165606],[2804248,1165631],[2804077,1165641],[2803957,1165426],[2803915,1165226],[2803775,1164960],[2803843,1164797],[2803897,1164667],[2803955,1164489],[2803891,1164349],[2803804,1164237],[2803726,1164081],[2803712,1163938],[2803699,1163837],[2803681,1163697],[2803804,1163491],[2803934,1163341],[2804010,1163213],[2803986,1163151],[2803959,1163041],[2803943,1162952],[2803974,1162865],[2804049,1162717],[2804015,1162598],[2803873,1162438],[2803737,1162215],[2803666,1161988],[2803532,1161859],[2803323,1161824],[2803066,1161738],[2802822,1161697],[2802673,1161635],[2802454,1161641],[2802348,1161532],[2802411,1161249],[2802689,1161016],[2802889,1160738],[2802814,1160630],[2802730,1160532],[2802689,1160414],[2802566,1160291],[2802430,1160138],[2802166,1159958],[2801839,1159593],[2801718,1159060],[2801606,1158818],[2801416,1158749],[2801235,1158584],[2801131,1158297],[2800805,1158170],[2800597,1158146],[2800311,1158131],[2800059,1158078],[2799890,1157757],[2799806,1157608],[2799814,1157366],[2799958,1157137],[2800178,1156993],[2800360,1156897],[2800561,1156737],[2800575,1156607],[2800476,1156559],[2800369,1156436],[2800408,1156260],[2800462,1156204],[2800531,1156034],[2800593,1155886],[2800629,1155624],[2800638,1155263],[2800590,1155028],[2800524,1154807],[2800458,1154650],[2800276,1154508],[2800064,1154343],[2799823,1154303],[2799828,1154131],[2799852,1153930],[2799916,1153769],[2799981,1153561],[2800055,1153441],[2800108,1153370],[2800301,1153216],[2800276,1153014],[2800148,1152849],[2800114,1152662],[2800052,1152420],[2800065,1152208],[2800231,1151949],[2800303,1151705],[2800188,1151531],[2800051,1151349],[2799977,1151151],[2799949,1150987],[2799981,1150754],[2800116,1150636],[2800281,1150509],[2800383,1150360],[2800551,1150199],[2800659,1150061],[2800665,1149816],[2800661,1149611],[2800731,1149406],[2800894,1149294],[2800763,1148797],[2800356,1148331],[2800310,1148237],[2800121,1148161],[2800046,1148005],[2799995,1147671],[2799971,1147388],[2799822,1147191],[2799963,1146927],[2800087,1146755],[2800268,1146731],[2800770,1146589],[2800991,1146513],[2801182,1146482],[2801232,1146102],[2801288,1145959],[2801328,1145705],[2801324,1145607],[2801365,1145458],[2801488,1145260],[2801565,1145171],[2801806,1145072],[2802648,1145265],[2802807,1145235],[2802961,1145106],[2803015,1144915],[2802961,1144738],[2802988,1144566],[2803137,1144515],[2803344,1144545],[2803462,1144532],[2803564,1144544],[2803753,1144661],[2803908,1144688],[2804120,1144678],[2804196,1144619],[2804368,1144564],[2804543,1144578],[2804708,1144765],[2804735,1144946],[2804852,1145009],[2805074,1145124],[2805147,1145247],[2805323,1145293],[2805516,1145221],[2805609,1145183],[2805755,1145142],[2805920,1145205],[2805929,1145319],[2806019,1145509],[2806156,1145589],[2806303,1145614],[2806422,1145661],[2806591,1145649],[2806698,1145724],[2806892,1145801],[2806968,1145657],[2807058,1145527],[2807237,1145500],[2807390,1145506],[2807488,1145520],[2807712,1145449],[2807842,1145404],[2807799,1145318],[2807947,1145046],[2808177,1144908],[2808207,1144597],[2808256,1144369],[2808312,1144118],[2808285,1143944],[2808491,1143906],[2808702,1143952],[2808878,1144067],[2809119,1144114],[2809313,1143916],[2809447,1143698],[2809559,1143515],[2809607,1143407],[2809679,1143305],[2809723,1143186],[2809619,1143102],[2809488,1142969],[2809400,1142828],[2809415,1142595],[2809431,1142316],[2809468,1142197],[2809485,1142095],[2809522,1141968],[2809499,1141847],[2809495,1141680],[2809559,1141567],[2809564,1141488],[2809588,1141312],[2809520,1141212],[2809459,1141009],[2809362,1140980],[2809296,1140884],[2809223,1140788],[2809186,1140776],[2809048,1140716],[2808903,1140706],[2808807,1140728],[2808604,1140743],[2808382,1140837],[2808175,1140835],[2807982,1140789],[2807825,1140695],[2807724,1140570],[2807634,1140511],[2807562,1140476],[2807440,1140358],[2807322,1140227],[2807261,1140171],[2807127,1140045],[2807047,1139974],[2806943,1139901],[2806828,1139770],[2806907,1139474],[2806901,1139352],[2806807,1139236],[2806770,1139150],[2806763,1139091],[2806766,1138925],[2806851,1138833],[2806894,1138644],[2806908,1138483],[2806982,1138237],[2807030,1138054],[2807001,1137925],[2806927,1137889],[2806760,1137797],[2806627,1137765],[2806427,1137583],[2806224,1137449],[2806076,1137247],[2805990,1137122],[2805879,1137044],[2805696,1136985],[2805608,1137015],[2805494,1136959],[2805432,1136757],[2805482,1136570],[2805510,1136411],[2805552,1136238],[2805480,1136004],[2805352,1135848],[2805359,1135708],[2805355,1135566],[2805290,1135425],[2805275,1135270],[2805290,1135106],[2805293,1134929],[2805239,1134835],[2805314,1134682],[2805438,1134493],[2805592,1134319],[2805690,1134148],[2805755,1134034],[2805897,1133749],[2805948,1133555],[2806016,1133346],[2806083,1133123],[2806165,1132942],[2806241,1132707],[2806409,1132619],[2806532,1132547],[2806776,1132502],[2806871,1132426],[2807052,1132315],[2807141,1132203],[2807248,1132088],[2807465,1131990],[2807533,1131914],[2807638,1131858],[2807783,1131820],[2807932,1131739],[2808003,1131604],[2807976,1131478],[2807955,1131372],[2807993,1131253],[2808064,1131120],[2808248,1130966],[2808362,1130887],[2808476,1130838],[2808689,1130640],[2808815,1130617],[2808942,1130595],[2809071,1130592],[2809123,1130515],[2809247,1130380],[2809306,1130299],[2809403,1130096],[2809382,1129939],[2809305,1129802],[2809241,1129690],[2809433,1129534],[2809751,1129430],[2809887,1129245],[2809860,1129101],[2809846,1128963],[2809855,1128829],[2809829,1128715],[2809886,1128540],[2809994,1128422],[2809995,1128167],[2810073,1128059],[2810199,1128049],[2810301,1127978],[2810420,1127873],[2810537,1127757],[2810669,1127587],[2810748,1127453],[2810802,1127273],[2810857,1127089],[2810972,1126833],[2811040,1126680],[2808953,1123890],[2807246,1122800],[2805554,1123172],[2804765,1123058],[2804573,1123083],[2804343,1123010],[2804125,1122909],[2803944,1122827],[2803623,1122461],[2803451,1122262],[2803321,1122131],[2803201,1122005],[2803043,1121819],[2802713,1122084],[2801978,1122656],[2801846,1122746],[2801760,1122818],[2801559,1122939],[2801386,1122890],[2801347,1123002],[2801194,1123073],[2800996,1123138],[2800975,1123264],[2801023,1123335],[2801106,1123389],[2801249,1123469],[2801375,1123500],[2801493,1123661],[2801576,1123745],[2801682,1123845],[2801713,1123998],[2801733,1124156],[2801667,1124371],[2801671,1124513],[2801731,1124614],[2801886,1124718],[2801922,1124836],[2801912,1125060],[2801988,1125111],[2802107,1125160],[2802161,1125285],[2802160,1125409],[2802097,1125604],[2802012,1125763],[2802010,1125964],[2801927,1126146],[2801819,1126198],[2801844,1126254],[2801923,1126394],[2801848,1126570],[2801759,1126747],[2801734,1126889],[2801729,1127119],[2801674,1127238],[2801580,1127314],[2801423,1127321],[2801153,1127426],[2801084,1127473],[2800992,1127574],[2800868,1127602],[2800773,1127653],[2800641,1127808],[2800459,1127919],[2800381,1128016],[2800259,1128075],[2800135,1128170],[2800004,1128199],[2799925,1128240],[2799840,1128301],[2799620,1128412],[2799513,1128450],[2799291,1128467],[2799192,1128482],[2799076,1128520],[2798988,1128558],[2798914,1128573],[2798775,1128600],[2798674,1128600],[2798552,1128633],[2798423,1128683],[2798373,1128687],[2798165,1128742],[2798040,1128734],[2797941,1128789],[2797867,1128829],[2797663,1128880],[2797503,1128934],[2797346,1128984],[2796948,1129502],[2796921,1129741],[2796788,1130012],[2796699,1130441],[2796972,1130506],[2797036,1130595],[2797091,1130689],[2797159,1130742],[2797214,1130883],[2797274,1130967],[2797365,1131114],[2797280,1131287],[2797263,1131397],[2797163,1131378],[2797132,1131503],[2797050,1131604],[2797128,1131808],[2797260,1131935],[2797280,1132042],[2797247,1132140],[2797268,1132290],[2797126,1132373],[2796982,1132377],[2796833,1132427],[2796795,1132516],[2796683,1132578],[2796606,1132667],[2796469,1132760],[2796336,1132869],[2796188,1132983],[2796111,1133117],[2795906,1133226],[2795714,1133352],[2795736,1133423],[2795835,1133712],[2795983,1133947],[2796004,1134173],[2796103,1134378],[2796069,1134476],[2796106,1134626],[2796266,1134768],[2796394,1134888],[2796492,1135009],[2796478,1135206],[2796775,1135459],[2796789,1135960],[2796750,1136132],[2796750,1136297],[2796851,1136515],[2796712,1136632],[2796458,1136619],[2796251,1136612],[2796076,1136562],[2795924,1136707],[2795620,1136922],[2795508,1137003],[2795327,1137158],[2795211,1137231],[2795126,1137220],[2795055,1137296],[2795011,1137359],[2794918,1137435],[2794797,1137549],[2794354,1137838],[2793970,1138400],[2793670,1139062],[2793810,1139351],[2793696,1139497],[2793298,1139486],[2792902,1139329],[2792632,1139281],[2792416,1139157],[2792044,1139005],[2791837,1138862],[2791660,1138555],[2791763,1138293],[2791575,1138073],[2791285,1138010],[2791169,1138386],[2790980,1138581],[2790846,1138550],[2790718,1138480],[2790624,1138504],[2790210,1139194],[2790037,1139479],[2789927,1139557],[2789843,1139593],[2789681,1139491],[2789540,1139410],[2789384,1139280],[2789299,1139176],[2789096,1139113],[2788967,1139060],[2788892,1138990],[2788738,1138943],[2788607,1138855],[2788509,1138779],[2788421,1138767],[2788297,1138693],[2788108,1138684],[2788095,1138560],[2788061,1138457],[2788013,1138386],[2787973,1138316],[2787933,1138221],[2787870,1138133],[2787758,1138084],[2787679,1137992],[2787491,1137847],[2787327,1137750],[2786951,1137448],[2786770,1137647],[2786563,1137586],[2786412,1137665],[2786096,1137612],[2786014,1137519],[2785902,1137510],[2785791,1137549],[2785718,1137524],[2785449,1137603],[2785354,1137480],[2785199,1137331],[2785050,1137311],[2784929,1137294],[2784828,1137360],[2784683,1137332],[2784606,1137241],[2784436,1137180],[2784326,1137198],[2784154,1137119],[2784125,1136981],[2783912,1136635],[2783807,1136574],[2783600,1136336],[2783386,1136176],[2783298,1136071],[2783200,1135976],[2783041,1135916],[2782834,1135914],[2782639,1135805],[2782435,1135690],[2782245,1135596],[2782113,1135486],[2781977,1135269],[2781797,1135217],[2781641,1135206],[2781467,1135173],[2781220,1135111],[2781101,1135080],[2780911,1134901],[2780712,1134850],[2780476,1134625],[2780341,1134487],[2780278,1134418],[2780171,1134292],[2780088,1134198],[2779933,1134184],[2779749,1134238],[2779610,1134249],[2779302,1134371],[2779095,1134453],[2778984,1134573],[2778852,1134672],[2778639,1134961],[2778530,1135114],[2778371,1135281],[2778144,1135369],[2777963,1135439],[2777772,1135536],[2777663,1135625],[2777620,1135722],[2777509,1135808],[2777386,1135956],[2777266,1135876],[2777185,1135829],[2777074,1135766],[2776965,1135856],[2776653,1135636],[2776437,1135323],[2776186,1135166],[2775970,1134883],[2775859,1134674],[2776050,1134362],[2776072,1134172],[2776173,1133899],[2776117,1133740],[2775935,1133638],[2775923,1133474],[2775772,1133260],[2775665,1133220],[2775579,1133152],[2775509,1132935],[2775507,1132749],[2775526,1132583],[2775657,1132533],[2775818,1132543],[2775953,1132510],[2776113,1132383],[2776163,1132238],[2776132,1132133],[2776135,1132061],[2776153,1131821],[2776167,1131678],[2776098,1131458],[2776089,1131347],[2776044,1131264],[2775934,1131203],[2775839,1131114],[2775742,1131031],[2775684,1130920],[2775586,1130859],[2775586,1130751],[2775512,1130547],[2775426,1130321],[2775391,1130097],[2775375,1129801],[2775384,1129571],[2775288,1129361],[2775166,1129345],[2774998,1129264],[2774819,1129261],[2774716,1129256],[2774681,1129240],[2774559,1129160],[2774396,1129117],[2774305,1129178],[2774254,1129205],[2774103,1129229],[2773969,1129311],[2773803,1129397],[2773654,1129427],[2773531,1129398],[2773384,1129390],[2773259,1129429],[2773087,1129587],[2772984,1129676],[2772798,1129796],[2772786,1129988],[2772603,1130235],[2772482,1130289],[2772433,1130389],[2772074,1130185],[2771943,1129967],[2771885,1129746],[2771794,1129619],[2771697,1129639],[2771388,1129712],[2771265,1129603],[2771169,1129594],[2771092,1129535],[2771010,1129474],[2770908,1129372],[2770833,1129311],[2770753,1129254],[2770586,1129246],[2770485,1129205],[2770387,1129115],[2770379,1128878],[2770229,1128854],[2770098,1128784],[2770015,1128741],[2769859,1128617],[2769603,1128489],[2769479,1128484],[2769296,1128461],[2769152,1128460],[2769006,1128484],[2768812,1128568],[2768649,1128612],[2768579,1128589],[2768420,1128635],[2768264,1128606],[2768107,1128605],[2767995,1128562],[2767862,1128749],[2767738,1128821],[2767640,1128943],[2767504,1129062],[2767374,1129259],[2767294,1129321],[2767154,1129304],[2766970,1129334],[2766819,1129352],[2766678,1129352],[2766431,1129418],[2766294,1129332],[2766150,1129298],[2766019,1129207],[2765892,1129230],[2765802,1129301],[2765711,1129336],[2765536,1129322],[2765430,1129330],[2765319,1129267],[2765203,1129286],[2765121,1129370],[2764949,1129326],[2764830,1129370],[2764716,1129512],[2764598,1129614],[2764506,1129680],[2764443,1129769],[2764354,1129761],[2764233,1129774],[2764076,1129866],[2763955,1130001],[2763820,1130040],[2763695,1130079],[2763626,1130103],[2763548,1130192],[2763502,1130260],[2763467,1130427],[2763422,1130516],[2763301,1130545],[2763097,1130521],[2763019,1130490],[2762957,1130391],[2762856,1130246],[2762776,1130187],[2762701,1130118],[2761989,1130532],[2761763,1130761],[2761582,1130986],[2761390,1131124],[2761239,1131314],[2761140,1131461],[2760982,1131649],[2760851,1131795],[2760728,1131961],[2760632,1132129],[2760546,1132295],[2760255,1132612],[2760133,1132822],[2760109,1132964],[2760072,1133209],[2759838,1133346],[2759748,1133533],[2759678,1133714],[2759587,1133831],[2759559,1133972],[2759546,1134136],[2759507,1134290],[2759464,1134452],[2759402,1134680],[2759371,1134902],[2759300,1135075],[2759292,1135262],[2759265,1135469],[2759077,1135535],[2758932,1135688],[2758755,1135849],[2758657,1135982],[2758615,1136367],[2758420,1136749],[2758189,1136922],[2757860,1137008],[2757656,1137069],[2757302,1137139],[2757171,1137295],[2757036,1137556],[2756871,1137539],[2756764,1137499],[2756703,1137536],[2756597,1137621],[2756496,1137685],[2756307,1137700],[2756116,1137798],[2755915,1137837],[2755690,1137977],[2755592,1138074],[2755668,1138281],[2755742,1138546],[2755594,1138800],[2755655,1138921],[2755887,1139006],[2755926,1139134],[2755966,1139269],[2756060,1139376],[2756162,1139488],[2756120,1139596],[2756023,1139716],[2755962,1139881],[2755939,1140107],[2755945,1140279],[2755948,1140477],[2755890,1140634],[2755856,1140807],[2755823,1140951],[2755769,1141139],[2755752,1141288],[2755677,1141449],[2755636,1141577],[2755588,1141658],[2755527,1141774],[2755553,1141928],[2755522,1142072],[2755420,1142243],[2755274,1142359],[2755187,1142438],[2755082,1142531],[2755018,1142698],[2754980,1142867],[2754955,1142992],[2755015,1143358],[2755023,1143592],[2755049,1143742],[2755111,1144047],[2755149,1144202],[2755160,1144364],[2755191,1144483],[2755147,1144744],[2755157,1144902],[2755296,1145204],[2755336,1145373],[2755342,1145557],[2755299,1145732],[2755280,1146046],[2755292,1146175],[2755278,1146542],[2755192,1146866],[2755171,1147095],[2755202,1147356],[2755252,1147574],[2755215,1147723],[2755247,1147888],[2755424,1147995],[2755525,1148122],[2755616,1148321],[2755670,1148474],[2755612,1148613],[2755566,1148743],[2755559,1148905],[2755525,1149058],[2755501,1149234],[2755514,1149506],[2755435,1149676],[2755274,1150205],[2755277,1150450],[2755311,1150678],[2755345,1150892],[2755318,1151304],[2755362,1151595],[2755333,1151819],[2755255,1152163],[2755445,1152708],[2755100,1152776],[2753179,1151569],[2753158,1151428],[2753004,1151300],[2752936,1151150],[2752804,1150913],[2752684,1150852],[2752571,1150712],[2752493,1150567],[2752499,1150347],[2752559,1150281],[2752557,1150118],[2752481,1149911],[2752473,1149837],[2752459,1149727],[2752474,1149605],[2752474,1149515],[2752480,1149376],[2752470,1149170],[2752380,1149023],[2752232,1148885],[2752126,1148795],[2752014,1148718],[2751966,1148622],[2751909,1148515],[2751818,1148395],[2751735,1148271],[2751662,1148189],[2751549,1148088],[2751409,1148100],[2751297,1148093],[2750979,1148263],[2750825,1148312],[2750631,1148376],[2750455,1148364],[2750303,1148567],[2750099,1148680],[2749906,1148718],[2749848,1148770],[2749821,1148941],[2749699,1149142],[2749698,1149322],[2749493,1149535],[2749484,1149625],[2749356,1149778],[2749195,1149841],[2749015,1149957],[2748831,1149941],[2748750,1150057],[2748696,1150272],[2748609,1150425],[2748403,1150490],[2748332,1150607],[2748267,1150774],[2748208,1150904],[2748158,1151009],[2748151,1151168],[2748279,1151483],[2748391,1151581],[2748491,1151606],[2748504,1151774],[2748495,1151949],[2748500,1152084],[2748396,1152161],[2748247,1152223],[2748015,1152358],[2747932,1152484],[2747822,1152588],[2747805,1152635],[2747738,1152701],[2747616,1152687],[2747520,1152624],[2747454,1152546],[2747340,1152396],[2747226,1152224],[2747127,1152154],[2746737,1152249],[2746527,1152201],[2746332,1152136],[2746238,1152106],[2746059,1152068],[2745864,1152043],[2745867,1152118],[2745830,1152233],[2744437,1152131],[2744174,1152089],[2744004,1152034],[2743717,1152028],[2743588,1151939],[2743447,1151831],[2743320,1151721],[2743059,1151628],[2742696,1151447],[2742468,1151403],[2742326,1151356],[2742196,1151258],[2741915,1151212],[2741790,1151208],[2741601,1151182],[2741466,1150884],[2741379,1150760],[2741273,1150540],[2741326,1150387],[2741217,1150210],[2741275,1150121],[2741170,1150014],[2741124,1149888],[2741013,1149767],[2740939,1149658],[2740993,1149443],[2741090,1149321],[2741187,1149214],[2741155,1149023],[2741105,1148761],[2741142,1148567],[2741082,1148338],[2741024,1148238],[2740946,1148143],[2740963,1147899],[2740945,1147795],[2740975,1147625],[2741015,1147451],[2741134,1147337],[2741261,1147272],[2741203,1147126],[2741095,1147030],[2741066,1146954],[2741051,1146845],[2740985,1146755],[2740894,1146617],[2740851,1146500],[2740748,1146488],[2740701,1146321],[2740487,1146172],[2740375,1146059],[2740288,1146038],[2740051,1145934],[2739746,1145897],[2739571,1145859],[2739404,1145845],[2739190,1145672],[2739041,1145566],[2739048,1144872],[2739086,1144715],[2739108,1144599],[2739105,1143981],[2739146,1143874],[2739318,1143722],[2739422,1143623],[2739485,1143575],[2739571,1143460],[2739684,1143389],[2739783,1143357],[2739858,1143244],[2740059,1143136],[2740129,1143048],[2740189,1142887],[2740289,1142648],[2740426,1142598],[2740635,1142540],[2740757,1142492],[2741025,1142617],[2741219,1142484],[2741276,1142365],[2741324,1142105],[2741511,1142024],[2741577,1141930],[2741618,1141822],[2741651,1141714],[2741684,1141596],[2741686,1141376],[2741732,1141204],[2741749,1140915],[2741611,1140825],[2741652,1140682],[2741740,1140564],[2741696,1140448],[2741663,1140338],[2741568,1140190],[2741413,1140016],[2741302,1139850],[2741343,1139707],[2741401,1139583],[2741446,1139397],[2741532,1139197],[2741680,1139031],[2741798,1138954],[2741923,1138896],[2741965,1138849],[2741955,1138663],[2741859,1138498],[2741748,1138376],[2741686,1138145],[2741536,1138021],[2741549,1137841],[2741495,1137675],[2741416,1137525],[2741327,1137481],[2741313,1137430],[2741400,1137331],[2741457,1137120],[2741441,1136998],[2741453,1136895],[2741395,1136797],[2741530,1136739],[2741593,1136657],[2741636,1136491],[2741714,1136269],[2741785,1136019],[2741864,1135814],[2741966,1135725],[2742083,1135686],[2742298,1135651],[2742472,1135598],[2742641,1135536],[2742759,1135506],[2742914,1135490],[2742972,1135411],[2743015,1135278],[2743081,1135173],[2743059,1134948],[2743014,1134858],[2742972,1134772],[2743068,1134699],[2743152,1134526],[2743156,1134447],[2743201,1134304],[2743267,1134184],[2743212,1133988],[2743142,1133939],[2743064,1133882],[2743036,1133820],[2742965,1133749],[2742892,1133708],[2742808,1133588],[2742743,1133491],[2742700,1133330],[2742738,1133188],[2742777,1133091],[2742818,1132884],[2742863,1132754],[2742993,1132589],[2743052,1132511],[2743280,1132381],[2743221,1132221],[2743164,1132078],[2742986,1131908],[2743006,1131736],[2742987,1131640],[2742978,1131462],[2742977,1131286],[2742886,1131170],[2742769,1131088],[2742561,1131020],[2742207,1130883],[2742149,1130684],[2742067,1130544],[2742024,1130434],[2741997,1130226],[2742089,1130028],[2742117,1129862],[2742161,1129666],[2742180,1129472],[2742240,1129326],[2742212,1129155],[2742234,1128991],[2742072,1128875],[2741925,1128748],[2741819,1128656],[2741743,1128581],[2741598,1128452],[2741452,1128314],[2741352,1128180],[2741262,1128069],[2741254,1127896],[2741179,1127781],[2741116,1127638],[2741071,1127476],[2741018,1127324],[2740913,1127236],[2740827,1127199],[2740708,1127131],[2740641,1127059],[2740514,1127006],[2740371,1126929],[2740309,1126789],[2740347,1126560],[2740324,1126446],[2740313,1126321],[2740269,1126106],[2740194,1125949],[2740149,1125841],[2739979,1125753],[2739888,1125644],[2739785,1125589],[2739717,1125489],[2739686,1125466],[2739792,1125373],[2739850,1125172],[2739888,1125012],[2739840,1124902],[2739775,1124759],[2739721,1124618],[2739659,1124437],[2739587,1124326],[2739609,1124234],[2739660,1124123],[2739688,1124012],[2739762,1123830],[2739735,1123706],[2739704,1123568],[2739618,1123507],[2739554,1123365],[2739647,1123174],[2739657,1123021],[2739624,1122921],[2739641,1122797],[2739646,1122695],[2739675,1122532],[2739651,1122374],[2739608,1122177],[2739595,1122097],[2739599,1122004],[2739596,1121877],[2739521,1121819],[2739496,1121755],[2739361,1121690],[2739201,1121707],[2739117,1121724],[2739026,1121686],[2738907,1121693],[2738787,1121779],[2738614,1121803],[2738478,1121757],[2738388,1121717],[2738290,1121693],[2738192,1121596],[2738119,1121560],[2737959,1121480],[2737831,1121411],[2737641,1121350],[2737490,1121218],[2737499,1121059],[2737562,1120913],[2737620,1120778],[2737586,1120613],[2737488,1120469],[2737436,1120339],[2737384,1120083],[2737315,1119913],[2737357,1119753],[2737338,1119631],[2737194,1119488],[2737097,1119358],[2737033,1119264],[2736912,1119257],[2736735,1119201],[2736531,1119164],[2736408,1119167],[2736294,1119073],[2736176,1118997],[2736104,1118922],[2736029,1118744],[2736007,1118473],[2735925,1118232],[2735833,1118107],[2735785,1117961],[2735773,1117863],[2735743,1117753],[2735774,1117610],[2735691,1117460],[2735645,1117345],[2735566,1117179],[2735610,1117015],[2735618,1116932],[2735651,1116767],[2735782,1116653],[2735761,1116489],[2735610,1116262],[2735619,1116107],[2735636,1115977],[2735591,1115845],[2735592,1115735],[2735486,1115595],[2735339,1115528],[2735268,1115406],[2735102,1115268],[2735031,1115187],[2734963,1115099],[2734889,1115003],[2734820,1114864],[2734814,1114785],[2734743,1114689],[2734547,1114569],[2734405,1114632],[2734324,1114705],[2734149,1114749],[2734067,1114754],[2733913,1114757],[2733699,1114851],[2733534,1114774],[2733235,1114752],[2733053,1114696],[2732920,1114596],[2732425,1114636],[2732042,1114945],[2731263,1115559],[2730770,1116066],[2730690,1116297],[2730433,1116955],[2730235,1117275],[2729906,1117555],[2729698,1117935],[2728908,1118515],[2728075,1118878],[2727525,1119140],[2727143,1119529],[2727003,1120001],[2726868,1120362],[2726883,1120415],[2726894,1120506],[2726875,1120572],[2726734,1121032],[2726366,1121496],[2726169,1121391],[2726084,1121517],[2726056,1121590],[2726001,1121666],[2725939,1121732],[2725931,1121794],[2726155,1121951],[2726289,1124661],[2725944,1125290],[2725433,1125744],[2725132,1126407],[2724776,1126934],[2724639,1127424],[2724597,1127690],[2724465,1128160],[2724700,1128494],[2725024,1128756],[2725179,1129103],[2725397,1129408],[2725684,1129781],[2725856,1130003],[2726001,1130641],[2725696,1131197],[2725303,1131593],[2725273,1132095],[2725567,1132567],[2725513,1132646],[2725402,1132770],[2725332,1132954],[2725445,1133174],[2725492,1133338],[2725558,1133503],[2725506,1133628],[2725571,1133768],[2725703,1133787],[2725845,1133911],[2725957,1134019],[2726186,1134154],[2726407,1134274],[2726566,1134381],[2726896,1134404],[2726984,1134754],[2727143,1135064],[2727243,1135205],[2727295,1135413],[2727344,1135656],[2727368,1135916],[2727372,1136172],[2727309,1136703],[2727421,1137323],[2727272,1137599],[2727250,1137878],[2727183,1138088],[2727082,1138329],[2727021,1138559],[2726902,1138978],[2727034,1139417],[2727222,1139744],[2727426,1139929],[2727421,1140155],[2727127,1140390],[2726989,1140639],[2727076,1140851],[2727330,1140955],[2727589,1141130],[2727807,1141227],[2727948,1141491],[2727791,1142040],[2727581,1142327],[2727488,1142538],[2727356,1142875],[2727135,1143180],[2727008,1143456],[2726849,1143712],[2726874,1144178],[2726783,1144477],[2726727,1144771],[2726701,1145015],[2726845,1145233],[2727031,1146014],[2727156,1146401],[2727209,1146717],[2727119,1147108],[2726896,1147432],[2726712,1147624],[2726599,1147797],[2726488,1148146],[2726117,1148657],[2725892,1148746],[2725632,1148913],[2725341,1148896],[2725118,1148798],[2724724,1148617],[2724230,1148549],[2723962,1148636],[2723815,1148827],[2723558,1148905],[2723405,1149066],[2723512,1149217],[2723532,1149433],[2723375,1149735],[2723181,1149846],[2722916,1150032],[2722888,1150222],[2722941,1150443],[2722799,1150625],[2722663,1150952],[2722490,1151205],[2722187,1151418],[2722015,1151533],[2721927,1151703],[2721776,1151872],[2721645,1152053],[2721562,1152351],[2721511,1152521],[2721534,1152732],[2721510,1153069],[2721529,1153371],[2721403,1153635],[2721361,1153976],[2721342,1154191],[2721076,1154504],[2721390,1154824],[2721472,1155082],[2721468,1155328],[2721409,1155654],[2721319,1156089],[2721245,1156414],[2721370,1156698],[2721500,1156966],[2721583,1157155],[2721568,1157366],[2721514,1157524],[2721661,1157730],[2721752,1157939],[2721783,1158125],[2721736,1158328],[2721819,1158513],[2721903,1158690],[2721953,1158870],[2722018,1159044],[2722133,1159198],[2722255,1159344],[2722388,1159439],[2722388,1159660],[2722406,1159805],[2722441,1159906],[2722480,1160076],[2722566,1160268],[2722846,1160384],[2722923,1160643],[2722935,1160982],[2722710,1161174],[2722414,1161310],[2722227,1161542],[2722241,1161746],[2722229,1161940],[2722193,1162205],[2721746,1162137],[2720979,1162539],[2720695,1162799],[2720509,1163063],[2720231,1163216],[2718365,1163115],[2717263,1162482],[2716806,1162427],[2716271,1165503],[2716094,1165617],[2715874,1165567],[2715811,1165345],[2715819,1165115],[2715702,1164700],[2715417,1164392],[2715187,1164190],[2714877,1164205],[2714570,1164345],[2714144,1164430],[2713805,1164622],[2713517,1164481],[2713379,1164263],[2713144,1164210],[2712785,1164055],[2712658,1163832],[2712448,1163650],[2712383,1163249],[2712504,1162828],[2712710,1162367],[2712857,1162262],[2712956,1162071],[2713161,1161929],[2713285,1161660],[2713144,1161442],[2713148,1161147],[2712910,1160852],[2712591,1160540],[2712283,1160251],[2710411,1159392],[2710317,1159258],[2710154,1159132],[2709866,1159071],[2709532,1159007],[2709367,1158964],[2709184,1158894],[2709022,1158730],[2708689,1158625],[2708459,1158507],[2708268,1158361],[2707546,1157859],[2707172,1157826],[2706954,1157858],[2706723,1158039],[2706647,1158328],[2703238,1158262],[2701207,1158873],[2700801,1159016],[2700555,1159139],[2700412,1159041],[2700299,1158927],[2700177,1158818],[2700044,1158713],[2699822,1158724],[2699663,1158720],[2699563,1158809],[2699442,1158886],[2699219,1158985],[2699043,1159053],[2698908,1159117],[2698820,1159188],[2698673,1159053],[2698496,1158916],[2698343,1158760],[2698207,1158659],[2698006,1158557],[2697809,1158602],[2697599,1158671],[2697218,1158829],[2697074,1158994],[2697067,1159165],[2696890,1159399],[2696658,1159458],[2696560,1159597],[2696411,1159634],[2696311,1159578],[2696007,1159507],[2695771,1159551],[2695522,1159539],[2695329,1159378],[2695154,1159349],[2694908,1161528],[2694897,1161837],[2694943,1162060],[2695055,1162421],[2694958,1163333],[2694678,1163930],[2694037,1164004],[2693768,1164301],[2693441,1164533],[2693379,1164870],[2693271,1165106],[2693102,1165298],[2692838,1165532],[2693039,1166060],[2693233,1166556],[2693103,1167247],[2694775,1169287],[2694522,1170051],[2694531,1170379],[2694586,1171059],[2694479,1171704],[2695137,1172216],[2695778,1172778],[2696284,1173209],[2696773,1173100],[2697330,1172904],[2697812,1173333],[2698150,1173638],[2698722,1173865],[2699010,1174228],[2699817,1174772],[2700127,1175423],[2699858,1176444],[2700196,1176972],[2700860,1177565],[2701334,1177857],[2701702,1177840],[2701723,1177583],[2701885,1177415],[2702069,1177100],[2702251,1176750],[2702353,1176537],[2702793,1176177],[2703400,1176448],[2703919,1176505],[2704301,1176724],[2704702,1176902],[2705009,1177155],[2704942,1178253],[2705100,1178564],[2705206,1179308],[2705428,1179640],[2705411,1179960],[2705728,1180147],[2705929,1180364],[2706370,1180189],[2706495,1180675],[2706198,1181550],[2706093,1181904],[2706137,1182368],[2705972,1182870],[2706199,1183291],[2706495,1183540],[2707071,1183463],[2707591,1183498],[2707585,1183974],[2708017,1184256],[2708329,1184660],[2708772,1184877],[2709316,1185055],[2709586,1185241],[2709750,1185618],[2709777,1185645]]]}},{"type":"Feature","properties":{"KANTONSNUM":2,"NAME":"Bern"},"geometry":{"type":"Polygon","coordinates":[[[2646449,1181951],[2647818,1181969],[2648539,1181876],[2649639,1182026],[2649824,1181633],[2650170,1181217],[2650654,1180576],[2651397,1180496],[2651917,1180200],[2652447,1179938],[2652686,1179756],[2652951,1179519],[2653392,1179075],[2653532,1178920],[2653758,1178755],[2654261,1178617],[2654968,1178940],[2655020,1178987],[2655233,1179135],[2655347,1179158],[2655450,1179390],[2655571,1179450],[2656070,1179538],[2658105,1180014],[2658867,1179945],[2659567,1179467],[2660300,1179170],[2660726,1179256],[2661394,1180024],[2661761,1179916],[2662122,1179755],[2662697,1179509],[2663047,1179043],[2663278,1178725],[2663540,1178486],[2663918,1178537],[2664434,1178437],[2664817,1178588],[2665489,1179063],[2665682,1179370],[2667757,1180873],[2668181,1181315],[2670026,1181690],[2670667,1182083],[2670987,1182271],[2671245,1182282],[2671621,1182069],[2671800,1181803],[2672023,1181566],[2672423,1181238],[2673255,1179859],[2673632,1180040],[2673858,1180220],[2674062,1180340],[2674383,1180678],[2674800,1180787],[2675099,1180494],[2675234,1180411],[2675604,1180558],[2676262,1180614],[2676571,1180451],[2676992,1180362],[2676983,1180016],[2677098,1179726],[2677061,1179241],[2677009,1178957],[2676828,1178698],[2676701,1178605],[2676500,1178507],[2676491,1178315],[2676589,1178203],[2676726,1178005],[2676679,1177651],[2676562,1177442],[2676615,1177279],[2676593,1177040],[2676588,1176874],[2676631,1176673],[2676763,1176457],[2676932,1176343],[2676975,1176279],[2677273,1175871],[2677129,1174472],[2677163,1174100],[2677392,1173865],[2677629,1173785],[2677631,1173503],[2677555,1173298],[2677507,1173055],[2677527,1172886],[2677620,1172721],[2677719,1172502],[2677654,1172003],[2677568,1171775],[2677540,1171336],[2677275,1171249],[2676786,1171043],[2676534,1171000],[2675827,1171062],[2675226,1171122],[2675035,1171115],[2674712,1171160],[2674689,1171306],[2674568,1171453],[2674342,1171491],[2673432,1171519],[2673474,1171064],[2673345,1170784],[2673453,1170464],[2673447,1170183],[2673453,1170018],[2673397,1169809],[2673534,1169544],[2673648,1169290],[2673778,1169031],[2674048,1168894],[2674228,1168657],[2674259,1168416],[2674283,1168162],[2674313,1167870],[2673169,1166495],[2672760,1166183],[2672448,1165663],[2672095,1165200],[2671700,1165078],[2671407,1164859],[2671269,1164379],[2671259,1164104],[2671277,1163781],[2671411,1163492],[2671404,1163090],[2671323,1162846],[2671228,1162393],[2671007,1162024],[2670913,1161748],[2670748,1161551],[2670725,1161182],[2670773,1160814],[2670861,1160455],[2670726,1160203],[2670437,1158755],[2669771,1157803],[2668871,1157061],[2668196,1156929],[2667162,1156494],[2666754,1155833],[2666532,1155569],[2666284,1155281],[2666047,1155197],[2665597,1155218],[2665126,1155005],[2664901,1154654],[2664693,1154384],[2664383,1154221],[2664057,1154239],[2663660,1153990],[2663180,1153710],[2662466,1153467],[2662183,1153349],[2661621,1153120],[2661062,1153112],[2660637,1153117],[2660294,1153129],[2659862,1153091],[2659401,1152987],[2659074,1152856],[2658799,1152690],[2658282,1152762],[2657920,1152695],[2657299,1152420],[2656930,1152437],[2656420,1152999],[2656443,1153369],[2656119,1153575],[2655581,1153672],[2655307,1153571],[2655001,1153622],[2654721,1153628],[2654186,1153802],[2653717,1153945],[2653054,1154174],[2652759,1154217],[2652648,1154394],[2652411,1154620],[2652133,1154862],[2651965,1155142],[2651795,1155259],[2651474,1155351],[2651050,1155458],[2650551,1155441],[2650072,1155743],[2649623,1155814],[2649249,1155970],[2648983,1156187],[2648523,1156017],[2647754,1155827],[2647647,1155903],[2647379,1156079],[2646826,1156309],[2646355,1156354],[2646041,1156534],[2645731,1156696],[2645418,1156943],[2644950,1156902],[2644511,1156983],[2643695,1156807],[2643157,1156451],[2642583,1156280],[2642383,1155929],[2642212,1155660],[2642076,1155411],[2641854,1155279],[2641450,1155283],[2641071,1155164],[2640840,1155025],[2640673,1154841],[2640552,1154571],[2640386,1154474],[2640201,1154298],[2640193,1154075],[2640465,1153652],[2640519,1153425],[2640678,1153055],[2640878,1152418],[2640812,1151965],[2640656,1151578],[2640270,1151335],[2639959,1151151],[2639204,1150913],[2638679,1150838],[2638364,1150568],[2638072,1150325],[2637954,1150025],[2637814,1149759],[2637306,1149479],[2637132,1149024],[2636612,1148898],[2636383,1148609],[2636121,1148517],[2635794,1148413],[2635330,1148081],[2634928,1148022],[2634484,1147898],[2633956,1147672],[2633631,1147550],[2633161,1147489],[2632641,1147533],[2631616,1147409],[2631331,1147585],[2631006,1147403],[2630802,1147234],[2630511,1147031],[2630052,1146785],[2629761,1146412],[2627533,1145213],[2627191,1144809],[2626888,1144671],[2626410,1144138],[2626099,1143757],[2625730,1143526],[2625343,1143181],[2625040,1143002],[2624759,1142778],[2624427,1142689],[2624248,1142423],[2624074,1142285],[2623701,1142080],[2623338,1141730],[2623052,1141594],[2622667,1141319],[2621294,1140422],[2620234,1140773],[2619918,1141032],[2619750,1141278],[2619573,1141533],[2619227,1141596],[2618997,1141709],[2618591,1141871],[2615260,1143260],[2614320,1143567],[2614151,1143325],[2613787,1142993],[2613527,1142953],[2613143,1142836],[2613081,1142413],[2613143,1142113],[2613091,1141701],[2612681,1141289],[2612383,1141288],[2612224,1140921],[2612399,1140490],[2612118,1140054],[2611450,1140249],[2611176,1140507],[2611076,1140676],[2610630,1140651],[2610420,1140493],[2610100,1140388],[2609667,1140283],[2609514,1140128],[2608774,1140183],[2608499,1140086],[2608130,1140098],[2607956,1140028],[2607576,1139897],[2607324,1139820],[2607228,1139596],[2607167,1139358],[2607213,1138547],[2607753,1138241],[2608334,1138078],[2608533,1137908],[2608730,1137777],[2608903,1137618],[2608705,1137387],[2607688,1136541],[2607493,1136168],[2607069,1136064],[2606660,1135932],[2606343,1135952],[2605841,1136049],[2605566,1136067],[2605170,1135934],[2605149,1135757],[2604946,1135580],[2604669,1135392],[2604342,1135574],[2603943,1135445],[2603592,1135620],[2603248,1137014],[2602670,1136769],[2602392,1136306],[2601895,1136256],[2601548,1136394],[2601523,1136643],[2601254,1136841],[2600957,1136937],[2600781,1136887],[2600548,1136915],[2600118,1136996],[2599596,1137080],[2599038,1136590],[2598461,1136540],[2597917,1136355],[2597594,1136155],[2597208,1135998],[2597013,1136122],[2596581,1135826],[2596268,1135516],[2595868,1135181],[2595652,1134856],[2595236,1134650],[2594715,1134181],[2594270,1133942],[2593958,1133660],[2593482,1133235],[2593068,1133203],[2592534,1132977],[2592101,1132830],[2591710,1132741],[2591119,1132545],[2590499,1132504],[2590132,1132986],[2590000,1133254],[2589994,1133549],[2590068,1133947],[2590130,1134408],[2590286,1134705],[2590287,1135163],[2590309,1135413],[2590269,1135635],[2590142,1135969],[2588601,1135096],[2586336,1133901],[2586287,1133706],[2586328,1133558],[2586383,1133216],[2586318,1132926],[2586309,1132676],[2586346,1132414],[2586455,1131933],[2586115,1131568],[2585823,1131125],[2585284,1130867],[2584997,1130739],[2584569,1130641],[2583877,1130662],[2583476,1130837],[2583083,1134042],[2583250,1134119],[2583433,1134160],[2583667,1134226],[2583761,1134414],[2583928,1134479],[2583808,1134572],[2583715,1134715],[2583373,1134711],[2582907,1134526],[2582452,1135284],[2582426,1135545],[2582226,1135797],[2582217,1136085],[2582228,1136421],[2581968,1136425],[2581797,1136398],[2581653,1136416],[2581171,1136596],[2581527,1137594],[2581890,1138381],[2582189,1139009],[2582230,1139999],[2582304,1140271],[2582363,1140656],[2582142,1141126],[2581651,1141900],[2581355,1142251],[2581272,1143282],[2581333,1143260],[2581394,1143274],[2581414,1143256],[2581444,1143258],[2581466,1143255],[2581556,1143234],[2581589,1143246],[2581653,1143267],[2581686,1143287],[2581706,1143297],[2581809,1143301],[2581829,1143276],[2581889,1143249],[2581968,1143236],[2581973,1143190],[2581963,1143156],[2582056,1143116],[2583671,1143988],[2583702,1144407],[2583714,1144535],[2583788,1144578],[2583847,1144621],[2583902,1144651],[2583949,1144692],[2584023,1144705],[2584075,1144713],[2584112,1144722],[2584103,1144800],[2584040,1144853],[2583975,1144884],[2583897,1145004],[2583851,1145056],[2583787,1145104],[2583738,1145131],[2583760,1145215],[2583982,1145896],[2583589,1147441],[2583562,1148426],[2583660,1148404],[2583726,1148367],[2583915,1148428],[2584455,1148544],[2584408,1149074],[2584250,1149246],[2584315,1149330],[2584465,1149360],[2584569,1149447],[2584671,1149485],[2584712,1149406],[2584778,1149511],[2584844,1149632],[2584938,1149713],[2585010,1149876],[2585107,1150014],[2585159,1150130],[2585095,1150237],[2585122,1150342],[2585160,1150487],[2585235,1150674],[2585246,1150821],[2585333,1150948],[2585392,1151044],[2585395,1151205],[2585418,1151311],[2585343,1151359],[2585324,1151487],[2585385,1151629],[2585389,1151753],[2585446,1151831],[2585434,1152048],[2585456,1152189],[2585413,1152282],[2585368,1152367],[2585398,1152473],[2585365,1152514],[2585368,1152653],[2585354,1152751],[2585345,1152888],[2585300,1153035],[2585280,1153153],[2585271,1153334],[2585217,1153447],[2585149,1153515],[2585154,1153638],[2585219,1153861],[2585220,1154022],[2585173,1154156],[2585128,1154240],[2585097,1154347],[2585055,1154408],[2584976,1154444],[2584885,1154574],[2584771,1154749],[2584741,1154808],[2584703,1154887],[2584635,1154953],[2584594,1155004],[2584566,1155031],[2584542,1155854],[2585443,1156233],[2585838,1156468],[2586599,1157375],[2587025,1158132],[2587291,1158504],[2587703,1158947],[2588526,1158948],[2588785,1158853],[2588926,1158790],[2589007,1158771],[2589111,1158713],[2589227,1158671],[2589643,1158728],[2590621,1162015],[2590443,1165027],[2590573,1165079],[2590713,1165088],[2590843,1165079],[2590955,1165068],[2591157,1165122],[2591255,1165167],[2591298,1165179],[2591317,1165216],[2591658,1165627],[2591536,1166039],[2591510,1166128],[2591466,1166192],[2591363,1166380],[2591301,1166506],[2591238,1166592],[2591137,1167103],[2591259,1167095],[2591379,1167064],[2591463,1167086],[2591524,1167076],[2591572,1167069],[2591697,1167066],[2591821,1167109],[2591985,1167061],[2592134,1167089],[2592236,1167107],[2592411,1167134],[2592541,1167110],[2592626,1167116],[2592730,1167136],[2592846,1167132],[2592914,1167040],[2592997,1166955],[2593061,1166863],[2593188,1166796],[2593258,1166685],[2593245,1166531],[2593258,1166394],[2593413,1166186],[2593613,1166068],[2593654,1165693],[2593682,1165487],[2593786,1165380],[2593815,1165509],[2593834,1165705],[2593892,1165879],[2593951,1165987],[2594139,1166299],[2594943,1167185],[2594828,1167535],[2594839,1168050],[2594921,1168532],[2595021,1169024],[2594993,1169768],[2595195,1170577],[2595215,1171261],[2594478,1171468],[2594024,1171873],[2593769,1171886],[2593369,1171914],[2592907,1172159],[2593179,1172708],[2593114,1173494],[2592508,1173713],[2591758,1173811],[2591221,1173937],[2590347,1174049],[2589612,1174361],[2589136,1175444],[2589509,1176898],[2589652,1178054],[2589569,1178832],[2589399,1179184],[2589146,1179347],[2588890,1179686],[2588760,1180049],[2589099,1180544],[2589499,1181140],[2589599,1181788],[2589602,1182512],[2590119,1183536],[2590752,1184748],[2590933,1186007],[2591805,1186741],[2591661,1187155],[2591561,1187213],[2591473,1187327],[2591400,1187403],[2591268,1187508],[2591151,1187745],[2590901,1187863],[2590726,1188025],[2590459,1188117],[2590293,1188236],[2589999,1188493],[2589979,1188615],[2589894,1188770],[2589711,1188872],[2589616,1188968],[2589736,1189055],[2589931,1189189],[2590068,1189247],[2590273,1189357],[2590347,1189417],[2590341,1189674],[2590437,1189827],[2590492,1189952],[2590559,1190107],[2590755,1189948],[2590997,1190054],[2591202,1189991],[2591462,1189865],[2591696,1189693],[2591670,1189546],[2591547,1189445],[2591207,1189343],[2591334,1189107],[2591412,1188950],[2591606,1188915],[2591824,1188899],[2591926,1188984],[2592128,1188889],[2592220,1188825],[2592678,1188954],[2593499,1189549],[2593805,1191001],[2593502,1192608],[2593116,1193144],[2591534,1193604],[2590147,1193387],[2589077,1193648],[2588144,1193232],[2587403,1193469],[2586557,1193960],[2585693,1194212],[2584993,1194132],[2584755,1194106],[2584567,1194137],[2584441,1194278],[2584021,1194700],[2583700,1194697],[2583109,1194108],[2582409,1194640],[2581747,1194557],[2581030,1194385],[2581183,1194554],[2581435,1194684],[2581947,1194932],[2582421,1195439],[2582272,1196006],[2582348,1196217],[2582336,1196305],[2582336,1196346],[2582322,1196404],[2582305,1196460],[2582291,1196497],[2582298,1196544],[2582251,1196580],[2582261,1196635],[2582267,1196676],[2582230,1196733],[2582305,1196778],[2582341,1196991],[2582481,1197110],[2582598,1197144],[2582678,1197304],[2582690,1197445],[2582650,1197805],[2582151,1198508],[2582082,1198713],[2581979,1198717],[2582066,1198747],[2582233,1198834],[2582358,1198955],[2582565,1199062],[2582606,1199189],[2582576,1199267],[2582589,1199364],[2582607,1199453],[2582610,1199563],[2582602,1199652],[2582554,1199714],[2582495,1199727],[2582436,1199781],[2582433,1199840],[2582443,1199970],[2582465,1200078],[2582490,1200198],[2582484,1200258],[2582509,1200389],[2582606,1200490],[2582668,1200617],[2582628,1200663],[2582553,1200712],[2582468,1200774],[2582452,1200944],[2582325,1200999],[2582090,1200971],[2582015,1200967],[2581846,1200919],[2581748,1200991],[2581636,1201096],[2581500,1201143],[2581407,1201212],[2581464,1201410],[2581537,1201444],[2581692,1201505],[2581885,1201447],[2582916,1202044],[2583017,1202248],[2583118,1202307],[2583096,1202395],[2583426,1202567],[2583671,1202847],[2584007,1203069],[2584177,1203294],[2584259,1203476],[2584475,1203718],[2584252,1204247],[2583731,1204648],[2583640,1204836],[2583857,1205133],[2583838,1205334],[2583617,1205380],[2583381,1205837],[2583200,1206137],[2583075,1206061],[2582045,1205867],[2581768,1205618],[2581468,1205454],[2579513,1204443],[2578310,1203953],[2577960,1203842],[2574096,1202946],[2573495,1202899],[2573172,1202863],[2569617,1203447],[2568873,1206562],[2569069,1206906],[2569185,1208127],[2569204,1208891],[2569572,1209468],[2570510,1210216],[2570958,1210378],[2571379,1210443],[2571788,1210628],[2572111,1210929],[2572388,1211077],[2572612,1211275],[2573268,1212337],[2573186,1212477],[2573087,1212579],[2573079,1212625],[2573002,1212670],[2572926,1212656],[2572885,1212714],[2572930,1212765],[2572957,1212808],[2572978,1212860],[2572976,1212902],[2572919,1212907],[2572830,1212885],[2572795,1212948],[2572783,1213014],[2572781,1213105],[2572778,1213166],[2572798,1213256],[2572802,1213299],[2572813,1213377],[2572823,1213431],[2572814,1213481],[2572823,1213539],[2572797,1213593],[2572793,1213659],[2572727,1213726],[2572669,1213794],[2572634,1213861],[2572580,1213915],[2572540,1213938],[2572967,1215475],[2570446,1217184],[2568885,1217046],[2568712,1218281],[2569022,1218718],[2569521,1219189],[2569394,1219617],[2568883,1219630],[2568724,1219393],[2567508,1219279],[2567181,1219231],[2566844,1219054],[2566407,1218751],[2565719,1218552],[2565284,1218466],[2564864,1218401],[2564493,1218314],[2564158,1218269],[2563749,1218220],[2563369,1218143],[2563129,1218078],[2562709,1217997],[2562286,1217764],[2561493,1217969],[2560837,1217474],[2559911,1216937],[2558702,1216271],[2558394,1216064],[2557758,1215673],[2557352,1215474],[2556651,1215514],[2556820,1216381],[2557232,1217262],[2557737,1217887],[2557985,1218888],[2558122,1219482],[2558207,1219834],[2557989,1220700],[2556971,1222629],[2556287,1223925],[2557535,1223320],[2557914,1222309],[2558574,1222682],[2559463,1222988],[2559831,1223240],[2560211,1223658],[2561100,1224198],[2562250,1225627],[2562331,1226046],[2563200,1226271],[2563425,1225635],[2563798,1225749],[2564518,1225704],[2564889,1225146],[2565185,1224977],[2565381,1224986],[2565655,1225167],[2565751,1225377],[2565977,1225725],[2566083,1226039],[2566339,1226322],[2567889,1227159],[2569313,1228610],[2570113,1230213],[2570415,1230776],[2570903,1230979],[2571149,1231479],[2571050,1231948],[2571237,1232441],[2571982,1232640],[2572806,1233010],[2572821,1232575],[2573188,1232769],[2573407,1232418],[2573354,1232048],[2573508,1231847],[2573933,1231850],[2574086,1231984],[2574153,1232126],[2574429,1232426],[2574756,1232495],[2574994,1232447],[2575379,1232442],[2575754,1232574],[2576052,1232659],[2576494,1232723],[2576896,1232661],[2577372,1232518],[2577609,1232668],[2578155,1232860],[2578419,1233011],[2578553,1233067],[2578092,1233701],[2578264,1233885],[2577759,1233926],[2577639,1234249],[2577884,1234411],[2577964,1234568],[2578003,1234701],[2577841,1235007],[2577985,1235268],[2578115,1235426],[2578579,1235656],[2579133,1235827],[2579563,1236062],[2579538,1236514],[2579569,1236940],[2579695,1237041],[2579616,1237250],[2579316,1237310],[2579314,1237618],[2579224,1238046],[2579655,1238209],[2580359,1238241],[2580845,1238291],[2581540,1238354],[2582094,1238334],[2582645,1238228],[2582498,1237802],[2582719,1237575],[2583060,1237696],[2583217,1237654],[2584594,1237391],[2585043,1237201],[2585683,1237188],[2586460,1237358],[2586914,1237299],[2587614,1237096],[2588319,1237144],[2588565,1237206],[2588714,1237201],[2588914,1237212],[2589353,1237351],[2589749,1237439],[2590036,1237456],[2590876,1237832],[2591502,1238461],[2592121,1239133],[2592560,1239428],[2592670,1239426],[2592827,1239412],[2593061,1239408],[2593410,1239518],[2593780,1239642],[2594079,1239756],[2594411,1239815],[2594610,1239928],[2594847,1240074],[2595099,1240246],[2595596,1240352],[2596003,1240301],[2596922,1240251],[2597547,1240218],[2597845,1240279],[2598045,1240005],[2598253,1239837],[2598454,1239811],[2598700,1239592],[2599339,1239601],[2600294,1239752],[2600349,1239752],[2600388,1239752],[2600429,1239746],[2600512,1239733],[2600597,1239730],[2600663,1239722],[2600708,1239716],[2600753,1239696],[2600805,1239688],[2600850,1239678],[2600919,1239659],[2600934,1239657],[2600959,1239648],[2601002,1239638],[2601095,1239615],[2601311,1239579],[2601389,1239569],[2601457,1239563],[2601502,1239549],[2601580,1239529],[2601671,1239539],[2601767,1239544],[2601881,1239559],[2602043,1239590],[2602331,1239573],[2602426,1239566],[2602531,1239573],[2602705,1239572],[2602854,1239565],[2602933,1239495],[2602976,1239426],[2602986,1239365],[2603172,1239278],[2603281,1239241],[2603395,1239172],[2603478,1239128],[2603592,1239040],[2603668,1239033],[2603809,1239012],[2603887,1239017],[2603966,1239041],[2604115,1239063],[2604213,1239101],[2604297,1239042],[2604460,1239070],[2604553,1239182],[2604672,1239265],[2604860,1239371],[2605012,1239413],[2605234,1239572],[2605542,1239731],[2605872,1239959],[2606199,1240222],[2606630,1240470],[2607103,1240659],[2608262,1240953],[2608268,1240293],[2608138,1239617],[2607812,1239158],[2607651,1238746],[2607481,1238458],[2607085,1238168],[2606586,1238109],[2605994,1238052],[2605359,1237810],[2604983,1237745],[2604456,1237510],[2604287,1237328],[2604098,1237219],[2603876,1237117],[2603673,1236995],[2603394,1236849],[2603277,1236713],[2603045,1236470],[2602776,1236054],[2602661,1235723],[2602497,1235391],[2602332,1235114],[2602219,1234992],[2602060,1234862],[2601833,1234835],[2601586,1234813],[2601133,1234728],[2600752,1234666],[2600537,1234687],[2600006,1234573],[2599843,1234418],[2599555,1234184],[2599175,1233949],[2598773,1233819],[2598391,1233654],[2598321,1233266],[2598499,1232649],[2598092,1232183],[2597593,1231919],[2597256,1231602],[2596739,1231310],[2596200,1231097],[2595881,1230979],[2595495,1230801],[2594915,1230406],[2594124,1229857],[2593286,1229866],[2592644,1229228],[2593256,1227843],[2594503,1226961],[2594613,1226690],[2594805,1226605],[2594993,1226532],[2595486,1226078],[2595823,1225485],[2596380,1223898],[2595724,1223739],[2595695,1223578],[2595746,1223391],[2595856,1223254],[2595949,1223235],[2596092,1223181],[2596160,1223251],[2596416,1223333],[2597300,1223541],[2598388,1224366],[2599415,1225582],[2600098,1225520],[2600857,1225892],[2601105,1226438],[2602836,1226547],[2602784,1226240],[2602605,1226009],[2602444,1225607],[2602759,1225433],[2602853,1225106],[2603001,1225068],[2603179,1224526],[2603578,1224727],[2604129,1224465],[2603910,1223868],[2603719,1223281],[2603107,1222701],[2602746,1222523],[2602499,1222363],[2602205,1222259],[2602021,1222395],[2601857,1222444],[2600853,1222744],[2600140,1221928],[2599687,1221419],[2598912,1220709],[2599324,1220073],[2599395,1219806],[2599759,1219694],[2599593,1219466],[2599394,1219269],[2598944,1219003],[2598396,1218963],[2597815,1218754],[2597532,1218597],[2597013,1218779],[2596253,1218913],[2595938,1219369],[2595750,1219130],[2595470,1219236],[2595089,1218989],[2594865,1218394],[2594844,1218200],[2595095,1217881],[2595425,1217353],[2595488,1217018],[2595703,1216084],[2596316,1215695],[2596741,1215786],[2597041,1215848],[2597955,1216058],[2598768,1216432],[2599760,1216292],[2599847,1216099],[2599884,1216006],[2599728,1215850],[2599615,1215403],[2599563,1215219],[2599601,1215101],[2599675,1215000],[2599666,1214956],[2599678,1214899],[2599688,1214856],[2599678,1214816],[2599685,1214785],[2599685,1214727],[2599695,1214684],[2599708,1214644],[2599734,1214611],[2599737,1214569],[2599741,1214518],[2599756,1214351],[2600081,1213954],[2600142,1213778],[2600474,1213714],[2601203,1213768],[2601457,1214043],[2601559,1214118],[2601734,1214161],[2601790,1214149],[2601850,1214168],[2601935,1214196],[2602050,1214200],[2602191,1214230],[2602405,1214606],[2602609,1214864],[2602710,1214978],[2602768,1215120],[2602697,1215280],[2602483,1215476],[2602257,1215860],[2601790,1217221],[2603986,1218411],[2604566,1218948],[2605388,1219391],[2605708,1219925],[2605991,1220866],[2606387,1221275],[2606428,1221645],[2606912,1221978],[2606903,1222149],[2606817,1222301],[2606476,1222572],[2606314,1223056],[2606393,1223228],[2606625,1223477],[2606701,1223489],[2607138,1223651],[2607608,1223590],[2608016,1223272],[2608376,1223497],[2608615,1223747],[2608897,1223913],[2609119,1224133],[2609644,1223761],[2609705,1223638],[2609905,1223509],[2610695,1223239],[2610867,1223049],[2610937,1222788],[2611480,1222304],[2613123,1222562],[2613355,1222757],[2613547,1222736],[2614325,1222459],[2615160,1222476],[2615660,1222015],[2616053,1222112],[2616215,1222312],[2616099,1222818],[2616298,1223341],[2616541,1223857],[2617213,1224160],[2617835,1224843],[2617991,1225006],[2618108,1225677],[2618129,1225775],[2617783,1225962],[2617631,1226064],[2617886,1226688],[2617570,1227095],[2617274,1227231],[2617161,1227440],[2616609,1227773],[2615909,1228914],[2615746,1229290],[2615773,1229675],[2615729,1229858],[2615431,1230014],[2615540,1230539],[2614886,1230733],[2614056,1230865],[2613669,1230919],[2613512,1231449],[2613310,1231588],[2612978,1231927],[2612903,1232021],[2612844,1232055],[2612642,1232266],[2612550,1232427],[2612330,1232423],[2612194,1232661],[2612011,1232677],[2612037,1233742],[2611921,1234439],[2611029,1235711],[2612792,1236612],[2613709,1236746],[2614077,1236765],[2614435,1236757],[2614826,1236786],[2615190,1236786],[2615508,1236798],[2615954,1236844],[2616214,1236970],[2616414,1237066],[2616661,1237225],[2616812,1237331],[2617274,1237492],[2617381,1237552],[2617619,1237467],[2618014,1237597],[2618245,1237721],[2618552,1238102],[2618864,1237815],[2619445,1237480],[2619868,1237282],[2620019,1237092],[2620014,1236956],[2620124,1236756],[2620242,1236717],[2620406,1236594],[2620441,1236526],[2620502,1236113],[2620740,1235917],[2620961,1236201],[2621338,1235801],[2621684,1235399],[2621616,1235256],[2621738,1234978],[2621951,1234705],[2622155,1234430],[2622421,1234324],[2623201,1234082],[2623648,1234255],[2624234,1234307],[2625426,1235273],[2626604,1234326],[2627510,1235327],[2627827,1234833],[2629138,1234956],[2629279,1234957],[2629323,1234916],[2629405,1234923],[2629448,1234867],[2629409,1234819],[2629413,1234766],[2629502,1234758],[2629495,1234702],[2629410,1234589],[2629464,1234527],[2629545,1234530],[2629573,1234473],[2629613,1234389],[2629646,1234307],[2629545,1234247],[2629546,1234167],[2629593,1233985],[2629597,1233888],[2629516,1233859],[2629544,1233775],[2629463,1233706],[2629434,1233602],[2629361,1233599],[2629352,1233462],[2629450,1233376],[2629479,1233282],[2629373,1233194],[2629309,1233153],[2629364,1233107],[2629353,1233039],[2629364,1232990],[2629352,1232939],[2629384,1232845],[2629432,1232770],[2629468,1232710],[2629512,1232616],[2629494,1232554],[2629556,1232537],[2629665,1232510],[2629674,1232397],[2629731,1232294],[2629766,1232232],[2629804,1232216],[2629836,1232162],[2629897,1232116],[2629930,1232041],[2629953,1231968],[2630014,1231917],[2630128,1231866],[2630149,1231819],[2630209,1231719],[2630271,1231635],[2630314,1231591],[2630240,1231514],[2630257,1231423],[2630204,1231411],[2630204,1231336],[2630268,1231281],[2630219,1231231],[2630181,1231185],[2630223,1231093],[2630164,1231037],[2630164,1230967],[2630167,1230899],[2630146,1230811],[2630208,1230782],[2630162,1230756],[2630157,1230724],[2630186,1230614],[2630199,1230499],[2630141,1230487],[2630144,1230405],[2630191,1230371],[2630203,1230310],[2630311,1230320],[2630382,1230299],[2630360,1230248],[2630427,1230212],[2630492,1230207],[2630522,1230162],[2630545,1230084],[2630552,1230057],[2630600,1230079],[2630594,1229998],[2630643,1229979],[2630664,1229941],[2630654,1229868],[2630683,1229781],[2630756,1229715],[2630859,1229693],[2630927,1229647],[2630954,1229585],[2630918,1229522],[2630911,1229425],[2630940,1229377],[2630974,1229292],[2631013,1229263],[2631068,1229114],[2631088,1228978],[2631105,1228898],[2631190,1228825],[2631223,1228715],[2631312,1228691],[2631342,1228535],[2631408,1228423],[2631484,1228271],[2631464,1228193],[2631479,1228116],[2631524,1228060],[2631629,1227940],[2631653,1227832],[2631717,1227793],[2631742,1227725],[2631846,1227662],[2631930,1227589],[2631900,1227496],[2631926,1227379],[2631973,1227338],[2631964,1227218],[2631958,1227145],[2631964,1227063],[2631894,1227002],[2631930,1226930],[2631993,1226861],[2632081,1226830],[2632137,1226818],[2632196,1226779],[2632209,1226723],[2632213,1226660],[2632297,1226620],[2632337,1226577],[2632308,1226506],[2632361,1226434],[2632447,1226400],[2632517,1226334],[2632579,1226289],[2632632,1226213],[2632642,1226165],[2632676,1226177],[2632756,1226139],[2632821,1226098],[2632910,1226044],[2632897,1225984],[2632997,1226015],[2633027,1225955],[2633091,1225918],[2633163,1225875],[2633171,1225807],[2633192,1225727],[2633225,1225683],[2633233,1225612],[2633306,1225586],[2633297,1225537],[2633328,1225503],[2633399,1225476],[2633410,1225401],[2633439,1225351],[2633488,1225305],[2633419,1225258],[2633456,1225185],[2633517,1225131],[2633518,1225052],[2633504,1224993],[2633549,1224947],[2633627,1224909],[2633652,1224860],[2633673,1224854],[2633685,1224823],[2633708,1224761],[2633700,1224713],[2633680,1224668],[2633622,1224594],[2633585,1224536],[2633537,1224477],[2633502,1224449],[2633465,1224414],[2633436,1224389],[2633403,1224364],[2633396,1224327],[2633393,1224283],[2633367,1224266],[2633348,1224217],[2633330,1224193],[2633301,1224180],[2633247,1224115],[2633217,1224074],[2633246,1224020],[2633229,1223930],[2633202,1223879],[2633191,1223805],[2633175,1223745],[2633163,1223676],[2633138,1223576],[2633127,1223508],[2633146,1223443],[2633169,1223356],[2633170,1223284],[2633141,1223223],[2633172,1223109],[2633180,1223040],[2633192,1222987],[2633208,1222939],[2633191,1222875],[2633237,1222805],[2633338,1222523],[2633463,1222206],[2633558,1221995],[2633626,1221885],[2633655,1221873],[2633689,1221855],[2633703,1221835],[2633716,1221810],[2633829,1221690],[2634075,1221433],[2634208,1221145],[2634192,1221014],[2634256,1220751],[2634237,1220538],[2634187,1220195],[2633980,1220175],[2633874,1219800],[2633855,1219728],[2633573,1219586],[2633057,1219348],[2632749,1219183],[2632581,1218992],[2632508,1218749],[2632644,1218531],[2632741,1218414],[2632607,1217972],[2632954,1217821],[2633115,1217657],[2633056,1217489],[2633046,1217393],[2633011,1217296],[2633217,1216832],[2633099,1216631],[2633078,1216361],[2633192,1216335],[2633263,1216293],[2633327,1216250],[2633439,1216189],[2633458,1216011],[2633568,1215383],[2633530,1215050],[2633463,1214873],[2633389,1214675],[2633470,1214461],[2633313,1214362],[2633333,1213909],[2633282,1213707],[2633304,1213471],[2632987,1212819],[2632896,1212680],[2632859,1212479],[2632943,1212448],[2633047,1212430],[2632977,1212331],[2632880,1212164],[2632714,1211981],[2632647,1211844],[2632504,1211579],[2632607,1211317],[2632527,1211116],[2632579,1211041],[2632643,1210902],[2632731,1210802],[2632941,1210515],[2633090,1210230],[2633229,1210089],[2633488,1210048],[2633701,1209966],[2633846,1209666],[2633796,1209409],[2633976,1209157],[2634179,1209007],[2634477,1208900],[2634543,1208718],[2634599,1208450],[2634617,1208191],[2634835,1207921],[2634995,1207697],[2635088,1207372],[2634891,1207105],[2634937,1206738],[2635035,1206464],[2635564,1206315],[2635842,1206412],[2635957,1206432],[2636514,1206617],[2637040,1206601],[2637071,1206484],[2637127,1206339],[2637218,1206242],[2637305,1206171],[2637394,1206164],[2637524,1206080],[2637610,1206025],[2637700,1206033],[2637825,1206070],[2637948,1206071],[2638059,1206076],[2638343,1206155],[2638662,1206202],[2638813,1206199],[2638863,1206249],[2638901,1206317],[2639179,1206140],[2639258,1205797],[2639175,1205705],[2639124,1205608],[2638961,1205156],[2638787,1204626],[2638899,1204079],[2639094,1203568],[2638943,1203332],[2638642,1203198],[2638470,1202958],[2638487,1202549],[2638521,1202274],[2638589,1202035],[2638313,1201791],[2638005,1201641],[2637709,1201462],[2637539,1201103],[2637584,1200770],[2637576,1200452],[2637532,1200054],[2637233,1199786],[2636799,1199648],[2636735,1199426],[2636733,1199166],[2636627,1198945],[2636502,1198770],[2636155,1198182],[2635835,1198068],[2635469,1198108],[2635257,1198258],[2634991,1198285],[2634779,1198145],[2634609,1198017],[2634362,1197931],[2634098,1197782],[2633927,1197687],[2633756,1197624],[2633574,1197537],[2633435,1197480],[2633236,1197349],[2633152,1197231],[2633057,1197113],[2633006,1196941],[2632902,1196758],[2632847,1196591],[2632786,1196321],[2632692,1196191],[2632671,1196100],[2632747,1196034],[2633143,1195783],[2633269,1195638],[2633473,1195670],[2633631,1195636],[2633777,1195238],[2633827,1195088],[2633829,1194950],[2633832,1194810],[2633678,1194639],[2633627,1194451],[2633753,1194405],[2633620,1194301],[2633421,1194169],[2633210,1193798],[2633100,1193546],[2633097,1193304],[2633007,1193245],[2632841,1193102],[2632719,1192973],[2632494,1192923],[2631955,1192702],[2631916,1191233],[2632853,1190448],[2632723,1189989],[2632757,1189454],[2632709,1189071],[2632886,1188537],[2633036,1188095],[2635536,1186374],[2638786,1183913],[2639154,1183163],[2639265,1182931],[2639308,1182692],[2639230,1182568],[2639316,1182473],[2639349,1182443],[2639443,1182295],[2639600,1182195],[2639706,1182154],[2639825,1182118],[2639895,1182060],[2639999,1181930],[2640143,1181885],[2640294,1181830],[2640381,1181744],[2640485,1181671],[2640538,1181594],[2640576,1181358],[2640830,1181001],[2641369,1180773],[2641696,1180568],[2641963,1180698],[2642347,1180977],[2642486,1181170],[2642544,1181328],[2642879,1181438],[2643240,1181494],[2643451,1181639],[2643674,1181755],[2643954,1181879],[2644214,1182024],[2644489,1182128],[2644816,1182224],[2645077,1182263],[2645261,1182238],[2645542,1182195],[2645692,1182090],[2645894,1181995],[2646315,1181948],[2646449,1181951]],[[2584444,1198012],[2584445,1198432],[2584404,1198600],[2584006,1198687],[2584048,1198440],[2583412,1198174],[2583155,1197950],[2583113,1197888],[2583003,1197721],[2583211,1197107],[2583538,1197248],[2583988,1197445],[2584080,1197535],[2584140,1197533],[2584166,1197616],[2584444,1198012]],[[2619251,1223755],[2618901,1223845],[2618824,1223987],[2618646,1223884],[2618548,1223733],[2618444,1223537],[2618305,1223576],[2618041,1223043],[2617915,1222627],[2618113,1222549],[2618436,1222607],[2618774,1222513],[2619031,1222441],[2619121,1222540],[2619324,1223003],[2619807,1223369],[2619532,1223470],[2619276,1223670],[2619251,1223755]]]}},{"type":"Feature","properties":{"KANTONSNUM":23,"NAME":"Valais"},"geometry":{"type":"Polygon","coordinates":[[[2672688,1144974],[2672468,1144826],[2672274,1144815],[2672127,1144895],[2672041,1144944],[2671988,1145020],[2670665,1144496],[2670471,1144370],[2670323,1144129],[2670303,1144017],[2670247,1143845],[2670189,1143753],[2670069,1143687],[2669892,1143540],[2669754,1143403],[2669684,1143319],[2669456,1143148],[2669377,1143069],[2669296,1142939],[2669081,1142714],[2668893,1142556],[2668735,1142468],[2668525,1142298],[2668341,1142182],[2668229,1142073],[2667556,1141794],[2666788,1141981],[2666681,1141809],[2666489,1141644],[2666439,1141486],[2666376,1141317],[2666295,1141191],[2666213,1141128],[2666134,1141026],[2666147,1140834],[2666151,1140695],[2666021,1140527],[2665850,1140411],[2665644,1140245],[2665383,1140008],[2665532,1139908],[2665699,1139790],[2665866,1139628],[2666136,1139634],[2666273,1139557],[2666513,1139376],[2666848,1139398],[2667066,1139349],[2667205,1139207],[2667336,1139063],[2667463,1138926],[2667562,1138610],[2667575,1138433],[2667392,1138250],[2667350,1138030],[2667394,1137846],[2667662,1137670],[2667623,1137495],[2667413,1137329],[2667381,1137016],[2667381,1136873],[2667266,1136710],[2667264,1136563],[2667115,1136506],[2666935,1136436],[2666764,1136353],[2666471,1136274],[2666182,1136087],[2665770,1135757],[2665496,1135662],[2665328,1135465],[2665231,1135348],[2665106,1135117],[2664988,1135044],[2664867,1135142],[2664666,1135173],[2664511,1135230],[2664338,1135312],[2664186,1135390],[2664012,1135289],[2663894,1135250],[2663750,1135183],[2663623,1135106],[2663481,1135016],[2663403,1134890],[2663315,1134746],[2663328,1134583],[2663470,1134437],[2663572,1134221],[2663587,1134023],[2663649,1133783],[2663550,1133668],[2663388,1133552],[2663280,1133324],[2663387,1133281],[2663442,1133133],[2663429,1133048],[2663225,1132980],[2663045,1133102],[2662803,1133074],[2662549,1132936],[2662363,1132432],[2662164,1132398],[2662084,1132368],[2661977,1132383],[2661838,1132349],[2661712,1132353],[2661555,1132431],[2661338,1132396],[2661244,1132330],[2661153,1132230],[2661107,1132160],[2660983,1132087],[2660878,1132030],[2660780,1131897],[2660664,1131848],[2660471,1131753],[2660543,1131558],[2660475,1131414],[2660355,1131305],[2660362,1131224],[2660421,1131104],[2660419,1131009],[2660405,1130888],[2660519,1130875],[2660473,1130751],[2660410,1130591],[2660309,1130481],[2660176,1130428],[2660021,1130275],[2659832,1130165],[2659773,1130058],[2659781,1129785],[2659729,1129641],[2659577,1129469],[2659518,1129304],[2659542,1129097],[2659439,1128888],[2658552,1128159],[2658287,1128221],[2658040,1128165],[2657600,1127992],[2657420,1127854],[2657340,1127795],[2657174,1127697],[2657109,1127637],[2656920,1127611],[2656733,1127639],[2656290,1127539],[2655990,1127541],[2655794,1127468],[2655634,1127435],[2655389,1127495],[2655234,1127580],[2655085,1127751],[2654955,1127825],[2654796,1127868],[2654731,1127962],[2654477,1128059],[2654096,1128097],[2653950,1128075],[2653822,1128043],[2653668,1127875],[2653543,1127740],[2653424,1127624],[2653331,1127529],[2653268,1127424],[2653193,1127317],[2653106,1127255],[2652823,1127173],[2652687,1127054],[2652579,1126925],[2652510,1126782],[2652415,1126638],[2652412,1126507],[2652409,1126381],[2652299,1126255],[2652216,1126105],[2652138,1125942],[2652019,1125748],[2651840,1125645],[2651664,1125594],[2651450,1125578],[2651344,1125450],[2651228,1125205],[2651123,1125056],[2651040,1124937],[2650935,1124855],[2650804,1124779],[2650681,1124600],[2650563,1124543],[2650465,1124425],[2650337,1124327],[2650106,1124217],[2649947,1124151],[2649952,1124079],[2649932,1123857],[2649929,1123640],[2649784,1123485],[2649581,1123106],[2649749,1122937],[2649932,1122789],[2650422,1122625],[2650836,1122588],[2650990,1122557],[2651161,1122361],[2651291,1122253],[2651463,1122280],[2651820,1122141],[2651920,1121834],[2651913,1121632],[2651894,1121437],[2651941,1121261],[2651999,1121087],[2652129,1120944],[2652217,1120743],[2652523,1120784],[2652620,1120697],[2652697,1120516],[2652826,1120301],[2652881,1120167],[2652950,1120025],[2653064,1119952],[2653235,1119864],[2653454,1119795],[2653659,1119683],[2654268,1118624],[2654839,1117322],[2655013,1116994],[2655077,1116435],[2656088,1114861],[2656155,1114659],[2656125,1114448],[2656104,1114257],[2656071,1114185],[2655996,1114145],[2655865,1114071],[2655809,1114028],[2655735,1113999],[2655521,1113738],[2655382,1113199],[2655102,1112970],[2654980,1112701],[2654934,1112518],[2654906,1112285],[2654936,1112041],[2654998,1111855],[2655110,1111747],[2655211,1111476],[2655229,1111284],[2655205,1111130],[2655272,1110987],[2655348,1110915],[2655191,1110670],[2655090,1110483],[2655031,1110328],[2654980,1110193],[2654833,1110058],[2654740,1109904],[2654631,1109800],[2654482,1109725],[2654373,1109639],[2654077,1109613],[2653996,1109679],[2653832,1109728],[2653634,1109655],[2653315,1109598],[2653159,1109563],[2652919,1109493],[2652883,1109385],[2652813,1109282],[2652732,1109214],[2652526,1109099],[2652372,1109008],[2652267,1108913],[2652297,1108769],[2652351,1108623],[2652261,1108380],[2652249,1108202],[2652287,1108054],[2652188,1107796],[2652191,1107618],[2652145,1107436],[2651901,1107290],[2651896,1107127],[2651831,1106972],[2651643,1106902],[2651499,1106859],[2651333,1106806],[2651154,1106830],[2651018,1106674],[2650900,1106544],[2650754,1106515],[2650470,1106447],[2650321,1106399],[2650189,1106359],[2650053,1106327],[2649962,1106283],[2649777,1106219],[2649603,1106196],[2649470,1106260],[2649141,1106274],[2649021,1106299],[2648836,1106242],[2648731,1106225],[2648615,1106171],[2648450,1106132],[2648304,1106085],[2648116,1105967],[2648010,1105899],[2647894,1105849],[2647656,1105748],[2647491,1105760],[2647362,1105792],[2647234,1105820],[2647093,1105728],[2646850,1105599],[2646662,1105603],[2646413,1105567],[2646229,1105649],[2646110,1105647],[2646023,1105513],[2646005,1105362],[2646019,1105289],[2646005,1105182],[2646029,1105027],[2645933,1104888],[2645894,1104792],[2645809,1104659],[2645796,1104552],[2645736,1104440],[2645727,1104328],[2645750,1104200],[2645753,1104072],[2645764,1103960],[2645714,1103799],[2645709,1103633],[2645677,1103472],[2645645,1103375],[2645518,1103303],[2645444,1103194],[2645374,1103063],[2645300,1102942],[2645248,1102833],[2645168,1102726],[2645201,1102559],[2645199,1102410],[2645157,1102299],[2645117,1102154],[2645170,1102052],[2645294,1101969],[2645312,1101863],[2645344,1101716],[2645303,1101629],[2645284,1101455],[2645396,1101332],[2645412,1101207],[2645463,1101047],[2645480,1100957],[2645554,1100849],[2645594,1100755],[2645630,1100709],[2645646,1100671],[2645691,1100578],[2645744,1100474],[2645786,1100370],[2645812,1100299],[2645815,1100248],[2645805,1100188],[2645812,1100092],[2645866,1099983],[2645892,1099927],[2645897,1099877],[2645943,1099781],[2645990,1099692],[2646045,1099621],[2646102,1099535],[2646105,1099452],[2646141,1099381],[2646179,1099314],[2646104,1099260],[2646049,1099213],[2645980,1099150],[2645923,1099104],[2645862,1099071],[2645721,1099034],[2645598,1098997],[2645532,1098961],[2645442,1098918],[2645317,1098866],[2645201,1098778],[2645118,1098703],[2645002,1098597],[2644928,1098510],[2644867,1098376],[2644727,1098199],[2644610,1098092],[2644479,1098020],[2644475,1097842],[2644569,1097764],[2644615,1097663],[2644659,1097591],[2644712,1097462],[2644800,1097229],[2644738,1097083],[2644503,1096870],[2644308,1096528],[2644486,1096267],[2644501,1096059],[2644459,1095865],[2644365,1095746],[2644106,1095704],[2643978,1095694],[2643836,1095726],[2643693,1095728],[2643538,1095741],[2643475,1095500],[2643470,1095388],[2643401,1095248],[2643284,1095096],[2643248,1094963],[2643111,1094801],[2643039,1094599],[2643020,1094409],[2642917,1094295],[2642836,1094240],[2642718,1094097],[2642667,1094003],[2642289,1094069],[2642115,1094196],[2641980,1094225],[2641935,1094280],[2641750,1094340],[2641509,1094287],[2641346,1094260],[2641243,1094206],[2641066,1094171],[2640931,1094129],[2640738,1094091],[2640564,1094082],[2640396,1094030],[2640265,1093977],[2640128,1093985],[2639970,1094083],[2639794,1094107],[2639628,1094114],[2639425,1094124],[2639254,1094121],[2639077,1094107],[2638958,1094103],[2638818,1094048],[2638482,1094029],[2638274,1093944],[2638131,1094021],[2638017,1094058],[2637860,1094068],[2637650,1094068],[2637476,1094028],[2637308,1093978],[2637187,1093936],[2637071,1093977],[2636955,1093974],[2636750,1093984],[2636533,1094029],[2636378,1093927],[2636217,1093672],[2636179,1093423],[2635955,1093102],[2635781,1092745],[2635682,1092692],[2635485,1092552],[2635295,1092138],[2635256,1091983],[2635126,1091866],[2634891,1091811],[2634621,1091694],[2634477,1091592],[2634360,1091588],[2634240,1091515],[2633987,1091335],[2634183,1091033],[2634225,1090903],[2634330,1090774],[2634273,1090679],[2634354,1090359],[2634018,1090047],[2634006,1089809],[2633958,1089473],[2634094,1089330],[2634071,1089212],[2634016,1089028],[2634008,1088709],[2633773,1088628],[2633581,1088582],[2633472,1088294],[2633403,1087765],[2633378,1087488],[2633361,1087335],[2633471,1087182],[2633560,1086948],[2633999,1086246],[2633010,1085106],[2631723,1085547],[2630473,1086006],[2629721,1086224],[2628803,1085784],[2628000,1085123],[2627321,1085989],[2626516,1086499],[2626121,1086819],[2625920,1086916],[2625761,1087132],[2625716,1087224],[2625588,1087345],[2625339,1087403],[2625073,1087455],[2624914,1087501],[2624656,1087531],[2624394,1087657],[2623981,1087667],[2623135,1086344],[2622990,1085860],[2621865,1085838],[2621542,1086276],[2621265,1086503],[2620981,1086955],[2620908,1086941],[2620844,1087077],[2620940,1088177],[2621027,1088422],[2621033,1088537],[2620746,1088692],[2620594,1088818],[2620368,1089002],[2620227,1089207],[2619959,1089295],[2619738,1089267],[2619580,1089264],[2619464,1089272],[2619101,1089401],[2618990,1089478],[2618860,1089503],[2618693,1089629],[2618584,1089861],[2618551,1090043],[2618531,1090174],[2618499,1090336],[2618338,1090476],[2618227,1090664],[2618140,1090889],[2617977,1090950],[2617880,1091150],[2617806,1091340],[2617621,1091426],[2617529,1091526],[2617406,1091613],[2616995,1091695],[2616878,1091656],[2616781,1091611],[2616745,1091552],[2616693,1091460],[2616571,1091422],[2616469,1091428],[2616377,1091413],[2616284,1091358],[2616213,1091301],[2616049,1091217],[2615894,1091102],[2615751,1091046],[2615643,1091010],[2615496,1090980],[2615383,1090962],[2615179,1090996],[2614964,1091005],[2614865,1091045],[2614634,1091051],[2614405,1091123],[2614251,1091136],[2614114,1091179],[2613965,1091212],[2613846,1091116],[2613765,1091103],[2613687,1091113],[2613556,1091026],[2613413,1090976],[2613324,1090899],[2613158,1090887],[2613056,1090926],[2612874,1090958],[2612574,1090951],[2612293,1090993],[2612084,1091031],[2611918,1091028],[2611838,1091030],[2611655,1091000],[2611568,1091027],[2611474,1091082],[2611330,1091135],[2611232,1091219],[2611160,1091332],[2611114,1091404],[2611052,1091564],[2610690,1092813],[2610352,1092874],[2610041,1092906],[2609772,1092769],[2609624,1092739],[2609480,1092739],[2608464,1092616],[2608290,1092438],[2608289,1092294],[2608266,1092138],[2608223,1092049],[2608185,1092003],[2608110,1091931],[2608028,1091808],[2607992,1091668],[2608025,1091474],[2608053,1091343],[2608050,1091207],[2608096,1090994],[2608216,1090784],[2608227,1090602],[2608261,1090442],[2608306,1090215],[2608345,1090082],[2608301,1089908],[2608209,1089734],[2608091,1089527],[2607941,1089455],[2607784,1089322],[2607638,1089377],[2607323,1089477],[2607102,1089458],[2606895,1089474],[2606565,1089675],[2606222,1089981],[2606161,1090111],[2605987,1090087],[2605677,1089777],[2605284,1089651],[2605087,1089781],[2604572,1089999],[2604444,1089830],[2604280,1089387],[2604010,1089327],[2603736,1089332],[2603530,1089165],[2603381,1089114],[2603151,1089016],[2602966,1088885],[2602830,1088691],[2602538,1088402],[2602593,1088209],[2602649,1087952],[2602725,1087764],[2602763,1087607],[2602779,1087415],[2602816,1087287],[2602798,1087179],[2602580,1086959],[2602330,1086927],[2602142,1086993],[2601814,1087088],[2601555,1087098],[2601477,1087038],[2601447,1086909],[2601390,1086799],[2600962,1086767],[2600730,1086684],[2600564,1086655],[2600359,1086522],[2600251,1086400],[2600230,1086306],[2600221,1086172],[2600048,1085972],[2599943,1085897],[2599786,1085695],[2599722,1085585],[2599659,1085448],[2599561,1085332],[2599481,1085204],[2599410,1085169],[2599317,1085069],[2599229,1084988],[2599124,1084920],[2599065,1084844],[2598923,1084788],[2598732,1084778],[2598656,1084650],[2598588,1084487],[2598438,1084445],[2598188,1084379],[2598090,1084323],[2597988,1084229],[2597872,1084137],[2597647,1084108],[2597428,1084165],[2597107,1084388],[2596990,1084236],[2596832,1084094],[2596700,1083605],[2596484,1083345],[2596234,1083017],[2596092,1082922],[2595939,1082839],[2595738,1082789],[2595576,1082824],[2595362,1083014],[2595160,1083189],[2595020,1083242],[2594793,1083373],[2594585,1083466],[2594464,1083538],[2594340,1083607],[2594218,1083547],[2594048,1083525],[2593916,1083576],[2593862,1083755],[2593721,1083867],[2593615,1084030],[2593524,1084410],[2593252,1084409],[2592679,1084853],[2592392,1084687],[2592224,1084648],[2592150,1084571],[2591997,1084518],[2591766,1084438],[2591710,1084362],[2591436,1084329],[2591236,1084299],[2590943,1084387],[2590715,1084435],[2590616,1084633],[2590464,1085019],[2590245,1084989],[2590036,1085017],[2589751,1085108],[2589581,1085102],[2589354,1085085],[2589214,1085275],[2589070,1085395],[2588900,1085524],[2588765,1085570],[2588677,1085479],[2588489,1085395],[2588439,1085169],[2588334,1085090],[2588202,1085010],[2588104,1084873],[2588058,1084770],[2588046,1084627],[2587987,1084528],[2587929,1084427],[2587858,1084304],[2587821,1084196],[2587776,1084123],[2587721,1084014],[2587686,1083951],[2587653,1083837],[2587606,1083713],[2587556,1083557],[2587482,1083364],[2587433,1083237],[2587337,1083195],[2587091,1083159],[2586948,1083035],[2586859,1082957],[2586736,1082809],[2586641,1082742],[2586588,1082579],[2586442,1082465],[2586064,1082031],[2585933,1081917],[2585840,1081864],[2585713,1081839],[2585595,1081894],[2585488,1082254],[2585107,1082355],[2584925,1082196],[2584725,1082129],[2584587,1082069],[2584399,1082067],[2584205,1082109],[2584078,1082173],[2583910,1082254],[2583581,1082197],[2583366,1082058],[2583151,1082044],[2582775,1081934],[2582701,1081649],[2582682,1081469],[2582670,1081383],[2582359,1081196],[2582293,1081093],[2582085,1080976],[2581910,1080931],[2581859,1080832],[2581763,1080594],[2581592,1080460],[2581472,1080366],[2581327,1080001],[2581312,1079774],[2581331,1079489],[2581408,1079316],[2581482,1079122],[2581410,1079019],[2581260,1078826],[2581106,1078760],[2580882,1078678],[2580658,1078616],[2580431,1078749],[2580329,1078743],[2580201,1078786],[2580058,1078947],[2579941,1079048],[2579800,1079137],[2579668,1079116],[2578801,1079743],[2578466,1080117],[2578612,1080186],[2578692,1080305],[2578719,1080495],[2578657,1080614],[2578542,1080701],[2578451,1080778],[2578216,1080841],[2578081,1080869],[2577838,1080822],[2577611,1080712],[2577422,1080630],[2577180,1080522],[2577021,1080483],[2576805,1080354],[2576682,1080266],[2576507,1080202],[2576358,1080031],[2576318,1079875],[2576274,1079677],[2576186,1079575],[2576026,1079474],[2575839,1079287],[2575741,1079200],[2575621,1079209],[2575454,1079092],[2575358,1078991],[2575259,1078868],[2575170,1078742],[2575024,1078690],[2574884,1078684],[2574775,1078699],[2574629,1078696],[2574460,1078591],[2574273,1078589],[2573996,1078700],[2573923,1078688],[2573801,1078678],[2573731,1078783],[2573640,1078888],[2573554,1078952],[2573506,1079111],[2573540,1079195],[2573484,1079294],[2573467,1079447],[2573420,1079539],[2573404,1079693],[2573307,1079821],[2573232,1079972],[2573096,1080122],[2573217,1080399],[2573271,1080592],[2573160,1080746],[2573065,1080833],[2572967,1080924],[2572773,1081105],[2572574,1081331],[2572296,1081439],[2572129,1081627],[2572067,1081871],[2571970,1082011],[2571902,1082471],[2571739,1082661],[2571443,1082854],[2571043,1083189],[2570932,1083364],[2570925,1083535],[2570943,1083703],[2570931,1084012],[2570960,1084211],[2570894,1084337],[2570785,1084492],[2570662,1084714],[2570460,1084757],[2570316,1084806],[2570153,1084922],[2570013,1085066],[2569867,1085199],[2569787,1085341],[2569631,1085590],[2569500,1085690],[2569339,1085897],[2569348,1086123],[2569314,1086249],[2569268,1086394],[2569277,1086516],[2569240,1086617],[2569167,1086773],[2569034,1086882],[2568973,1086934],[2568942,1087039],[2568884,1087181],[2568860,1087258],[2568781,1087389],[2568766,1087544],[2568828,1087686],[2568850,1087801],[2568848,1087898],[2568846,1088036],[2568887,1088118],[2568943,1088195],[2568951,1088321],[2568971,1088477],[2568901,1088613],[2568920,1088734],[2568911,1088878],[2568869,1089007],[2568834,1089110],[2568897,1089288],[2568829,1089374],[2568706,1089466],[2568531,1089510],[2568404,1089536],[2568310,1089577],[2568182,1089633],[2568114,1089640],[2567975,1089682],[2567840,1089713],[2567761,1089706],[2567617,1089806],[2567513,1089963],[2567344,1090068],[2567185,1090191],[2567110,1090343],[2567038,1090438],[2566945,1090531],[2566866,1090695],[2566776,1090864],[2566666,1090944],[2566780,1091332],[2566884,1091416],[2567046,1091508],[2567215,1091596],[2567461,1091660],[2567666,1091731],[2567800,1091946],[2567802,1092069],[2567659,1092259],[2567548,1092570],[2567361,1092700],[2567226,1092888],[2566996,1092920],[2566918,1093137],[2566958,1093501],[2566824,1093757],[2566841,1093898],[2566837,1094017],[2566689,1094204],[2566581,1094287],[2566494,1094397],[2566337,1094439],[2566183,1094312],[2566023,1094264],[2565785,1094339],[2565612,1094437],[2565451,1094606],[2565253,1094729],[2565075,1094764],[2564856,1094885],[2564790,1095049],[2564854,1095242],[2564800,1095364],[2564743,1095551],[2564719,1095658],[2564723,1095839],[2564676,1095952],[2564632,1096151],[2564553,1096258],[2564561,1096485],[2564499,1096644],[2564345,1096718],[2564153,1096919],[2563914,1097135],[2563161,1097767],[2562189,1100125],[2562056,1100068],[2561914,1100093],[2561725,1100025],[2561536,1100144],[2561444,1100223],[2561344,1100296],[2561280,1100375],[2561255,1100442],[2561197,1100546],[2561065,1100551],[2561040,1100611],[2561010,1100745],[2561019,1100853],[2561132,1100972],[2561157,1101080],[2561166,1101243],[2561143,1101288],[2561184,1101381],[2561252,1101454],[2561169,1101549],[2561062,1101637],[2560533,1101589],[2559763,1101091],[2559725,1100987],[2559632,1100924],[2559537,1100851],[2559426,1100674],[2559363,1100531],[2559251,1100449],[2559157,1100365],[2559165,1100229],[2559071,1100097],[2559003,1100014],[2558909,1099990],[2558742,1099954],[2558610,1099882],[2558457,1099862],[2558311,1099845],[2558156,1099817],[2557992,1099805],[2557856,1099731],[2557756,1099630],[2557660,1099482],[2557648,1099263],[2557387,1099165],[2557092,1099373],[2556823,1099457],[2556687,1099539],[2556569,1099655],[2556422,1099751],[2556192,1100227],[2556259,1100637],[2556327,1100787],[2556411,1101033],[2556460,1101259],[2556502,1101440],[2556585,1101576],[2556693,1101771],[2556769,1101993],[2556855,1102161],[2557018,1102240],[2557147,1102325],[2557376,1102565],[2557586,1102829],[2557550,1102946],[2557447,1103098],[2557426,1103239],[2557587,1103400],[2557613,1103511],[2557676,1103700],[2557688,1103877],[2557504,1104062],[2557397,1104327],[2557267,1104543],[2557216,1104667],[2557052,1104854],[2557019,1105035],[2557135,1105108],[2557233,1105212],[2557309,1105361],[2557371,1105548],[2557456,1105655],[2557639,1105836],[2557727,1105959],[2557805,1106113],[2557825,1106252],[2557976,1106440],[2557950,1106548],[2557856,1106621],[2557833,1106896],[2557824,1107049],[2557965,1107285],[2558130,1107731],[2558221,1108015],[2558323,1108210],[2558082,1108203],[2557850,1108286],[2557688,1108362],[2557469,1108267],[2557242,1108184],[2557057,1108093],[2556769,1108154],[2556630,1108332],[2556300,1108432],[2555924,1108352],[2555684,1108403],[2555428,1108450],[2555214,1108438],[2555044,1108487],[2554821,1108520],[2554689,1108505],[2554553,1108544],[2554337,1108614],[2554231,1108645],[2554126,1108706],[2553930,1108830],[2553843,1108999],[2553882,1109109],[2553688,1109192],[2553573,1109201],[2553456,1109187],[2553371,1109162],[2553270,1109167],[2553143,1109176],[2553054,1109195],[2552907,1109137],[2552809,1109119],[2552634,1109108],[2552496,1109074],[2552389,1109051],[2552061,1109011],[2551967,1108898],[2551897,1108857],[2551753,1108913],[2551699,1108976],[2551634,1109140],[2551492,1109301],[2551367,1109455],[2551183,1109649],[2550858,1109553],[2550582,1109567],[2550445,1109805],[2550376,1110001],[2550368,1110213],[2550279,1110449],[2550249,1110813],[2550133,1111081],[2550024,1111347],[2549944,1111489],[2549924,1111753],[2549997,1111877],[2550032,1112026],[2550048,1112139],[2550070,1112378],[2550086,1112653],[2550171,1112763],[2550239,1112869],[2550387,1112977],[2550447,1113105],[2550716,1113276],[2550835,1113404],[2550906,1113544],[2551091,1113655],[2551160,1113931],[2551212,1114085],[2551224,1114244],[2551407,1114422],[2551578,1114561],[2551381,1115806],[2550966,1117105],[2551017,1117265],[2551152,1117453],[2551270,1117581],[2551316,1117778],[2551394,1117978],[2551487,1118038],[2551493,1118248],[2551618,1118341],[2551758,1118428],[2551815,1118545],[2551904,1118738],[2551988,1118867],[2552152,1119021],[2552302,1119145],[2552397,1119382],[2552414,1119665],[2552376,1119879],[2552335,1120019],[2552334,1120186],[2552509,1120351],[2552646,1120410],[2552883,1120469],[2553045,1120476],[2553303,1120752],[2553486,1121099],[2553620,1121282],[2553657,1121516],[2553816,1122042],[2554994,1123010],[2555373,1124291],[2555574,1125314],[2555774,1125562],[2555776,1125708],[2555454,1126268],[2555125,1126892],[2554995,1126955],[2554754,1126833],[2554574,1126683],[2554400,1126688],[2554252,1126887],[2554170,1127141],[2553997,1127204],[2553875,1127238],[2553719,1127398],[2553567,1127544],[2553468,1127746],[2553185,1127776],[2553017,1127929],[2552986,1128176],[2553052,1128515],[2552902,1128831],[2552731,1129148],[2552666,1129173],[2552544,1129207],[2552399,1129357],[2552245,1129567],[2552039,1129583],[2551722,1129878],[2551334,1130114],[2551217,1130074],[2551136,1130049],[2551050,1130023],[2550967,1130008],[2550880,1130019],[2550804,1130133],[2550710,1130354],[2550650,1131216],[2550522,1131493],[2550407,1131463],[2550338,1131453],[2550244,1131448],[2550079,1131422],[2549886,1131415],[2549780,1131397],[2549717,1131450],[2549616,1131479],[2549657,1131690],[2549635,1131926],[2549498,1132061],[2549431,1132241],[2549389,1132323],[2549313,1132458],[2549251,1132624],[2548916,1133092],[2548767,1133348],[2548612,1133818],[2548717,1134658],[2548977,1134925],[2549292,1135163],[2549502,1135248],[2549784,1135210],[2549983,1135256],[2550100,1135249],[2550179,1135284],[2550285,1135337],[2550356,1135429],[2550440,1135513],[2550475,1135587],[2550538,1135660],[2550619,1135754],[2550686,1135868],[2550717,1135954],[2550768,1136078],[2550892,1136140],[2550978,1136224],[2551078,1136286],[2551254,1136505],[2551340,1136687],[2551336,1136949],[2551352,1137055],[2551147,1137170],[2551029,1137410],[2551007,1137595],[2551022,1137702],[2551061,1137791],[2551096,1137891],[2551115,1137982],[2551131,1138114],[2551153,1138155],[2551191,1138175],[2551256,1138218],[2551269,1138258],[2552528,1141944],[2555093,1138713],[2555681,1137895],[2556014,1137594],[2556215,1137383],[2556647,1136840],[2557003,1136634],[2557151,1136499],[2557412,1136177],[2557488,1135867],[2557544,1135154],[2557503,1134860],[2557342,1134467],[2557135,1133975],[2557152,1133784],[2557227,1133625],[2557333,1133516],[2557584,1133313],[2557845,1132896],[2558141,1132350],[2558365,1132162],[2558597,1132064],[2558803,1132042],[2559731,1132162],[2559879,1132143],[2560050,1132062],[2560786,1131161],[2560891,1130973],[2561008,1130423],[2560959,1129729],[2561071,1129139],[2561154,1128614],[2561271,1128115],[2561310,1127573],[2561693,1127121],[2562148,1126877],[2562345,1126739],[2563057,1126027],[2563135,1125899],[2563200,1125689],[2563409,1124563],[2563601,1124095],[2564755,1122816],[2565164,1122493],[2565242,1122340],[2565319,1121618],[2565384,1121460],[2565701,1121063],[2565793,1120811],[2565878,1120637],[2566092,1120498],[2566236,1120390],[2566334,1120228],[2566375,1119858],[2566352,1119645],[2566355,1119409],[2566454,1119160],[2566645,1119044],[2566755,1118916],[2566798,1118671],[2566852,1118454],[2566927,1118026],[2567019,1117597],[2567023,1117338],[2567077,1117181],[2567294,1117051],[2567476,1116940],[2567645,1116817],[2567769,1116708],[2567905,1116526],[2568139,1116219],[2568245,1115926],[2568379,1115681],[2568501,1115571],[2568571,1115482],[2568631,1115247],[2568703,1115164],[2568938,1115248],[2569200,1115351],[2569280,1115420],[2569419,1115460],[2569576,1115520],[2569692,1115583],[2569785,1115653],[2569963,1115765],[2570179,1115898],[2570434,1116061],[2570766,1116195],[2571079,1116512],[2571696,1116650],[2571811,1116587],[2571914,1116528],[2572081,1116455],[2572378,1116531],[2572718,1116674],[2572968,1116742],[2573179,1116924],[2573334,1117075],[2573499,1117304],[2573832,1117440],[2573992,1117629],[2574303,1117768],[2574517,1117916],[2574745,1118131],[2574878,1118364],[2575079,1118522],[2575283,1118873],[2575408,1119067],[2575587,1119150],[2575548,1119265],[2575553,1119623],[2575683,1120167],[2575728,1120481],[2575896,1120685],[2576098,1120664],[2576325,1120639],[2576573,1120617],[2576895,1120698],[2577177,1120896],[2577331,1121144],[2577653,1121284],[2577819,1121477],[2577861,1121635],[2577904,1121961],[2578061,1122264],[2578258,1122408],[2578532,1122454],[2578727,1122631],[2579020,1122979],[2579320,1123302],[2579435,1123480],[2579620,1123765],[2579835,1124002],[2580032,1124203],[2580249,1124139],[2580644,1124331],[2580779,1124607],[2580740,1125891],[2581137,1126359],[2581673,1129097],[2583648,1130729],[2584053,1130598],[2584762,1130646],[2585172,1130763],[2585446,1130987],[2585978,1131348],[2586275,1131758],[2586334,1132095],[2586301,1132516],[2586369,1132777],[2586345,1133043],[2586342,1133349],[2586366,1133622],[2586319,1133769],[2586402,1134008],[2588819,1135020],[2590173,1135880],[2590279,1135552],[2590312,1135320],[2590297,1135050],[2590228,1134584],[2590066,1134252],[2590039,1133697],[2589946,1133450],[2590080,1133168],[2590219,1132893],[2590716,1132508],[2591350,1132594],[2591837,1132787],[2592257,1132847],[2592615,1132993],[2593108,1133217],[2593768,1133494],[2594058,1133780],[2594537,1134020],[2594854,1134270],[2595346,1134745],[2595794,1135004],[2595964,1135260],[2596431,1135639],[2596764,1135943],[2597053,1136001],[2597357,1136087],[2597737,1136196],[2598179,1136378],[2598609,1136562],[2599275,1136688],[2599807,1137141],[2600289,1136879],[2600635,1136912],[2600870,1136907],[2601052,1136904],[2601350,1136770],[2601584,1136562],[2601669,1136212],[2602010,1136302],[2602458,1136454],[2602783,1136947],[2603563,1136327],[2603678,1135515],[2604097,1135532],[2604504,1135471],[2604769,1135404],[2605015,1135636],[2605188,1135834],[2605271,1136054],[2605682,1136088],[2605958,1136030],[2606497,1135951],[2606795,1135921],[2607338,1136138],[2607642,1136210],[2607855,1136936],[2608971,1137520],[2608816,1137674],[2608660,1137829],[2608457,1137963],[2608089,1138090],[2607497,1138362],[2607007,1138690],[2607284,1139497],[2607240,1139656],[2607446,1139842],[2607706,1139962],[2607998,1140065],[2608273,1140078],[2608630,1140089],[2608915,1140264],[2609539,1140190],[2609900,1140322],[2610231,1140386],[2610524,1140570],[2610827,1140656],[2611138,1140663],[2611289,1140411],[2611717,1140136],[2612155,1140182],[2612417,1140573],[2612289,1141117],[2612502,1141328],[2612949,1141506],[2613107,1141852],[2613168,1142208],[2613073,1142539],[2613239,1142838],[2613712,1142975],[2613976,1143113],[2614292,1143440],[2614344,1143628],[2616100,1142929],[2618733,1141788],[2619095,1141679],[2619347,1141511],[2619626,1141478],[2619829,1141187],[2620003,1140909],[2620403,1140661],[2621478,1140778],[2622825,1141470],[2623155,1141602],[2623450,1141880],[2623756,1142122],[2624134,1142328],[2624312,1142502],[2624544,1142676],[2624857,1142857],[2625154,1143233],[2625488,1143319],[2625904,1143572],[2626184,1143910],[2626598,1144317],[2627013,1144732],[2627309,1144969],[2627661,1145352],[2629795,1146524],[2630204,1146861],[2630626,1147103],[2630964,1147368],[2631152,1147501],[2631451,1147578],[2631833,1147426],[2632698,1147531],[2633322,1147531],[2633788,1147593],[2634151,1147741],[2634695,1148068],[2635067,1147985],[2635492,1148233],[2635874,1148527],[2636280,1148473],[2636458,1148691],[2636798,1149041],[2637236,1149068],[2637406,1149600],[2637908,1149825],[2638004,1150122],[2638106,1150378],[2638520,1150682],[2638933,1150862],[2639408,1150946],[2640149,1151261],[2640334,1151398],[2640739,1151698],[2640876,1152084],[2641007,1152636],[2640717,1153152],[2640523,1153484],[2640345,1153831],[2640197,1154154],[2640275,1154422],[2640444,1154490],[2640605,1154666],[2640715,1154926],[2640894,1155049],[2641231,1155224],[2641676,1155300],[2641951,1155296],[2642173,1155545],[2642277,1155766],[2642489,1156081],[2642643,1156350],[2643273,1156546],[2644043,1156938],[2644706,1157015],[2645085,1156901],[2645577,1156907],[2645834,1156653],[2646123,1156492],[2646456,1156330],[2647031,1156261],[2647446,1156022],[2647681,1155823],[2647984,1155972],[2648720,1156126],[2649092,1156108],[2649379,1155904],[2649779,1155762],[2650235,1155756],[2650663,1155421],[2651221,1155439],[2651677,1155304],[2651834,1155253],[2652030,1155020],[2652243,1154776],[2652513,1154532],[2652675,1154341],[2652897,1154194],[2653404,1154067],[2653842,1153980],[2654400,1153742],[2654815,1153604],[2655174,1153623],[2655408,1153558],[2655669,1153661],[2656289,1153602],[2656423,1153258],[2656516,1152804],[2657049,1152409],[2657524,1152589],[2658117,1152718],[2658554,1152802],[2658915,1152774],[2659210,1152921],[2659601,1153014],[2659984,1153087],[2660454,1153117],[2660793,1153156],[2661210,1153147],[2661843,1153209],[2662262,1153383],[2662735,1153463],[2663241,1153907],[2663774,1154073],[2664155,1154240],[2664511,1154212],[2664847,1154501],[2664931,1154744],[2665312,1155041],[2665694,1155198],[2666156,1155249],[2666336,1155332],[2666643,1155647],[2666868,1155931],[2667458,1156872],[2668621,1157033],[2668926,1157111],[2669984,1158235],[2670927,1159369],[2670744,1160291],[2670871,1160553],[2670776,1161008],[2670736,1161240],[2670773,1161624],[2670983,1161835],[2671038,1162086],[2671228,1162486],[2671379,1162979],[2671384,1163158],[2671269,1163650],[2671276,1163893],[2671256,1164251],[2671272,1164585],[2671464,1165157],[2671815,1165093],[2672327,1165477],[2672565,1165865],[2672900,1166355],[2673211,1166655],[2675103,1166948],[2675217,1166274],[2675166,1165573],[2675098,1165182],[2675216,1164657],[2675214,1164364],[2675210,1164112],[2675242,1163629],[2675133,1163139],[2674761,1162023],[2674463,1161675],[2674342,1161218],[2674325,1160734],[2674283,1160204],[2674294,1159708],[2674859,1158403],[2675216,1157391],[2675512,1156960],[2675578,1156087],[2675751,1155672],[2675951,1155183],[2676596,1154757],[2677018,1154651],[2677722,1154262],[2678155,1154102],[2678777,1154314],[2679013,1154053],[2679715,1153453],[2679759,1153179],[2679514,1153049],[2679245,1152764],[2679039,1152444],[2678858,1152240],[2678286,1151482],[2677581,1150854],[2677267,1150006],[2676963,1149895],[2676574,1149985],[2676072,1149855],[2675507,1149634],[2675165,1149564],[2674953,1149705],[2674699,1149611],[2674349,1149504],[2673847,1149491],[2673498,1149649],[2673178,1149597],[2673309,1149099],[2673391,1148554],[2673130,1148242],[2672873,1147755],[2672914,1147444],[2673068,1146932],[2673196,1146699],[2672727,1146465],[2672648,1145936],[2672525,1145629],[2672654,1145128],[2672688,1144974]]]}},{"type":"Feature","properties":{"KANTONSNUM":22,"NAME":"Vaud"},"geometry":{"type":"Polygon","coordinates":[[[2571640,1116684],[2570845,1116323],[2570692,1116131],[2570290,1115976],[2570141,1115798],[2569867,1115709],[2569752,1115625],[2569656,1115553],[2569518,1115482],[2569377,1115467],[2569281,1115367],[2569182,1115320],[2568879,1115248],[2568672,1115174],[2568615,1115296],[2568547,1115521],[2568449,1115608],[2568284,1115853],[2568213,1116008],[2568097,1116292],[2567859,1116585],[2567715,1116762],[2567594,1116849],[2567412,1116989],[2567155,1117110],[2567045,1117236],[2567031,1117477],[2566971,1117759],[2566896,1118258],[2566823,1118552],[2566781,1118825],[2566724,1118969],[2566549,1119090],[2566402,1119252],[2566347,1119476],[2566367,1119722],[2566357,1120136],[2566312,1120280],[2566179,1120444],[2565963,1120562],[2565838,1120693],[2565774,1120897],[2565664,1121119],[2565352,1121518],[2565308,1121683],[2565219,1122400],[2565129,1122534],[2564572,1122979],[2563500,1124257],[2563335,1125013],[2563182,1125770],[2563114,1125941],[2562999,1126092],[2562287,1126785],[2561840,1127028],[2561451,1127331],[2561272,1127737],[2561266,1128208],[2561125,1128751],[2560988,1129439],[2561007,1130174],[2560977,1130592],[2560861,1131041],[2560138,1131989],[2559996,1132094],[2559825,1132156],[2559482,1132131],[2558738,1132043],[2558503,1132093],[2558258,1132238],[2558091,1132413],[2557769,1133032],[2557546,1133352],[2557281,1133561],[2557196,1133674],[2557137,1133855],[2557151,1134064],[2557426,1134637],[2557523,1134951],[2557540,1135291],[2557448,1136077],[2557374,1136247],[2557103,1136550],[2556914,1136690],[2556591,1136889],[2556122,1137489],[2555819,1137762],[2555627,1137968],[2552688,1141808],[2532500,1145329],[2505636,1134270],[2505625,1134303],[2505580,1134340],[2505545,1134317],[2505450,1134353],[2505393,1134403],[2505330,1134434],[2505221,1134485],[2505117,1134501],[2505010,1134508],[2504936,1134477],[2504866,1134470],[2504761,1134507],[2504679,1134553],[2504655,1134631],[2504623,1134708],[2504589,1134765],[2504541,1134850],[2504512,1134895],[2504561,1134943],[2504515,1135036],[2504448,1135109],[2504058,1135134],[2503655,1135129],[2503452,1135369],[2503161,1135578],[2502763,1135182],[2502558,1134507],[2502631,1134465],[2502699,1134432],[2503146,1134266],[2503634,1133893],[2503686,1133918],[2503741,1133939],[2503794,1133961],[2503856,1133895],[2503899,1133859],[2503940,1133834],[2503995,1133789],[2504066,1133798],[2504141,1133815],[2504205,1133784],[2504216,1133172],[2505110,1132744],[2502271,1127832],[2501133,1128287],[2500011,1128977],[2499480,1129616],[2499180,1129927],[2499110,1130166],[2498945,1130352],[2498904,1130439],[2498870,1130535],[2498851,1130623],[2498935,1130735],[2499064,1130858],[2499184,1130986],[2499306,1131109],[2499341,1131222],[2499445,1131354],[2499528,1131565],[2499661,1131601],[2499623,1131656],[2499633,1131729],[2499781,1131870],[2499729,1131960],[2499786,1132093],[2499886,1132130],[2499943,1132185],[2499951,1132318],[2499813,1132399],[2499859,1132497],[2499829,1132563],[2499963,1132635],[2499846,1132707],[2499929,1132765],[2499989,1132813],[2500069,1132931],[2500228,1132982],[2500370,1133052],[2500449,1132958],[2500571,1133103],[2500750,1133190],[2500829,1133344],[2500881,1133470],[2500951,1133563],[2500917,1133703],[2501063,1133672],[2501144,1133785],[2501266,1133849],[2501290,1133919],[2501406,1134014],[2501444,1134105],[2501448,1134177],[2501390,1134279],[2501438,1134392],[2501450,1134533],[2501489,1134612],[2501521,1134668],[2501549,1134764],[2502381,1135840],[2502031,1136461],[2501832,1136667],[2501751,1136732],[2501706,1136766],[2501682,1136862],[2501705,1136952],[2501663,1137003],[2501645,1137042],[2501659,1137111],[2501668,1137169],[2501642,1137178],[2501594,1137227],[2501579,1137282],[2501521,1137286],[2501483,1137233],[2501200,1137139],[2501128,1137067],[2500371,1137593],[2498950,1138885],[2498052,1139594],[2497819,1139493],[2497424,1139657],[2497050,1140218],[2496969,1140506],[2494874,1141236],[2494841,1142493],[2495894,1144030],[2495128,1146309],[2495675,1147409],[2496347,1148070],[2496964,1148653],[2498229,1151779],[2501415,1154753],[2501256,1156117],[2499972,1157404],[2498799,1159796],[2500191,1161291],[2501565,1162221],[2502571,1162947],[2503560,1163981],[2504541,1164644],[2505199,1165458],[2505818,1165777],[2506444,1166335],[2507290,1167045],[2508860,1168785],[2510496,1170302],[2510507,1170572],[2512565,1172115],[2514849,1173413],[2517057,1174686],[2517621,1175173],[2517710,1175140],[2517795,1175113],[2517901,1175074],[2517941,1175157],[2518050,1175174],[2518192,1175918],[2518273,1175972],[2518357,1176026],[2518418,1176047],[2518536,1176053],[2518625,1176087],[2518702,1176101],[2518747,1176082],[2518786,1176070],[2518833,1176049],[2518863,1176036],[2518896,1176038],[2518925,1176028],[2518959,1176024],[2518999,1176018],[2519028,1176029],[2519054,1176047],[2519087,1176057],[2519131,1176044],[2519219,1176049],[2519255,1176057],[2519295,1176078],[2519340,1176080],[2519374,1176084],[2519402,1176091],[2519442,1176113],[2519810,1176524],[2520270,1178007],[2522121,1178502],[2523562,1179662],[2524823,1181701],[2523876,1183451],[2523763,1186356],[2525179,1189090],[2526176,1188900],[2527786,1189100],[2528347,1189303],[2529087,1189564],[2530505,1190133],[2530873,1190469],[2531157,1190838],[2531620,1191121],[2531990,1191310],[2532364,1191680],[2532735,1191717],[2533237,1191974],[2533694,1192253],[2534512,1192666],[2535974,1192844],[2538151,1193386],[2539709,1195816],[2540917,1196605],[2542965,1197614],[2545342,1198584],[2545417,1198100],[2545071,1196338],[2545272,1195183],[2546732,1193709],[2546635,1192825],[2546696,1192824],[2546778,1192778],[2546778,1192663],[2546733,1192437],[2546666,1192173],[2546535,1191825],[2546364,1191471],[2546254,1191293],[2546195,1191035],[2546553,1191299],[2547641,1191284],[2549018,1184145],[2549115,1184070],[2549195,1183963],[2549630,1183480],[2550213,1183245],[2549986,1183055],[2549700,1182812],[2549404,1182279],[2550031,1182588],[2550280,1182297],[2550518,1182034],[2550980,1181574],[2551314,1181605],[2551603,1181790],[2551936,1181589],[2552177,1181053],[2552522,1180946],[2552577,1181004],[2552645,1180937],[2552679,1180879],[2552728,1180863],[2552766,1180831],[2552799,1180806],[2552838,1180789],[2552872,1180757],[2552916,1180724],[2552963,1180672],[2552990,1180641],[2553007,1180623],[2553021,1180601],[2553044,1180567],[2553074,1180511],[2553088,1180463],[2553117,1180437],[2553157,1180392],[2553191,1180407],[2553507,1180694],[2553923,1180685],[2554117,1180938],[2554180,1181154],[2554468,1181073],[2554560,1181020],[2554733,1181134],[2554826,1181272],[2555016,1181384],[2555065,1181681],[2555313,1181770],[2555734,1182027],[2556105,1181730],[2556071,1181585],[2556027,1181566],[2555961,1181497],[2556182,1181205],[2556482,1181101],[2556594,1180990],[2557130,1180688],[2557195,1180716],[2557284,1180725],[2557557,1180775],[2558108,1180922],[2558513,1181025],[2559126,1181332],[2559432,1181541],[2559510,1181353],[2559762,1181199],[2559878,1181356],[2560068,1181484],[2560176,1181638],[2560181,1181725],[2560127,1182030],[2560170,1182162],[2560270,1182284],[2560328,1182448],[2560467,1182755],[2560480,1182952],[2560525,1183014],[2560848,1183152],[2560899,1183214],[2560944,1183437],[2561015,1183535],[2561144,1183607],[2561236,1183698],[2561294,1183863],[2561283,1183972],[2561224,1184052],[2561049,1184155],[2560992,1184249],[2560947,1184329],[2560788,1184305],[2560525,1184386],[2560455,1184453],[2560337,1184469],[2560262,1184411],[2560221,1184376],[2560168,1184315],[2560035,1184179],[2559258,1183967],[2559478,1184349],[2559651,1184845],[2559548,1185133],[2559611,1185239],[2559555,1185285],[2559531,1185561],[2559313,1185986],[2559407,1186414],[2559385,1186494],[2559463,1187012],[2559733,1187715],[2561056,1189413],[2560636,1189898],[2560340,1190243],[2560102,1190388],[2559913,1190669],[2559375,1190441],[2559152,1190358],[2558480,1190360],[2558311,1190571],[2558735,1190725],[2559312,1190949],[2559660,1191068],[2560244,1191115],[2559826,1192198],[2558992,1192451],[2558671,1192579],[2560781,1194836],[2561019,1194554],[2561106,1194524],[2561156,1194486],[2561229,1194430],[2561267,1194389],[2561199,1194296],[2561166,1194216],[2561108,1194193],[2561055,1194177],[2561021,1194125],[2560998,1194104],[2560929,1194045],[2560892,1194016],[2560843,1193984],[2560763,1193913],[2560785,1193830],[2560812,1193728],[2560872,1193674],[2560908,1193639],[2560984,1193646],[2561072,1193643],[2561124,1193676],[2561201,1193680],[2561268,1193637],[2561346,1193600],[2561431,1193607],[2561541,1193478],[2561895,1193281],[2561928,1193031],[2561983,1192964],[2562048,1192930],[2562099,1192898],[2562127,1192844],[2562151,1192769],[2562322,1192598],[2562484,1192426],[2562576,1192239],[2562646,1192101],[2562752,1192025],[2562808,1191998],[2562881,1191949],[2562936,1191771],[2562912,1191618],[2563247,1191320],[2563718,1190874],[2563887,1191373],[2563888,1191506],[2563584,1191927],[2563500,1192012],[2563465,1192039],[2563491,1192116],[2563609,1192567],[2563701,1192617],[2563748,1192544],[2564182,1192678],[2564614,1192905],[2564686,1192777],[2564805,1192679],[2565067,1192432],[2565344,1192016],[2565597,1191343],[2565228,1190837],[2565070,1189756],[2564855,1189075],[2564869,1188850],[2565100,1188418],[2565283,1188443],[2565545,1188203],[2565471,1187759],[2565488,1187510],[2565537,1187414],[2565528,1187367],[2565520,1187319],[2565514,1187282],[2565489,1187253],[2565468,1187213],[2565532,1187157],[2565778,1187037],[2565988,1186848],[2565825,1186533],[2565745,1186238],[2565610,1186088],[2565425,1185913],[2565308,1185748],[2565103,1185820],[2564873,1185855],[2564590,1185878],[2564440,1186050],[2564265,1186075],[2564110,1186255],[2563883,1186403],[2563558,1185975],[2563413,1185325],[2563243,1185035],[2563415,1184675],[2563560,1184210],[2563728,1183817],[2563957,1183623],[2563807,1183364],[2563620,1183211],[2563374,1182903],[2563221,1182721],[2563210,1182479],[2563277,1182251],[2563260,1181994],[2563020,1181837],[2562789,1181620],[2562673,1181407],[2562613,1181434],[2562548,1181426],[2562496,1181455],[2562426,1181522],[2562359,1181604],[2562141,1181547],[2561882,1181218],[2561835,1181226],[2561829,1181264],[2561680,1180958],[2561428,1180764],[2561397,1180215],[2561472,1180110],[2561221,1179937],[2561076,1179749],[2560873,1179474],[2560613,1179111],[2560189,1179159],[2559736,1179008],[2559481,1178614],[2559594,1178262],[2559727,1178259],[2559983,1178157],[2560077,1178255],[2560138,1178284],[2560188,1178237],[2560217,1178192],[2560262,1178118],[2560323,1178041],[2560336,1177956],[2560389,1177925],[2560463,1177943],[2560543,1178001],[2560660,1178021],[2560771,1178062],[2560874,1178129],[2560945,1178163],[2561059,1178212],[2561169,1178239],[2561231,1178171],[2561276,1178098],[2561352,1177998],[2561429,1177934],[2561503,1177845],[2561576,1177821],[2561763,1177561],[2561861,1177298],[2561939,1177069],[2561846,1176818],[2561586,1176392],[2561508,1176202],[2561514,1175883],[2560718,1175056],[2560414,1174645],[2560211,1174377],[2560044,1174403],[2559479,1174022],[2559104,1173716],[2558547,1172937],[2558264,1172490],[2558349,1172321],[2558126,1171840],[2557874,1171605],[2557763,1171420],[2557356,1171140],[2556735,1170390],[2556210,1170515],[2556132,1170186],[2555993,1169875],[2556080,1169624],[2556104,1169602],[2556134,1169587],[2556153,1169560],[2556203,1169545],[2556252,1169514],[2556302,1169485],[2556325,1169469],[2556354,1169456],[2556373,1169458],[2556463,1169403],[2556560,1169196],[2556363,1168950],[2556243,1168721],[2556269,1168036],[2556028,1167665],[2555608,1167687],[2555492,1167612],[2555395,1167467],[2555021,1167421],[2554579,1167634],[2554432,1167618],[2554451,1167913],[2554053,1168077],[2553931,1168022],[2553549,1167847],[2553286,1167853],[2553060,1167565],[2552778,1167034],[2552445,1166641],[2552521,1166544],[2552344,1166428],[2552195,1166517],[2552139,1166669],[2551980,1166665],[2551885,1166745],[2551643,1166792],[2551484,1166739],[2551265,1166605],[2551031,1166477],[2551293,1166298],[2551319,1166038],[2551020,1165573],[2550930,1165133],[2550880,1164980],[2550869,1164823],[2550961,1164551],[2551092,1164516],[2551221,1164252],[2551227,1164077],[2551284,1163819],[2551351,1163656],[2551269,1163256],[2551307,1162965],[2551333,1162292],[2551252,1161451],[2551090,1160440],[2551130,1160223],[2551062,1160146],[2551062,1160104],[2551048,1160030],[2551040,1159994],[2551049,1159914],[2551016,1159837],[2550971,1159702],[2550942,1159649],[2550956,1159588],[2551001,1159522],[2550982,1159434],[2550962,1159387],[2550991,1159338],[2550980,1159280],[2550959,1159166],[2550896,1159041],[2550862,1158984],[2550796,1158928],[2550749,1158874],[2550728,1158789],[2550740,1158709],[2550751,1158631],[2550705,1158531],[2550673,1158479],[2550654,1158434],[2550954,1158303],[2551276,1158454],[2551349,1158586],[2551786,1158811],[2552059,1158763],[2551943,1158993],[2551985,1159120],[2552116,1159358],[2552128,1159481],[2552309,1159470],[2552565,1159380],[2552611,1159353],[2552631,1159336],[2552655,1159309],[2552662,1159278],[2552673,1159244],[2552683,1159198],[2552696,1159170],[2552699,1159138],[2552693,1159115],[2552693,1159093],[2552713,1159062],[2552732,1159017],[2552806,1158833],[2552856,1158709],[2552879,1158655],[2552952,1158677],[2552993,1158695],[2553068,1158698],[2553115,1158702],[2553163,1158661],[2553201,1158627],[2553232,1158619],[2553721,1158409],[2553796,1158470],[2553863,1158530],[2553898,1158608],[2553896,1158663],[2554102,1158812],[2554123,1158898],[2554182,1158944],[2554261,1159084],[2554371,1159220],[2554480,1159233],[2554630,1159354],[2554804,1159254],[2554822,1159187],[2554990,1159036],[2555559,1158917],[2555875,1158745],[2556248,1158369],[2556535,1157755],[2556770,1157246],[2556970,1157373],[2557168,1157421],[2557510,1156892],[2557681,1157124],[2557714,1157338],[2557838,1157530],[2557997,1157518],[2558247,1157652],[2558534,1157828],[2558728,1157615],[2558616,1157236],[2558662,1157135],[2558731,1156685],[2558647,1156641],[2558566,1156633],[2558473,1156728],[2558426,1156693],[2558358,1156649],[2558289,1156570],[2558283,1156613],[2558226,1156656],[2558192,1156584],[2558046,1156495],[2558057,1156374],[2557958,1156421],[2557841,1156489],[2557696,1156348],[2557449,1156005],[2557263,1155801],[2557174,1155670],[2557042,1155544],[2556920,1155354],[2556792,1155201],[2556605,1155099],[2556496,1154965],[2556318,1154813],[2556247,1154628],[2556121,1154491],[2555995,1154347],[2555897,1153902],[2555756,1153474],[2555527,1153451],[2555528,1153625],[2555496,1153716],[2555574,1153909],[2555587,1154035],[2555448,1154088],[2555338,1154139],[2555330,1154313],[2555240,1154508],[2555210,1154626],[2555055,1154639],[2554922,1154576],[2554319,1154335],[2553991,1154299],[2553788,1154228],[2553494,1154206],[2553394,1154204],[2553267,1154237],[2552923,1154451],[2553148,1154812],[2553065,1154872],[2552962,1154870],[2552964,1154769],[2552900,1154666],[2552878,1154631],[2552815,1154604],[2552822,1154584],[2552786,1154545],[2552754,1154517],[2552738,1154483],[2552692,1154435],[2552673,1154411],[2552622,1154343],[2552616,1154301],[2552618,1154264],[2552564,1154233],[2552528,1154224],[2552497,1154196],[2552475,1154142],[2552448,1154106],[2552413,1154104],[2552436,1154076],[2552426,1154050],[2552437,1154016],[2552429,1153974],[2552419,1153948],[2552390,1153942],[2552384,1153926],[2552384,1153891],[2552406,1153863],[2552400,1153815],[2552380,1153793],[2552367,1153756],[2552350,1153704],[2552333,1153664],[2552363,1153666],[2552336,1153644],[2552322,1153595],[2552328,1153582],[2552310,1153543],[2552276,1153500],[2552247,1153458],[2552231,1153414],[2552189,1153354],[2552124,1153265],[2552104,1153214],[2552092,1153184],[2552070,1153167],[2552019,1153110],[2552023,1153078],[2551983,1153036],[2551990,1152999],[2551983,1152970],[2551941,1152936],[2551909,1152908],[2551892,1152876],[2551856,1152876],[2551840,1152865],[2551947,1152707],[2552002,1152667],[2552379,1151878],[2552551,1151751],[2552750,1151525],[2552886,1151394],[2553135,1151384],[2553233,1151416],[2553357,1151352],[2553429,1150967],[2553466,1150640],[2554037,1149823],[2554233,1149649],[2554478,1149635],[2554612,1149431],[2554991,1149279],[2555898,1149688],[2556832,1150893],[2557624,1151663],[2558306,1152143],[2558414,1152272],[2558492,1152227],[2558443,1152006],[2558481,1151638],[2558336,1151300],[2558274,1151031],[2558416,1150985],[2558583,1151105],[2558683,1151255],[2558749,1151472],[2559009,1151439],[2559165,1151422],[2559401,1151373],[2559564,1151450],[2559657,1151237],[2559871,1151166],[2560028,1151089],[2560251,1150938],[2560430,1150906],[2560726,1150578],[2561051,1150490],[2561192,1150273],[2561613,1150088],[2561940,1150167],[2562073,1150138],[2562183,1150115],[2562405,1150188],[2562584,1150217],[2562822,1150167],[2562960,1149913],[2563343,1149662],[2563484,1149571],[2563587,1149440],[2563616,1149300],[2563697,1149196],[2563884,1149082],[2564018,1148980],[2564195,1148931],[2564236,1148827],[2564201,1148715],[2564217,1148592],[2564232,1148460],[2564226,1148312],[2564285,1148102],[2564310,1147949],[2564371,1147777],[2564413,1147621],[2564719,1147088],[2564690,1146663],[2564690,1146260],[2564695,1145630],[2564803,1145385],[2565100,1145155],[2565548,1144555],[2565628,1144165],[2565463,1143893],[2565030,1143145],[2565475,1143090],[2566108,1143393],[2566450,1143608],[2566918,1143818],[2567228,1144003],[2567780,1144557],[2567927,1145522],[2568448,1146140],[2569541,1147271],[2570856,1148283],[2572435,1148636],[2574228,1148560],[2574877,1149371],[2576383,1150418],[2577727,1153060],[2578134,1152929],[2578493,1152874],[2578829,1153049],[2579132,1153307],[2579431,1153476],[2579546,1153582],[2579608,1153595],[2579785,1153747],[2579845,1153803],[2579886,1153840],[2579913,1153873],[2579998,1153940],[2580131,1154025],[2580287,1154133],[2580332,1154152],[2581764,1154430],[2582652,1153944],[2582640,1153977],[2582704,1154049],[2582752,1154071],[2582791,1154087],[2582822,1154153],[2582869,1154204],[2582915,1154290],[2582990,1154384],[2582994,1154409],[2583038,1154479],[2583050,1154511],[2583126,1154611],[2583158,1154656],[2583195,1154702],[2583230,1154752],[2583261,1154765],[2583294,1154809],[2583337,1154832],[2583365,1154882],[2583380,1154944],[2583399,1155017],[2583405,1155037],[2583424,1155092],[2583480,1155184],[2583529,1155209],[2583566,1155242],[2583652,1155353],[2583710,1155377],[2583767,1155408],[2583798,1155437],[2583825,1155446],[2583885,1155471],[2583916,1155477],[2583974,1155516],[2584023,1155530],[2584044,1155558],[2584068,1155580],[2584130,1155568],[2584150,1155563],[2584180,1155583],[2584258,1155663],[2584334,1155747],[2584470,1155877],[2584512,1155873],[2584519,1155853],[2584558,1155031],[2584587,1155016],[2584623,1154962],[2584689,1154919],[2584733,1154816],[2584760,1154762],[2584867,1154609],[2584958,1154469],[2585043,1154410],[2585081,1154359],[2585115,1154263],[2585157,1154169],[2585224,1154045],[2585221,1153872],[2585159,1153706],[2585126,1153556],[2585194,1153451],[2585254,1153375],[2585286,1153249],[2585298,1153044],[2585327,1152914],[2585357,1152765],[2585367,1152679],[2585366,1152531],[2585393,1152482],[2585370,1152384],[2585393,1152300],[2585461,1152210],[2585450,1152078],[2585434,1151930],[2585402,1151767],[2585392,1151650],[2585343,1151534],[2585344,1151400],[2585414,1151313],[2585410,1151234],[2585385,1151072],[2585331,1150990],[2585262,1150876],[2585226,1150693],[2585235,1150538],[2585135,1150396],[2585107,1150258],[2585148,1150146],[2585101,1150076],[2585025,1149906],[2584935,1149763],[2584847,1149655],[2584843,1149537],[2584717,1149406],[2584691,1149483],[2584600,1149430],[2584511,1149374],[2584336,1149346],[2584181,1149295],[2584370,1149120],[2584433,1148672],[2584005,1148484],[2583755,1148356],[2583679,1148394],[2583595,1148424],[2583574,1147866],[2584040,1146154],[2583906,1145375],[2583710,1145144],[2583781,1145111],[2583842,1145060],[2583885,1145015],[2583960,1144926],[2584020,1144865],[2584089,1144814],[2584131,1144739],[2584085,1144714],[2584030,1144702],[2583968,1144696],[2583914,1144671],[2583858,1144623],[2583799,1144585],[2583727,1144541],[2583660,1144502],[2583674,1144109],[2582670,1143155],[2581971,1143135],[2581970,1143175],[2581977,1143214],[2581894,1143244],[2581833,1143273],[2581822,1143299],[2581717,1143294],[2581693,1143293],[2581661,1143271],[2581598,1143260],[2581562,1143230],[2581520,1143247],[2581452,1143261],[2581418,1143258],[2581397,1143272],[2581337,1143262],[2581287,1143288],[2581260,1142370],[2581591,1142019],[2582051,1141151],[2582353,1140662],[2582332,1140393],[2582283,1140117],[2582246,1139095],[2581974,1138581],[2581520,1137727],[2581198,1136898],[2581633,1136413],[2581773,1136412],[2581924,1136402],[2582158,1136470],[2582214,1136170],[2582194,1135817],[2582391,1135630],[2582431,1135427],[2582873,1134537],[2583146,1134545],[2583653,1134765],[2583786,1134588],[2583922,1134529],[2583783,1134443],[2583694,1134272],[2583482,1134189],[2583280,1134126],[2583118,1134059],[2580771,1128085],[2581155,1126220],[2580617,1125841],[2580750,1124546],[2580626,1124315],[2580203,1124157],[2579998,1124209],[2579802,1123952],[2579599,1123742],[2579434,1123446],[2579284,1123273],[2578986,1122948],[2578694,1122595],[2578507,1122455],[2578232,1122410],[2578034,1122205],[2577875,1121890],[2577847,1121615],[2577792,1121437],[2577541,1121225],[2577326,1121124],[2577161,1120871],[2576886,1120695],[2576550,1120625],[2576303,1120646],[2576072,1120661],[2575890,1120674],[2575729,1120460],[2575659,1120134],[2575556,1119485],[2575557,1119252],[2575568,1119148],[2575400,1119048],[2575265,1118849],[2575048,1118495],[2574851,1118341],[2574722,1118105],[2574502,1117906],[2574235,1117725],[2573972,1117609],[2573755,1117423],[2573480,1117283],[2573319,1117059],[2573150,1116902],[2572968,1116742],[2572633,1116640],[2572358,1116544],[2572061,1116455],[2571889,1116530],[2571794,1116593],[2571673,1116661],[2571640,1116684]],[[2502086,1133206],[2502430,1132939],[2502486,1132973],[2502533,1133038],[2502525,1133091],[2502529,1133135],[2502520,1133180],[2502503,1133231],[2502507,1133293],[2502515,1133350],[2502573,1133409],[2502613,1133451],[2502646,1133521],[2502686,1133608],[2502846,1133477],[2503010,1133370],[2503385,1133536],[2502751,1134091],[2502682,1133908],[2502321,1133661],[2502086,1133206]],[[2549141,1178014],[2548772,1177253],[2548112,1176658],[2548086,1176555],[2548016,1176475],[2547684,1176426],[2547539,1176340],[2547531,1176320],[2547508,1176296],[2547485,1176265],[2547477,1176228],[2547472,1176208],[2547466,1176179],[2547450,1176161],[2547429,1176137],[2547418,1176106],[2547399,1176060],[2547376,1176028],[2547364,1176000],[2547345,1175983],[2547492,1175456],[2548029,1175146],[2548134,1174601],[2548271,1174336],[2549452,1175205],[2549440,1175359],[2549433,1175537],[2549526,1175684],[2549686,1175838],[2549827,1175922],[2549874,1176075],[2549988,1176419],[2550025,1177225],[2550040,1177425],[2550065,1177463],[2550110,1177552],[2550139,1177572],[2549879,1177734],[2549141,1178014]],[[2551656,1175277],[2552002,1175382],[2552294,1175676],[2552426,1175834],[2552783,1176065],[2553350,1176212],[2553677,1176160],[2553945,1175990],[2554081,1175911],[2554483,1175573],[2554723,1175314],[2555667,1175112],[2556179,1175146],[2556354,1175414],[2556278,1175439],[2556244,1175484],[2556189,1175505],[2556224,1175736],[2557474,1177776],[2557048,1178343],[2556900,1178614],[2556621,1178714],[2556345,1178951],[2556090,1179265],[2556044,1179323],[2555987,1179256],[2555915,1179238],[2555838,1179240],[2555803,1179173],[2555720,1179154],[2555735,1179119],[2555706,1179084],[2555693,1179295],[2555808,1179619],[2555789,1179648],[2555738,1179678],[2555684,1179717],[2555632,1179763],[2555585,1179793],[2555548,1179860],[2555521,1179906],[2555524,1179955],[2555524,1180021],[2555512,1180075],[2555379,1180257],[2555235,1180279],[2555181,1180357],[2555223,1180515],[2555054,1180391],[2554829,1180504],[2554723,1180250],[2554798,1180190],[2554949,1180164],[2554563,1179672],[2554411,1179307],[2554230,1179171],[2553877,1178905],[2553625,1178620],[2553411,1178418],[2553478,1178281],[2553467,1178197],[2553421,1178163],[2553285,1178070],[2553263,1177903],[2553093,1177693],[2552961,1177482],[2552883,1177480],[2552805,1177214],[2552684,1177074],[2552519,1176931],[2552348,1176795],[2552407,1176691],[2552402,1176514],[2552362,1176454],[2552305,1176422],[2552207,1176442],[2552080,1176471],[2551980,1176422],[2551926,1176363],[2551865,1176333],[2551786,1176307],[2551749,1176255],[2551663,1176236],[2551496,1176383],[2551284,1176192],[2551043,1176074],[2550935,1176304],[2550792,1176196],[2550668,1176140],[2550493,1175931],[2550378,1175608],[2550268,1175480],[2550331,1175395],[2550498,1175315],[2550572,1175198],[2550763,1175182],[2550849,1175192],[2550990,1175200],[2551114,1175202],[2551232,1175242],[2551525,1175331],[2551656,1175277]],[[2564321,1186264],[2564321,1186264]]]}},{"type":"Feature","properties":{"KANTONSNUM":21,"NAME":"Ticino"},"geometry":{"type":"Polygon","coordinates":[[[2672688,1144974],[2672601,1145331],[2672546,1145852],[2672801,1146204],[2672934,1146635],[2673197,1146905],[2672986,1147344],[2672781,1147702],[2672954,1147979],[2673302,1148435],[2673371,1148902],[2673170,1149492],[2673354,1149664],[2673802,1149587],[2674148,1149496],[2674614,1149504],[2674869,1149710],[2675123,1149635],[2675422,1149559],[2675832,1149764],[2676363,1149997],[2676792,1149904],[2677150,1149878],[2677305,1150182],[2677956,1151213],[2678572,1151900],[2678931,1152383],[2679183,1152675],[2679403,1152970],[2679680,1153115],[2679702,1153428],[2680071,1153934],[2680784,1154095],[2681456,1154278],[2681972,1154382],[2682344,1154600],[2682733,1154731],[2682945,1155087],[2682783,1155480],[2682505,1156147],[2682401,1156791],[2682665,1157415],[2682979,1158214],[2683274,1159082],[2683416,1159556],[2683971,1159838],[2684471,1160008],[2685255,1159428],[2686022,1159522],[2686899,1159790],[2687278,1159514],[2687835,1159049],[2688303,1158662],[2688938,1158699],[2689619,1158823],[2690167,1159217],[2690965,1159094],[2691293,1158743],[2691409,1157863],[2691954,1157702],[2692454,1157831],[2692972,1157986],[2693427,1158258],[2693624,1158770],[2694040,1159005],[2694587,1159324],[2695135,1159359],[2695307,1159341],[2695502,1159532],[2695749,1159548],[2695990,1159522],[2696296,1159570],[2696398,1159630],[2696563,1159610],[2696625,1159462],[2696846,1159408],[2697052,1159210],[2697081,1159015],[2697196,1158833],[2697589,1158678],[2697789,1158609],[2697986,1158564],[2698187,1158639],[2698329,1158751],[2698472,1158896],[2698648,1159035],[2698811,1159176],[2698903,1159131],[2699027,1159057],[2699199,1158991],[2699427,1158886],[2699556,1158824],[2699644,1158729],[2699789,1158720],[2700026,1158717],[2700170,1158801],[2700286,1158910],[2700407,1159032],[2700534,1159123],[2700769,1159036],[2701112,1158897],[2701442,1158964],[2706650,1158377],[2706712,1158068],[2706938,1157855],[2707162,1157826],[2707425,1157834],[2708251,1158331],[2708425,1158468],[2708655,1158639],[2708989,1158703],[2709168,1158851],[2709327,1158959],[2709531,1158990],[2709819,1159068],[2710125,1159116],[2710315,1159247],[2710404,1159375],[2711993,1160132],[2712562,1160505],[2712883,1160807],[2713110,1161128],[2713157,1161411],[2713271,1161650],[2713167,1161905],[2712967,1162060],[2712848,1162237],[2712732,1162352],[2712501,1162749],[2712389,1163223],[2712454,1163614],[2712619,1163821],[2712769,1164020],[2713089,1164187],[2713354,1164242],[2713511,1164444],[2713775,1164607],[2714141,1164422],[2714556,1164345],[2714835,1164232],[2715166,1164164],[2715398,1164378],[2715649,1164674],[2715815,1165099],[2715811,1165311],[2715832,1165534],[2716036,1165651],[2716243,1165516],[2716790,1162417],[2717114,1162514],[2717563,1162416],[2720214,1163242],[2720482,1163075],[2720670,1162839],[2720866,1162543],[2721714,1162138],[2722138,1162209],[2722238,1161970],[2722252,1161764],[2722212,1161556],[2722382,1161316],[2722627,1161219],[2722902,1161017],[2722953,1160671],[2722872,1160389],[2722584,1160281],[2722486,1160087],[2722436,1159929],[2722411,1159814],[2722380,1159686],[2722398,1159459],[2722260,1159362],[2722143,1159214],[2722049,1159071],[2721965,1158879],[2721905,1158707],[2721835,1158538],[2721737,1158353],[2721780,1158150],[2721760,1157957],[2721673,1157748],[2721504,1157537],[2721577,1157390],[2721594,1157174],[2721510,1156985],[2721391,1156716],[2721259,1156435],[2721288,1156156],[2721410,1155686],[2721448,1155354],[2721478,1155105],[2721430,1154844],[2721077,1154532],[2721338,1154207],[2721374,1153999],[2721392,1153663],[2721523,1153391],[2721513,1153086],[2721543,1152751],[2721522,1152578],[2721555,1152381],[2721600,1152159],[2721754,1151890],[2721895,1151717],[2722008,1151546],[2722108,1151439],[2722472,1151223],[2722639,1150984],[2722785,1150656],[2722907,1150462],[2722903,1150261],[2722897,1150054],[2723160,1149859],[2723366,1149758],[2723494,1149502],[2723523,1149239],[2723419,1149084],[2723479,1148957],[2723806,1148831],[2723934,1148664],[2724166,1148552],[2724662,1148585],[2725105,1148791],[2725291,1148873],[2725610,1148933],[2725850,1148758],[2726083,1148668],[2726490,1148171],[2726557,1147823],[2726695,1147642],[2726866,1147469],[2727079,1147154],[2727219,1146757],[2727168,1146433],[2727045,1146037],[2726849,1145250],[2726724,1145034],[2726723,1144786],[2726762,1144612],[2726855,1144242],[2726834,1143773],[2726985,1143508],[2727149,1143233],[2727348,1142897],[2727418,1142676],[2727559,1142373],[2727739,1142116],[2727969,1141507],[2727819,1141229],[2727603,1141143],[2727358,1140979],[2727093,1140879],[2726976,1140645],[2727095,1140435],[2727380,1140205],[2727447,1139946],[2727233,1139759],[2727062,1139449],[2726922,1139047],[2726992,1138606],[2727084,1138350],[2727178,1138116],[2727232,1137913],[2727276,1137624],[2727401,1137374],[2727288,1136836],[2727348,1136173],[2727367,1135937],[2727345,1135671],[2727303,1135488],[2727243,1135224],[2727158,1135075],[2726984,1134774],[2726954,1134419],[2726632,1134376],[2726410,1134288],[2726232,1134167],[2725986,1134046],[2725867,1133922],[2725716,1133787],[2725589,1133768],[2725510,1133653],[2725557,1133526],[2725494,1133352],[2725458,1133227],[2725328,1132963],[2725393,1132809],[2725492,1132656],[2725551,1132582],[2725280,1132122],[2725227,1131686],[2725668,1131243],[2725958,1130736],[2725896,1130146],[2725708,1129793],[2725425,1129462],[2725203,1129129],[2725068,1128851],[2724722,1128512],[2724457,1128210],[2724578,1127716],[2724628,1127447],[2724766,1127027],[2725138,1126438],[2725369,1125798],[2725931,1125342],[2726190,1124826],[2726160,1121944],[2725942,1121824],[2725937,1121748],[2725991,1121676],[2726052,1121590],[2726083,1121520],[2726166,1121396],[2726349,1121490],[2726713,1121095],[2726868,1120581],[2726895,1120519],[2726879,1120432],[2726868,1120366],[2726990,1120022],[2727086,1119726],[2727488,1119160],[2727969,1118925],[2728862,1118503],[2729583,1118011],[2729861,1117617],[2730177,1117351],[2730407,1116983],[2730671,1116389],[2730754,1116083],[2731239,1115621],[2731981,1114987],[2732385,1114654],[2732889,1114582],[2732899,1114418],[2732843,1114209],[2732791,1113981],[2732684,1113746],[2732343,1113637],[2732092,1113505],[2731812,1113325],[2731633,1113160],[2731440,1112902],[2731173,1112819],[2730997,1112688],[2730934,1112455],[2730764,1112245],[2730598,1112063],[2730521,1111865],[2730437,1111627],[2730347,1111434],[2730222,1111194],[2730149,1110983],[2730071,1110771],[2729918,1110662],[2729633,1110679],[2729329,1110625],[2729154,1110444],[2728839,1110315],[2728662,1110172],[2728479,1109966],[2728389,1109733],[2728184,1109755],[2727973,1109646],[2727739,1109591],[2727606,1109555],[2727463,1109466],[2727346,1109388],[2727274,1109261],[2727048,1109185],[2726868,1109110],[2726629,1108946],[2726518,1108911],[2726379,1108784],[2726337,1108579],[2726424,1108257],[2726551,1108066],[2726652,1107907],[2726788,1107669],[2726884,1107446],[2727460,1106035],[2727224,1104254],[2726829,1103304],[2726872,1102912],[2726774,1102715],[2726569,1102576],[2726361,1102530],[2726206,1102522],[2726020,1102467],[2725761,1102436],[2725545,1102329],[2725440,1102320],[2725333,1102334],[2725184,1102361],[2724479,1102297],[2724133,1102135],[2723873,1102087],[2723768,1101934],[2723495,1101729],[2722955,1101412],[2722657,1101356],[2722463,1101264],[2722253,1101103],[2722095,1100665],[2722186,1100405],[2722024,1100124],[2721479,1098798],[2721836,1098284],[2722058,1098047],[2722238,1097874],[2722483,1097582],[2722665,1097383],[2722968,1094760],[2722333,1094147],[2721965,1094194],[2721838,1093749],[2721675,1093494],[2721570,1093296],[2721180,1093199],[2720655,1093214],[2720635,1092872],[2720710,1092502],[2720465,1092364],[2720150,1092387],[2720223,1092104],[2722017,1091170],[2722377,1089865],[2722045,1089229],[2722215,1089002],[2722542,1088837],[2722828,1088563],[2722725,1088142],[2722690,1087952],[2722659,1087819],[2722617,1087543],[2723050,1087604],[2723116,1087596],[2723201,1087568],[2723893,1087350],[2724417,1087468],[2724598,1087317],[2724685,1087144],[2724888,1086949],[2724940,1086707],[2725158,1086739],[2725425,1086687],[2725633,1086767],[2725724,1086285],[2726173,1086089],[2726438,1085844],[2726548,1085774],[2726985,1085788],[2727118,1085606],[2727912,1084743],[2727969,1084337],[2727990,1084130],[2727793,1083901],[2727652,1083718],[2727194,1083426],[2727363,1083189],[2727210,1082933],[2727223,1082781],[2726925,1082541],[2726560,1081990],[2725909,1081664],[2725485,1081406],[2725398,1081068],[2725258,1080771],[2725153,1080466],[2725078,1080148],[2725185,1079716],[2725252,1079367],[2725032,1079232],[2725149,1079183],[2725167,1079108],[2724975,1079006],[2724894,1078890],[2724795,1078671],[2724452,1078476],[2724344,1078292],[2724290,1078086],[2724129,1077920],[2724082,1077856],[2724078,1077592],[2724262,1077276],[2724102,1076947],[2724061,1076914],[2724005,1076765],[2724012,1076599],[2723959,1076513],[2723955,1076466],[2723935,1076431],[2723884,1076381],[2723888,1076316],[2723863,1076260],[2723846,1076190],[2723859,1076130],[2723804,1076091],[2723755,1076049],[2723792,1075994],[2723827,1075981],[2723850,1075963],[2723881,1075945],[2723910,1075933],[2723932,1075917],[2723952,1075911],[2723974,1075895],[2724001,1075879],[2723898,1075721],[2723846,1075657],[2723799,1075614],[2723689,1075607],[2723623,1075608],[2723557,1075594],[2723507,1075617],[2723327,1075719],[2723201,1075726],[2723066,1075707],[2723024,1075610],[2722702,1075271],[2722511,1075290],[2722385,1075365],[2722311,1075384],[2722265,1075387],[2722234,1075407],[2722184,1075427],[2722134,1075436],[2722122,1075449],[2721972,1075433],[2721783,1075481],[2721728,1075493],[2721601,1075546],[2720865,1075683],[2720808,1075818],[2720872,1075921],[2720923,1076012],[2720880,1076039],[2720896,1076088],[2720887,1076142],[2720925,1076288],[2720949,1076352],[2720999,1076547],[2721041,1076735],[2721138,1076823],[2721154,1076902],[2721086,1077046],[2720934,1077064],[2720744,1077078],[2720600,1077167],[2720551,1077179],[2720510,1077283],[2720462,1077393],[2720429,1077442],[2720344,1077494],[2720265,1077487],[2720166,1077437],[2720102,1077370],[2720036,1077330],[2719995,1077275],[2719895,1077189],[2719625,1077267],[2719488,1077288],[2719322,1076878],[2718996,1076795],[2718884,1076923],[2718701,1077014],[2718306,1077267],[2718362,1077349],[2718375,1077389],[2718370,1077453],[2718373,1077491],[2718337,1077526],[2718282,1077550],[2718267,1077615],[2718071,1077720],[2717869,1077947],[2717748,1077974],[2717523,1077934],[2716680,1077736],[2716576,1077740],[2716436,1077615],[2716325,1077530],[2716178,1077487],[2716098,1077466],[2716120,1077389],[2716042,1077346],[2716035,1077186],[2715913,1077090],[2715790,1076953],[2715812,1076848],[2715755,1076846],[2715709,1076845],[2715655,1076833],[2715592,1076838],[2715507,1076876],[2715405,1076922],[2715067,1076888],[2714971,1076837],[2714918,1076782],[2714839,1076725],[2714780,1076673],[2714745,1076643],[2714702,1076621],[2714620,1076567],[2714580,1076529],[2714535,1076509],[2714506,1076497],[2714643,1077810],[2716026,1079919],[2716522,1080224],[2716957,1080705],[2716780,1080923],[2716498,1080734],[2716209,1080901],[2716148,1081157],[2716110,1081327],[2716043,1081752],[2716035,1081979],[2715897,1082680],[2715262,1083545],[2715180,1083924],[2715185,1084937],[2714936,1085380],[2713559,1086797],[2712980,1087397],[2712805,1088169],[2713170,1089065],[2713057,1089912],[2712064,1090550],[2711390,1090679],[2711292,1090759],[2711141,1090783],[2711011,1090862],[2710697,1091141],[2710357,1091454],[2710066,1091641],[2709893,1091779],[2709634,1092056],[2709451,1092182],[2709260,1092377],[2709167,1092562],[2709009,1092670],[2708941,1092682],[2708862,1092835],[2708864,1093031],[2708577,1093263],[2708560,1093409],[2708502,1093507],[2708355,1093529],[2708137,1093589],[2708012,1093817],[2707716,1093851],[2707443,1093860],[2707050,1093814],[2706579,1094119],[2706276,1094068],[2705893,1094184],[2705153,1094299],[2704841,1093979],[2704398,1093967],[2704857,1095859],[2705771,1097319],[2707071,1098226],[2708123,1100098],[2707680,1100362],[2708663,1100699],[2709186,1103661],[2708648,1104042],[2708200,1104281],[2707336,1105158],[2707239,1105112],[2707167,1105137],[2707092,1105254],[2707026,1105295],[2707014,1105365],[2706940,1105366],[2706944,1105468],[2706936,1105548],[2706871,1105606],[2706765,1105640],[2706654,1105688],[2706613,1105757],[2706564,1105784],[2706530,1105823],[2706504,1105918],[2706477,1105995],[2706199,1106175],[2703971,1105631],[2703268,1106054],[2702930,1106244],[2702758,1106314],[2702388,1106372],[2702327,1106388],[2702261,1106411],[2702210,1106412],[2702171,1106451],[2702107,1106484],[2702067,1106510],[2702044,1106574],[2701984,1106601],[2701904,1106695],[2699564,1107528],[2698651,1105921],[2697215,1106364],[2697082,1106320],[2697029,1106314],[2696997,1106385],[2696922,1106376],[2696869,1106406],[2696785,1106382],[2696728,1106381],[2696669,1106334],[2696584,1106351],[2696534,1106393],[2696484,1106373],[2696436,1106409],[2696420,1106456],[2696381,1106490],[2696334,1106556],[2696281,1106625],[2696231,1106688],[2696221,1106729],[2696139,1106760],[2696080,1106794],[2696074,1106842],[2696081,1106894],[2696073,1106952],[2696055,1107018],[2695996,1107052],[2695957,1107084],[2696011,1107111],[2696021,1107172],[2696036,1107214],[2695970,1107267],[2695866,1107311],[2695763,1107256],[2695638,1107301],[2695493,1107266],[2695401,1107227],[2695256,1107142],[2695146,1107151],[2695025,1107217],[2694900,1107282],[2694787,1107356],[2694215,1107610],[2694137,1107865],[2693943,1108095],[2693882,1108232],[2693708,1108360],[2693542,1108554],[2693481,1108670],[2693348,1108736],[2693185,1108703],[2692976,1108673],[2692839,1108613],[2692580,1108606],[2692365,1108583],[2692174,1108559],[2692014,1108569],[2691891,1108602],[2691769,1108594],[2691675,1108528],[2691575,1108546],[2691506,1108530],[2691372,1108489],[2691294,1108455],[2691173,1108480],[2691058,1108499],[2690944,1108487],[2690825,1108474],[2690686,1108473],[2690641,1108752],[2690567,1108936],[2690573,1109211],[2690558,1109416],[2690562,1109587],[2690344,1109806],[2690074,1110020],[2689943,1110309],[2689615,1110529],[2689390,1110799],[2689200,1110886],[2689200,1111075],[2689247,1111215],[2689355,1111336],[2689467,1111462],[2689701,1111547],[2689728,1111730],[2689725,1111922],[2689867,1112016],[2689957,1112064],[2689950,1112177],[2689791,1112224],[2689249,1112292],[2688979,1112351],[2688844,1112493],[2688736,1112722],[2688492,1113023],[2688084,1112879],[2687762,1113118],[2687544,1113459],[2686880,1115272],[2686725,1115407],[2686278,1115507],[2686175,1115672],[2686110,1116002],[2686048,1116249],[2685302,1116753],[2685084,1116817],[2684422,1118823],[2684185,1119230],[2683935,1119353],[2683633,1119465],[2683392,1119462],[2683294,1119385],[2683138,1119325],[2682959,1119365],[2682771,1119413],[2682641,1119511],[2682491,1119646],[2682329,1119714],[2682214,1119810],[2682060,1119943],[2681791,1120038],[2681293,1120285],[2681068,1120336],[2680923,1120393],[2680740,1120414],[2680410,1120416],[2680145,1120411],[2679832,1120523],[2679692,1120581],[2679635,1120608],[2679451,1120697],[2679342,1120876],[2679296,1120995],[2679256,1121118],[2679247,1121245],[2679244,1121352],[2679236,1121537],[2679219,1121712],[2679153,1121853],[2679046,1121975],[2678747,1122097],[2678537,1122183],[2678362,1122267],[2678241,1122297],[2678130,1122305],[2678010,1122361],[2677897,1122345],[2677764,1122336],[2677573,1122435],[2677466,1122628],[2677469,1122760],[2677408,1122898],[2677396,1122998],[2677528,1123171],[2677571,1123259],[2677639,1123368],[2677786,1123442],[2677853,1123545],[2677842,1123676],[2677861,1123830],[2677994,1123841],[2678103,1123918],[2678227,1123950],[2678301,1124015],[2678408,1124088],[2677302,1126049],[2677110,1126256],[2676940,1126447],[2676839,1126663],[2676704,1126886],[2676687,1127121],[2676636,1127293],[2676479,1127488],[2676252,1127822],[2676222,1127924],[2676246,1128041],[2676367,1128166],[2676499,1128248],[2676598,1128333],[2676739,1128396],[2676987,1128509],[2677124,1128635],[2677066,1128786],[2677063,1128892],[2677081,1128994],[2677160,1129116],[2677225,1129202],[2677279,1129365],[2677307,1129561],[2677306,1129686],[2677259,1129803],[2677307,1129940],[2677385,1130141],[2677436,1130322],[2677617,1130374],[2677768,1130413],[2677936,1130452],[2678198,1130558],[2678310,1130843],[2678311,1131005],[2678346,1131176],[2678542,1131232],[2678683,1131291],[2678783,1131457],[2678779,1131529],[2678858,1131664],[2678906,1131771],[2679060,1131954],[2678921,1132175],[2678934,1132318],[2678937,1132480],[2678914,1132663],[2678924,1132836],[2678937,1132977],[2678960,1133204],[2678957,1133399],[2678866,1133575],[2678738,1134069],[2678804,1134208],[2678888,1134332],[2678952,1134437],[2678961,1134596],[2679102,1134702],[2679220,1134815],[2679364,1134966],[2679364,1135136],[2679239,1135341],[2679230,1135557],[2679146,1135818],[2679143,1135954],[2679162,1136170],[2679126,1136318],[2679090,1136585],[2679060,1136699],[2679074,1136847],[2679078,1137038],[2679012,1137194],[2678902,1137386],[2678868,1137471],[2678751,1137598],[2678660,1137720],[2678683,1137912],[2678739,1138020],[2678844,1138123],[2678934,1138229],[2679031,1138326],[2679097,1138491],[2679243,1138627],[2679400,1138820],[2679296,1139005],[2679175,1139131],[2679053,1139247],[2678917,1139429],[2678825,1139634],[2678775,1139804],[2678807,1139927],[2678885,1140038],[2679037,1140189],[2679112,1140377],[2679165,1140569],[2679073,1140713],[2678963,1140921],[2678905,1141028],[2678820,1141095],[2678716,1141261],[2678603,1141324],[2678536,1141365],[2678408,1141449],[2678364,1141549],[2678298,1141780],[2678292,1142021],[2678393,1142119],[2678515,1142358],[2678478,1142537],[2678464,1142628],[2678458,1142746],[2678380,1142908],[2678321,1143101],[2678373,1143227],[2678463,1143372],[2678604,1143473],[2678717,1143566],[2678886,1143897],[2678965,1144030],[2678924,1144153],[2678863,1144242],[2678747,1144279],[2678673,1144334],[2678639,1144486],[2678634,1144722],[2678603,1144906],[2678440,1144978],[2678258,1145105],[2678102,1145230],[2677957,1145359],[2677854,1145835],[2677255,1146293],[2677055,1146252],[2676869,1146188],[2676835,1146334],[2676645,1146322],[2676448,1146312],[2676252,1146241],[2676106,1146149],[2675951,1146068],[2675791,1146046],[2675615,1145998],[2675373,1145907],[2675211,1145753],[2675118,1145731],[2674991,1145753],[2674854,1145796],[2674685,1145757],[2674500,1145727],[2674287,1145599],[2674177,1145517],[2674144,1145395],[2674016,1145284],[2673855,1145313],[2673591,1145273],[2673542,1145183],[2673441,1145075],[2673330,1144940],[2673193,1144968],[2673078,1145039],[2672930,1144993],[2672772,1144930],[2672688,1144974]],[[2719154,1091176],[2719275,1092289],[2719264,1092334],[2719235,1092466],[2719214,1093298],[2719245,1093444],[2718110,1092511],[2718611,1091300],[2718624,1091189],[2718730,1091177],[2718788,1091170],[2718869,1091194],[2718949,1091211],[2719009,1091211],[2719081,1091193],[2719154,1091176]]]}},{"type":"Feature","properties":{"KANTONSNUM":17,"NAME":"St. Gallen"},"geometry":{"type":"Polygon","coordinates":[[[2758297,1237629],[2757899,1235589],[2756376,1232344],[2755797,1230223],[2755164,1227735],[2755790,1225225],[2756893,1223335],[2757520,1221023],[2757947,1218266],[2757484,1216985],[2754929,1215051],[2754440,1214278],[2755369,1212164],[2757252,1209449],[2757525,1208600],[2758216,1207541],[2760298,1204985],[2759656,1204738],[2759284,1204675],[2759018,1204651],[2758819,1204489],[2758517,1204449],[2758268,1204175],[2758186,1203891],[2758219,1203509],[2758322,1202700],[2758073,1202527],[2757695,1202470],[2757289,1202367],[2757150,1202007],[2756926,1201896],[2756819,1201391],[2756619,1201056],[2756466,1200563],[2755490,1199232],[2755404,1198085],[2755663,1197934],[2755120,1196939],[2754612,1195912],[2754701,1195201],[2754267,1194807],[2753603,1194612],[2753663,1193870],[2753188,1193339],[2752749,1193724],[2752526,1193950],[2752327,1194116],[2752180,1194318],[2752043,1194484],[2751948,1194563],[2751820,1194601],[2751739,1194615],[2751388,1194872],[2751049,1195013],[2750891,1195066],[2750746,1195095],[2750556,1195212],[2750405,1195246],[2750218,1195315],[2750017,1195323],[2749758,1195345],[2749243,1195403],[2748479,1195788],[2747598,1195857],[2746894,1195834],[2746350,1195853],[2745599,1196010],[2745173,1195947],[2744633,1196286],[2744135,1196258],[2743634,1196142],[2743069,1196250],[2742840,1196472],[2742166,1196653],[2741753,1196648],[2741387,1196755],[2741064,1196744],[2740810,1196542],[2740493,1196658],[2740110,1196772],[2739706,1196607],[2739422,1196385],[2739224,1196361],[2738894,1196592],[2738393,1197222],[2737924,1198019],[2737967,1198600],[2738131,1198968],[2738045,1199160],[2738033,1199353],[2737958,1199679],[2737740,1199933],[2737216,1200193],[2737095,1200402],[2736978,1200682],[2736905,1201165],[2736882,1201480],[2736858,1201853],[2737542,1202373],[2737441,1202738],[2737303,1203147],[2737318,1203416],[2737452,1203872],[2737537,1204554],[2737381,1204842],[2737361,1205155],[2737466,1205407],[2737502,1205682],[2737455,1205985],[2737483,1206236],[2737739,1206785],[2737565,1207105],[2737490,1207242],[2737440,1207348],[2737387,1207398],[2737346,1207433],[2737294,1207604],[2737232,1207683],[2737217,1207771],[2737195,1207869],[2737165,1207951],[2737136,1208139],[2737149,1208230],[2737137,1208457],[2737166,1208686],[2737131,1208756],[2737030,1208988],[2736937,1209110],[2736862,1209193],[2736865,1209244],[2736837,1209283],[2736724,1209395],[2736663,1209537],[2736648,1209675],[2736566,1209680],[2736355,1209786],[2736172,1209862],[2736089,1209947],[2736039,1210009],[2736026,1210139],[2735953,1210201],[2735808,1210293],[2735693,1210444],[2735539,1210600],[2735460,1210610],[2735258,1210645],[2735181,1210640],[2735112,1210622],[2735032,1210623],[2734944,1210661],[2734806,1210763],[2734741,1210828],[2734620,1210859],[2734470,1210930],[2734325,1210863],[2734268,1210810],[2734154,1210815],[2734074,1210819],[2733866,1210776],[2733781,1210715],[2733557,1210604],[2733496,1210572],[2733329,1210436],[2733292,1210407],[2733099,1210253],[2733036,1210186],[2732930,1210135],[2732814,1210058],[2732755,1209996],[2732693,1209959],[2732542,1209862],[2732429,1209808],[2732238,1209842],[2732139,1209930],[2732064,1210012],[2731847,1210026],[2731444,1209850],[2731337,1209873],[2731259,1209914],[2731161,1210007],[2730860,1210198],[2729962,1210623],[2730107,1211982],[2730373,1212150],[2730636,1212208],[2730928,1212367],[2731188,1212426],[2731413,1212411],[2731505,1212496],[2731528,1212601],[2731598,1212669],[2731912,1212827],[2732101,1213046],[2732316,1213292],[2732459,1213451],[2732580,1213578],[2732637,1213767],[2732663,1213843],[2732656,1213950],[2733083,1214932],[2733155,1215006],[2733137,1215054],[2733163,1215101],[2733071,1215198],[2732983,1215903],[2732891,1216390],[2732948,1216662],[2732986,1216934],[2732950,1217034],[2732826,1217277],[2732751,1217526],[2732669,1217759],[2732673,1217888],[2732660,1218039],[2732699,1218131],[2732689,1218223],[2732751,1218322],[2732781,1218396],[2732828,1218490],[2732837,1218635],[2732843,1218725],[2732796,1218854],[2732881,1219034],[2732835,1219358],[2732829,1219668],[2732816,1219761],[2726804,1221406],[2726587,1221391],[2726248,1221536],[2726145,1221588],[2726035,1221533],[2725361,1221386],[2724448,1221257],[2723727,1221155],[2723594,1221186],[2723410,1221362],[2723058,1221729],[2720573,1224157],[2718078,1226234],[2717834,1226602],[2717545,1226749],[2716879,1226959],[2716758,1226903],[2716616,1226880],[2716103,1226449],[2715451,1227006],[2715189,1228193],[2715711,1228765],[2716204,1230499],[2716049,1230670],[2715835,1230748],[2715015,1230604],[2714858,1230596],[2713446,1230714],[2706362,1229532],[2705832,1229562],[2705409,1229653],[2704961,1229822],[2704582,1230032],[2704237,1230293],[2703932,1230599],[2702746,1232990],[2702763,1233026],[2702802,1233242],[2702958,1233249],[2703094,1233440],[2703244,1233557],[2703260,1233694],[2703551,1233838],[2703955,1233965],[2704179,1234019],[2704320,1234110],[2704496,1234143],[2704644,1234207],[2705059,1234319],[2705197,1234214],[2705332,1234192],[2705579,1234074],[2705704,1234080],[2705771,1233923],[2705859,1233941],[2705964,1233838],[2706332,1233845],[2706443,1234032],[2706741,1234193],[2706993,1234225],[2707050,1233822],[2707246,1233575],[2707608,1233537],[2707697,1233484],[2708083,1233645],[2708364,1233689],[2708405,1233874],[2708465,1233898],[2708536,1233922],[2708612,1233954],[2708640,1234076],[2708609,1234321],[2708718,1234473],[2709025,1234500],[2709450,1234540],[2709617,1234559],[2709690,1234580],[2710077,1234647],[2710255,1234721],[2710462,1234741],[2710592,1234834],[2711066,1234933],[2711254,1234794],[2711619,1234862],[2711974,1234996],[2712139,1235085],[2712459,1235199],[2712699,1235276],[2712778,1235384],[2712798,1235413],[2712952,1235351],[2713183,1235416],[2713268,1235466],[2713357,1235519],[2713352,1235627],[2713437,1235799],[2713448,1235903],[2713661,1236058],[2713636,1236133],[2713655,1236245],[2713838,1236277],[2713936,1236474],[2713817,1236534],[2713723,1236682],[2713684,1236753],[2713744,1236797],[2713826,1236835],[2713881,1236888],[2713918,1236935],[2713957,1236981],[2714048,1237033],[2714094,1237066],[2714138,1237102],[2714154,1237156],[2714163,1237217],[2714172,1237279],[2714176,1237334],[2714183,1237389],[2714191,1237431],[2714182,1237491],[2714179,1237543],[2714194,1237591],[2714209,1237639],[2714197,1237694],[2714008,1237888],[2713820,1237602],[2713678,1237655],[2713713,1237753],[2713727,1237849],[2713712,1237909],[2713668,1238038],[2713512,1238210],[2713407,1238299],[2713375,1238349],[2713313,1238444],[2713247,1238485],[2713209,1238510],[2713143,1238514],[2713106,1238570],[2713188,1238624],[2713263,1238672],[2713349,1238668],[2713462,1238723],[2713619,1238768],[2713739,1238882],[2713833,1238867],[2713908,1238860],[2713953,1238874],[2714015,1238914],[2714106,1238949],[2714173,1238988],[2714223,1239018],[2714196,1239149],[2714341,1239332],[2714456,1239576],[2714454,1239660],[2714495,1239787],[2714695,1240236],[2715050,1240509],[2715452,1240584],[2715965,1240661],[2716175,1240719],[2716207,1240802],[2716251,1240878],[2716293,1240956],[2716338,1241050],[2716367,1241108],[2716392,1241179],[2716428,1241232],[2716582,1241472],[2716700,1241778],[2716871,1242175],[2716545,1242531],[2716332,1242912],[2716287,1243416],[2716392,1243731],[2716425,1244061],[2716228,1244223],[2716015,1244679],[2715965,1245084],[2715874,1245527],[2715768,1245733],[2715611,1245889],[2715461,1245947],[2715367,1245959],[2715279,1245965],[2715184,1245961],[2715086,1245927],[2714978,1245879],[2714945,1245896],[2714935,1245993],[2714966,1246107],[2714916,1246208],[2714869,1246327],[2714814,1246388],[2714770,1246449],[2714724,1246526],[2714674,1246594],[2714629,1246691],[2714599,1246764],[2714568,1246824],[2714536,1246916],[2714518,1246993],[2714503,1247045],[2714469,1247087],[2714445,1247135],[2714410,1247189],[2714383,1247242],[2714337,1247355],[2714333,1247416],[2714291,1247495],[2714285,1247560],[2714274,1247650],[2714268,1247722],[2714248,1247831],[2714216,1247897],[2714177,1247953],[2714128,1247976],[2714081,1248041],[2714069,1248100],[2714039,1248148],[2714003,1248194],[2713948,1248208],[2713885,1248220],[2713799,1248189],[2713649,1248320],[2713768,1248579],[2713888,1248606],[2714048,1248773],[2714129,1248783],[2714184,1248799],[2714239,1248824],[2714303,1248849],[2714375,1248881],[2714443,1248917],[2714489,1249064],[2714651,1249428],[2715071,1249465],[2715351,1249442],[2715360,1249806],[2715522,1250097],[2715732,1250094],[2715734,1250246],[2715833,1250481],[2715880,1250640],[2715889,1250718],[2715919,1250785],[2715940,1250863],[2716025,1250961],[2715974,1251119],[2715928,1251159],[2715917,1251239],[2715833,1251339],[2715810,1251397],[2715752,1251506],[2715798,1251597],[2715780,1251617],[2715793,1251629],[2715860,1251673],[2715923,1251790],[2715967,1251991],[2716050,1252178],[2716238,1252275],[2716250,1252389],[2716335,1252388],[2716449,1252430],[2716577,1252326],[2716739,1252335],[2716972,1252385],[2717042,1252643],[2717068,1252716],[2717099,1252809],[2717122,1252875],[2717131,1252957],[2717141,1253056],[2717150,1253143],[2717165,1253193],[2717191,1253276],[2717210,1253337],[2717204,1253457],[2717271,1253568],[2717317,1253620],[2717152,1253697],[2717009,1253841],[2717082,1254057],[2717034,1254221],[2716932,1254333],[2716914,1254381],[2717099,1254442],[2717241,1254385],[2717423,1254471],[2717543,1254539],[2717749,1254635],[2717693,1254808],[2717678,1254965],[2717851,1254936],[2718059,1254888],[2718195,1254881],[2718467,1254938],[2718619,1254852],[2718758,1254890],[2718793,1254909],[2719031,1255127],[2719190,1255239],[2719368,1255665],[2719508,1255674],[2719592,1255574],[2719683,1255424],[2719807,1255273],[2720134,1255302],[2720247,1255511],[2720383,1255479],[2720522,1255244],[2720319,1255121],[2720563,1255174],[2720685,1255381],[2720631,1255433],[2720564,1255498],[2720590,1255531],[2720652,1255583],[2720646,1255748],[2720828,1255660],[2720990,1255608],[2721103,1255781],[2721202,1255762],[2721187,1255892],[2721348,1256031],[2721549,1255980],[2721764,1255893],[2721714,1256054],[2721866,1255985],[2722095,1255945],[2722178,1256117],[2722256,1256227],[2722448,1256296],[2722437,1256338],[2722107,1256509],[2721869,1256565],[2721812,1256801],[2721562,1257021],[2721526,1257034],[2721485,1257051],[2721215,1257109],[2720894,1257148],[2720645,1257217],[2720410,1257259],[2719830,1257514],[2719737,1257810],[2719914,1257932],[2720000,1258015],[2719904,1258115],[2719855,1258287],[2719855,1258384],[2719922,1258519],[2719658,1258681],[2719510,1258746],[2719297,1258798],[2718729,1258955],[2718339,1259124],[2718351,1259214],[2718519,1259400],[2718351,1259519],[2718140,1260001],[2718190,1260298],[2718184,1260444],[2718484,1260598],[2718435,1260850],[2718572,1261039],[2718752,1261077],[2718909,1261121],[2719025,1261039],[2719105,1260997],[2719252,1260990],[2719618,1261112],[2719842,1261013],[2720302,1261382],[2720498,1261506],[2720683,1261787],[2720843,1261670],[2721159,1261495],[2721261,1261376],[2721454,1261382],[2721491,1261373],[2721437,1261350],[2721438,1261316],[2721545,1261151],[2721688,1261127],[2721801,1261038],[2721850,1260917],[2721915,1260903],[2722097,1260966],[2722141,1261046],[2722068,1261193],[2722159,1261295],[2722256,1261303],[2722490,1261354],[2722504,1261278],[2722637,1261362],[2722740,1261343],[2722901,1261420],[2723010,1261511],[2723174,1261548],[2723249,1261499],[2723445,1261549],[2723650,1261750],[2723762,1261759],[2723947,1261632],[2724018,1261399],[2724039,1261306],[2724047,1261174],[2723974,1261106],[2724161,1261031],[2724263,1260851],[2724339,1260616],[2724379,1260528],[2724416,1260496],[2724524,1260426],[2724555,1260468],[2724584,1260495],[2724692,1260502],[2724794,1260530],[2724917,1260550],[2724972,1260544],[2725040,1260606],[2725097,1260750],[2725273,1260695],[2725515,1260618],[2725694,1260669],[2725991,1260595],[2726065,1260590],[2726174,1260610],[2726206,1260489],[2726279,1260424],[2726310,1260393],[2726391,1260275],[2726423,1260146],[2726586,1260125],[2726828,1260199],[2726928,1260240],[2727032,1260558],[2727139,1260629],[2727195,1260619],[2727491,1260717],[2727642,1260745],[2727758,1260757],[2727957,1260811],[2728030,1260800],[2728180,1260726],[2728364,1260701],[2728489,1260808],[2728649,1260886],[2728822,1260951],[2728946,1261021],[2729072,1261029],[2729221,1261052],[2729364,1261063],[2729511,1261193],[2729611,1261474],[2729761,1261731],[2729803,1261920],[2729893,1262146],[2729728,1262353],[2729860,1262544],[2729882,1262589],[2729911,1262627],[2729964,1262650],[2730004,1262685],[2730038,1262756],[2730074,1262812],[2730092,1262830],[2730105,1262882],[2730132,1262909],[2730215,1262752],[2730195,1262650],[2730319,1262628],[2730371,1262906],[2730416,1262379],[2730501,1262161],[2730620,1262112],[2730718,1261943],[2730950,1261920],[2731244,1262163],[2731289,1262098],[2731339,1261809],[2731587,1261587],[2731805,1261684],[2732228,1261529],[2732565,1261379],[2732899,1261296],[2733006,1261308],[2733084,1261286],[2733140,1261285],[2733262,1261282],[2733417,1261317],[2733433,1261281],[2733322,1261134],[2733237,1260975],[2733318,1260820],[2733314,1260645],[2733261,1260589],[2733299,1260595],[2733345,1260589],[2733392,1260563],[2733476,1260304],[2733570,1260294],[2733653,1260240],[2733789,1260300],[2734260,1260694],[2734754,1260800],[2734867,1260752],[2735118,1260726],[2735179,1260493],[2735619,1260548],[2735759,1260435],[2736140,1260348],[2736181,1260147],[2736665,1259812],[2737307,1259817],[2737405,1259807],[2737466,1259797],[2737556,1259810],[2737625,1259854],[2737688,1259918],[2738039,1260143],[2738401,1260325],[2738690,1260399],[2738806,1260729],[2738969,1260733],[2739084,1260698],[2739171,1260703],[2739240,1260708],[2739287,1260693],[2739292,1260660],[2739300,1260607],[2739731,1260355],[2739913,1260305],[2740196,1260157],[2740250,1260197],[2740321,1260219],[2740398,1260256],[2740454,1260291],[2740490,1260333],[2740541,1260356],[2740590,1260389],[2740655,1260463],[2740677,1260525],[2740774,1260591],[2740870,1260664],[2740894,1260685],[2740915,1260712],[2740924,1260759],[2740916,1260824],[2741307,1261137],[2741477,1261290],[2741570,1261510],[2741680,1261656],[2741775,1261695],[2741725,1261970],[2741744,1262300],[2741663,1262586],[2741517,1262788],[2741255,1262740],[2740934,1262443],[2740870,1262598],[2740922,1262825],[2740824,1263144],[2741063,1263539],[2741340,1263491],[2741240,1263811],[2740932,1263987],[2740565,1264258],[2740449,1264207],[2740271,1264002],[2739610,1263581],[2739257,1263513],[2738926,1263331],[2738699,1263356],[2738358,1263409],[2738200,1263541],[2738018,1263721],[2737957,1264019],[2738198,1263997],[2738350,1264109],[2738580,1263772],[2738737,1263914],[2738655,1264207],[2738879,1264392],[2739352,1265118],[2740004,1265386],[2740635,1265583],[2740904,1265410],[2741152,1265204],[2741185,1265307],[2741197,1265382],[2741202,1265466],[2741193,1265531],[2741172,1265631],[2741130,1265683],[2741107,1265761],[2741363,1266026],[2741559,1266227],[2741773,1266185],[2741819,1266179],[2741820,1266204],[2741819,1266230],[2741833,1266260],[2741861,1266273],[2741875,1266277],[2741883,1266268],[2741914,1266258],[2741917,1266219],[2741909,1266191],[2741901,1266165],[2741909,1266111],[2741953,1266018],[2742080,1265952],[2742220,1265920],[2742513,1266037],[2742550,1266033],[2742578,1266024],[2742620,1266013],[2742664,1266005],[2742707,1266001],[2742745,1265994],[2742769,1265982],[2742802,1265977],[2742843,1265973],[2742892,1265959],[2742945,1265950],[2742978,1265962],[2743010,1265968],[2743053,1265981],[2743053,1266038],[2743073,1266100],[2743084,1266131],[2743094,1266171],[2743099,1266206],[2743114,1266245],[2743138,1266215],[2743181,1265859],[2743122,1265511],[2743179,1265475],[2743282,1265382],[2743283,1265310],[2743300,1265247],[2743357,1265171],[2743474,1265010],[2743531,1264972],[2743573,1264999],[2743660,1265039],[2744000,1264992],[2744076,1264958],[2744173,1264928],[2744268,1264938],[2744300,1264969],[2744327,1264980],[2744386,1264997],[2744432,1264965],[2744379,1264606],[2744312,1264547],[2744300,1264494],[2744234,1264461],[2744199,1264450],[2744171,1264453],[2744144,1264455],[2744130,1264470],[2744112,1264479],[2744079,1264495],[2744034,1264499],[2743984,1264477],[2743959,1264408],[2743959,1264368],[2743927,1264351],[2743744,1264230],[2743724,1264181],[2743696,1264151],[2743653,1264090],[2743761,1263783],[2743274,1263527],[2743081,1263423],[2742990,1263088],[2743009,1262911],[2743156,1262935],[2743166,1262973],[2743174,1263031],[2743196,1263075],[2743254,1263102],[2743295,1263139],[2743381,1263170],[2743779,1262989],[2744479,1262998],[2744609,1263152],[2744882,1263101],[2745078,1263022],[2745271,1262900],[2745409,1262939],[2745846,1262780],[2745845,1262712],[2745849,1262644],[2745842,1262613],[2745837,1262588],[2745837,1262534],[2745854,1262488],[2745779,1262227],[2745667,1262187],[2745633,1262192],[2745564,1262200],[2745534,1262205],[2745458,1262123],[2745414,1261935],[2745696,1261664],[2745526,1261580],[2745300,1261252],[2745506,1261166],[2745787,1261191],[2746094,1261402],[2746297,1261252],[2746481,1261068],[2746598,1260973],[2746720,1260847],[2746886,1260851],[2747119,1260583],[2747289,1260227],[2747452,1260167],[2747582,1260174],[2747565,1260345],[2747779,1260419],[2747853,1260678],[2747847,1260937],[2747892,1261001],[2747951,1261035],[2747957,1261144],[2747859,1261362],[2748064,1261484],[2748123,1261657],[2748251,1262014],[2748434,1262162],[2748631,1262339],[2748711,1262407],[2748989,1262635],[2749253,1262533],[2749383,1262489],[2749429,1262588],[2749590,1262950],[2749657,1263088],[2749821,1263188],[2750026,1263404],[2750127,1263489],[2750252,1263507],[2750275,1263528],[2750257,1263589],[2750359,1263633],[2759945,1263698],[2760035,1262665],[2761276,1261597],[2761549,1261310],[2762473,1259339],[2762648,1259121],[2762988,1259006],[2763070,1259007],[2763180,1259062],[2763298,1259212],[2763384,1259552],[2763426,1259928],[2763491,1260001],[2763587,1260018],[2763782,1259919],[2764247,1259050],[2764592,1258624],[2764833,1258528],[2766196,1258467],[2767311,1258196],[2766851,1257013],[2766601,1256753],[2766498,1256603],[2766409,1256397],[2766375,1256221],[2766427,1255856],[2766801,1254885],[2767027,1253234],[2767024,1252811],[2767788,1251930],[2768683,1251414],[2768720,1250206],[2767941,1249073],[2766827,1248627],[2765681,1248539],[2763723,1246817],[2763340,1246225],[2763268,1246055],[2762575,1243140],[2762517,1242987],[2762113,1242341],[2761921,1242160],[2760780,1241382],[2760079,1240640],[2759851,1239626],[2759768,1239375],[2759414,1238679],[2758472,1237914],[2758326,1237707],[2758297,1237629]],[[2756331,1251382],[2756615,1251434],[2756867,1251534],[2756934,1251553],[2757014,1251565],[2757084,1251608],[2757180,1251614],[2757756,1251731],[2758301,1251935],[2758689,1251978],[2758846,1252005],[2758989,1251909],[2758960,1251642],[2758881,1251501],[2759027,1251432],[2759175,1251380],[2759291,1251318],[2759450,1251325],[2759529,1251374],[2759614,1251472],[2759685,1251574],[2759752,1251564],[2759785,1251625],[2759794,1251716],[2759873,1251659],[2760033,1251835],[2760363,1251946],[2760459,1252010],[2760553,1252131],[2760714,1252179],[2760728,1252302],[2760918,1252376],[2761127,1252545],[2761349,1252572],[2761234,1252701],[2761277,1252747],[2761430,1252884],[2761570,1252945],[2761717,1253055],[2761825,1253144],[2761971,1253267],[2762152,1253340],[2762276,1253359],[2762350,1253433],[2762430,1253388],[2762641,1253424],[2762828,1253431],[2762963,1253502],[2763072,1253578],[2763148,1253664],[2763250,1253695],[2763398,1253726],[2763460,1253763],[2763003,1254040],[2762782,1254095],[2762843,1254193],[2762622,1254236],[2762344,1254447],[2762281,1254478],[2762300,1254639],[2762222,1254895],[2762180,1254958],[2762297,1254999],[2762624,1255194],[2762934,1255398],[2763141,1255460],[2763297,1255565],[2763531,1255672],[2763631,1255808],[2763935,1255965],[2764066,1256028],[2764244,1256192],[2764389,1256246],[2764484,1256406],[2764649,1256440],[2764816,1256489],[2765002,1256563],[2765183,1256611],[2765265,1256845],[2765309,1256949],[2765253,1257136],[2765091,1257207],[2764912,1257306],[2764719,1257376],[2764586,1257475],[2764379,1257506],[2764171,1257537],[2763948,1257619],[2763783,1257729],[2763649,1257865],[2763530,1257905],[2763332,1257987],[2763124,1258156],[2762926,1258293],[2762833,1258370],[2762712,1258470],[2762677,1258555],[2762634,1258675],[2762413,1258636],[2762248,1258555],[2762154,1258534],[2762149,1258605],[2762066,1258745],[2761863,1258846],[2761668,1258978],[2761546,1258995],[2761551,1259021],[2761484,1259067],[2761296,1259050],[2761024,1259092],[2760819,1259122],[2760696,1259153],[2760268,1259108],[2760103,1259072],[2760099,1259107],[2760059,1259133],[2759716,1259276],[2759484,1259153],[2759395,1259168],[2759195,1259194],[2759014,1259073],[2758852,1259130],[2758892,1259189],[2758953,1259305],[2758902,1259438],[2758893,1259533],[2758720,1259578],[2758374,1259617],[2758248,1259625],[2757746,1259309],[2757665,1259244],[2757531,1259112],[2757474,1258979],[2757378,1258863],[2757404,1258746],[2757426,1258533],[2757543,1258230],[2757728,1257956],[2757593,1257980],[2757406,1257929],[2757353,1257815],[2757279,1257733],[2757214,1257714],[2757078,1257726],[2756963,1257745],[2756847,1257721],[2756795,1257685],[2756735,1257599],[2756643,1257580],[2756570,1257510],[2756523,1257462],[2756403,1257494],[2756326,1257501],[2756281,1257516],[2756222,1257481],[2756160,1257472],[2756088,1257443],[2756086,1257403],[2756043,1257352],[2755991,1257306],[2755943,1257248],[2755907,1257223],[2755856,1257173],[2755804,1257139],[2755777,1257067],[2755607,1256918],[2755405,1256789],[2755159,1256678],[2755056,1256643],[2754555,1256534],[2754410,1256486],[2754384,1256441],[2754313,1256430],[2754273,1256416],[2754254,1256397],[2754224,1256338],[2754194,1256313],[2754171,1256319],[2754123,1256291],[2754077,1256301],[2754016,1256263],[2753988,1256249],[2753936,1256272],[2753884,1256271],[2753842,1256298],[2753760,1256248],[2753705,1256222],[2753652,1256224],[2753595,1256208],[2753530,1256223],[2753445,1256229],[2753366,1256222],[2753288,1256224],[2753139,1256158],[2753070,1256107],[2752957,1256008],[2752876,1255941],[2752808,1255834],[2752699,1255784],[2752495,1255695],[2752375,1255645],[2752249,1255617],[2752165,1255560],[2752035,1255509],[2751942,1255465],[2751960,1255373],[2751918,1255313],[2751808,1255282],[2751704,1255330],[2751624,1255447],[2751524,1255517],[2751419,1255548],[2751325,1255601],[2751202,1255600],[2751085,1255537],[2750918,1255576],[2750829,1255652],[2750669,1255656],[2750573,1255590],[2750610,1255546],[2750581,1255425],[2750543,1255368],[2750493,1255303],[2750448,1255212],[2750434,1255123],[2750461,1255074],[2750463,1255013],[2750536,1254865],[2750569,1254803],[2750575,1254746],[2750590,1254684],[2750624,1254615],[2750615,1254550],[2750594,1254495],[2750601,1254441],[2750588,1254346],[2750596,1254272],[2750625,1254187],[2750610,1254138],[2750502,1254004],[2750273,1253829],[2750283,1253758],[2750335,1253685],[2750418,1253511],[2750418,1253202],[2750179,1253202],[2750205,1253180],[2750126,1253064],[2750178,1252918],[2750131,1252804],[2749854,1252551],[2749520,1252458],[2749094,1252358],[2748878,1252200],[2748738,1252060],[2748522,1252019],[2748370,1251928],[2748187,1251856],[2747989,1251900],[2747853,1251819],[2747810,1251845],[2747771,1251855],[2747696,1251871],[2747669,1251886],[2747629,1251872],[2747589,1251870],[2747540,1251864],[2747495,1251859],[2747462,1251878],[2747419,1251910],[2747394,1251933],[2747368,1251950],[2747326,1251998],[2747319,1252045],[2747312,1252103],[2747285,1252185],[2747257,1252238],[2747230,1252234],[2747173,1252287],[2747138,1252304],[2747096,1252331],[2747042,1252358],[2746979,1252368],[2746914,1252360],[2746833,1252396],[2746763,1252429],[2746695,1252416],[2746604,1252443],[2746541,1252460],[2746469,1252463],[2746426,1252495],[2746347,1252531],[2746233,1252523],[2746181,1252558],[2746116,1252553],[2746013,1252522],[2745905,1252547],[2745814,1252529],[2745752,1252494],[2745672,1252413],[2745618,1252359],[2745577,1252300],[2745505,1252227],[2745394,1252203],[2745304,1252194],[2745198,1252153],[2745104,1252116],[2745024,1252066],[2744993,1251997],[2744926,1251913],[2744818,1251934],[2744739,1251938],[2744671,1251986],[2744630,1252047],[2744541,1252012],[2744426,1251942],[2744264,1251869],[2744108,1251812],[2743963,1251740],[2743750,1251669],[2743533,1251646],[2743404,1251666],[2743224,1251543],[2743122,1251614],[2742989,1251576],[2742937,1251672],[2742762,1251745],[2742610,1251756],[2742441,1251703],[2742413,1251666],[2742173,1251539],[2742022,1251406],[2741877,1251307],[2741648,1251340],[2741521,1251289],[2741288,1251205],[2741147,1251206],[2741003,1251128],[2740914,1251102],[2740667,1251061],[2740411,1251134],[2740309,1251163],[2740160,1251207],[2739912,1251276],[2739730,1251308],[2739381,1251333],[2739206,1251381],[2739038,1251379],[2738935,1251414],[2738853,1251519],[2738651,1251537],[2738378,1251638],[2738034,1251485],[2737967,1251584],[2737888,1251644],[2737808,1251618],[2737662,1251563],[2737585,1251458],[2737430,1251407],[2737299,1251367],[2737199,1251580],[2737082,1251527],[2736957,1251557],[2736869,1251569],[2736777,1251528],[2736631,1251391],[2736512,1251331],[2736390,1251363],[2736306,1251401],[2736097,1251287],[2735840,1251092],[2735606,1251129],[2735532,1251056],[2735469,1251073],[2735411,1251228],[2735263,1251121],[2735349,1251040],[2735403,1250961],[2735412,1250832],[2735387,1250773],[2735442,1250637],[2735433,1250494],[2735442,1250206],[2735308,1250094],[2735191,1249998],[2735080,1250069],[2735004,1250075],[2734813,1249976],[2734708,1250048],[2734549,1249845],[2734407,1249739],[2734418,1249537],[2734516,1249467],[2734476,1249424],[2734509,1249348],[2734561,1249232],[2734642,1249090],[2734630,1248959],[2734520,1248828],[2734555,1248710],[2734592,1248595],[2734599,1248496],[2734540,1248407],[2734422,1248325],[2734186,1248056],[2734036,1247807],[2734066,1247674],[2733865,1247430],[2733293,1247194],[2733080,1247157],[2732861,1247150],[2732759,1247199],[2732660,1247204],[2732575,1247222],[2732471,1247231],[2732399,1247216],[2732440,1247154],[2732491,1247067],[2732642,1246793],[2732705,1246539],[2732748,1246249],[2732799,1246236],[2732850,1246277],[2732914,1246314],[2733023,1246315],[2733098,1246368],[2733174,1246442],[2733391,1246595],[2733572,1246535],[2733396,1246342],[2733163,1245859],[2732990,1245588],[2733014,1245502],[2733109,1245433],[2733214,1245376],[2733334,1245224],[2733412,1245026],[2733528,1244997],[2733542,1244953],[2733547,1244893],[2733538,1244846],[2733537,1244815],[2733556,1244777],[2733574,1244699],[2733582,1244651],[2733635,1244676],[2733720,1244700],[2733764,1244756],[2733833,1244800],[2733899,1244836],[2733946,1244863],[2733982,1244842],[2734045,1244805],[2734086,1244804],[2734115,1244822],[2734175,1244851],[2734187,1244888],[2734218,1244921],[2734287,1244949],[2734365,1244965],[2734423,1244986],[2734473,1244989],[2734535,1245000],[2734586,1245019],[2734706,1245121],[2734970,1245050],[2734993,1245015],[2735017,1244965],[2735027,1244910],[2735043,1244874],[2735075,1244810],[2735098,1244770],[2735129,1244711],[2735159,1244668],[2735186,1244617],[2735236,1244577],[2735282,1244530],[2735308,1244480],[2735323,1244426],[2735358,1244413],[2735432,1244354],[2735465,1244283],[2735508,1244226],[2735552,1244173],[2735562,1244132],[2735582,1244094],[2735594,1244063],[2735612,1243992],[2735620,1243952],[2735624,1243854],[2735581,1243763],[2735321,1243588],[2735212,1243579],[2735187,1243516],[2735147,1243487],[2735072,1243470],[2735006,1243398],[2734940,1243332],[2734888,1243296],[2734820,1243220],[2734728,1243196],[2734686,1243233],[2734622,1243164],[2734502,1243091],[2734434,1243026],[2734328,1243047],[2734275,1242911],[2734205,1242864],[2734086,1242822],[2734018,1242729],[2733932,1242713],[2733900,1242620],[2733960,1242573],[2734037,1242535],[2734129,1242500],[2734144,1242458],[2734157,1242412],[2734155,1242318],[2734204,1242220],[2734214,1242144],[2734217,1242075],[2734237,1242006],[2734274,1241937],[2734273,1241863],[2734266,1241758],[2734306,1241667],[2734311,1241588],[2734366,1241522],[2734416,1241462],[2734451,1241373],[2734491,1241305],[2734540,1241063],[2734501,1240823],[2734464,1240693],[2734418,1240619],[2734422,1240571],[2734469,1240505],[2734489,1240401],[2734512,1240322],[2734552,1240276],[2734650,1240169],[2734759,1240014],[2734873,1239922],[2734963,1239724],[2735041,1239606],[2735036,1239476],[2734860,1239335],[2734896,1239110],[2734701,1238910],[2734666,1238858],[2734465,1238555],[2734303,1238474],[2734129,1238336],[2734077,1238297],[2734039,1238243],[2733998,1238197],[2733935,1238134],[2733875,1238092],[2733771,1237916],[2733769,1237856],[2733764,1237781],[2733740,1237710],[2733783,1237653],[2733884,1237583],[2733942,1237564],[2734009,1237492],[2734080,1237457],[2734168,1237413],[2734240,1237342],[2734316,1237277],[2734386,1237253],[2734441,1237222],[2734484,1237177],[2734520,1237107],[2734622,1237083],[2734716,1237046],[2734765,1237012],[2734834,1236971],[2734912,1236907],[2734956,1236879],[2735100,1236819],[2735293,1236715],[2735472,1236698],[2735658,1236573],[2735875,1236502],[2736100,1236452],[2736385,1236428],[2736709,1236525],[2736920,1236564],[2737194,1236511],[2737480,1236418],[2737683,1236345],[2737853,1236482],[2737984,1236545],[2738125,1236751],[2738396,1236908],[2738680,1236907],[2738897,1237033],[2739271,1236719],[2739630,1236610],[2739857,1236282],[2740091,1236033],[2740463,1235931],[2740663,1235721],[2740909,1235830],[2741179,1235984],[2741355,1235974],[2741479,1235969],[2741546,1235858],[2741481,1235577],[2741676,1235286],[2742313,1234700],[2742853,1234687],[2743137,1234835],[2744018,1234884],[2744089,1234895],[2744161,1234912],[2744306,1234660],[2744629,1234430],[2744854,1234364],[2745113,1234381],[2745444,1234353],[2745649,1234318],[2745870,1234196],[2746092,1234017],[2746364,1233875],[2746872,1233504],[2747678,1233482],[2748485,1233691],[2748860,1233879],[2749138,1234300],[2749649,1234745],[2750480,1234868],[2750617,1234964],[2750750,1235068],[2750898,1235137],[2751083,1235241],[2751348,1235336],[2751565,1235518],[2751716,1235616],[2751862,1235735],[2752041,1235874],[2752238,1236149],[2752427,1236359],[2752617,1236486],[2752795,1236694],[2753028,1236748],[2753289,1236971],[2753416,1237136],[2753584,1237336],[2753777,1237486],[2753936,1237659],[2754092,1237906],[2754171,1238123],[2754292,1238309],[2754420,1238482],[2754488,1238744],[2754725,1238919],[2754968,1239911],[2755158,1240714],[2755152,1240936],[2755096,1241059],[2755182,1241190],[2755269,1241271],[2755391,1241347],[2755559,1241576],[2755438,1241865],[2755324,1242062],[2755309,1242323],[2755413,1242496],[2755568,1242709],[2755685,1242853],[2755708,1243052],[2755784,1243833],[2755826,1244098],[2755963,1244144],[2755909,1244315],[2755937,1244451],[2755953,1244561],[2755987,1244980],[2755968,1246241],[2755959,1246445],[2755924,1246601],[2755742,1247542],[2755730,1247622],[2755674,1247643],[2755644,1247699],[2755716,1247758],[2755763,1248416],[2755727,1248447],[2755673,1248497],[2755609,1248542],[2755776,1248750],[2755835,1248906],[2756034,1249072],[2755938,1249189],[2755952,1250102],[2755865,1250159],[2755961,1250328],[2755973,1250647],[2756060,1250767],[2756213,1251186],[2756331,1251382]],[[2751489,1263126],[2751479,1262943],[2751527,1262663],[2751522,1262154],[2751802,1262004],[2751793,1261865],[2752532,1261739],[2752733,1261633],[2752665,1261554],[2752649,1261486],[2752658,1261449],[2752655,1261407],[2752625,1261330],[2753391,1261731],[2751489,1263126]]]}},{"type":"Feature","properties":{"KANTONSNUM":1,"NAME":"Zürich"},"geometry":{"type":"Polygon","coordinates":[[[2692412,1282305],[2692420,1282080],[2692437,1281959],[2692433,1281881],[2692347,1281363],[2692722,1280995],[2692987,1280871],[2693047,1280541],[2693165,1280278],[2693058,1279945],[2693219,1279668],[2693222,1279468],[2693287,1279348],[2693493,1279078],[2693690,1278851],[2693870,1278456],[2694260,1278239],[2694600,1278218],[2694855,1278002],[2694989,1277922],[2695034,1277833],[2695419,1277600],[2695463,1277595],[2695565,1277733],[2695679,1277804],[2695890,1277717],[2696273,1277500],[2696552,1277629],[2696986,1277709],[2697360,1277545],[2697565,1277641],[2697900,1277666],[2698036,1277735],[2698027,1277647],[2698165,1277356],[2698407,1277502],[2698564,1277565],[2698964,1277767],[2699086,1277758],[2699205,1277879],[2699274,1278046],[2699633,1278383],[2699755,1278433],[2699941,1278573],[2700207,1278551],[2700353,1278428],[2700558,1278497],[2700625,1278648],[2700930,1278817],[2701218,1279148],[2701254,1279769],[2701841,1280229],[2702134,1280249],[2702430,1280296],[2702649,1280236],[2702631,1279745],[2702632,1279460],[2702596,1279152],[2702651,1278952],[2702789,1278813],[2703025,1278786],[2703332,1278602],[2703389,1278565],[2703499,1278540],[2703706,1278498],[2703918,1278475],[2704152,1278339],[2704265,1278146],[2704304,1277902],[2704314,1277787],[2704356,1277661],[2704369,1277529],[2704210,1277226],[2704139,1276800],[2703993,1276691],[2703882,1276445],[2703662,1276363],[2703377,1276079],[2703332,1275797],[2703215,1275567],[2703413,1275461],[2703316,1275223],[2703302,1274969],[2703145,1274797],[2702990,1274628],[2702705,1274512],[2702666,1274303],[2702666,1274144],[2702661,1273931],[2702585,1273660],[2702596,1273560],[2702528,1273453],[2702527,1273322],[2702580,1273202],[2702412,1273210],[2702280,1273280],[2702162,1273310],[2702068,1273300],[2701881,1273310],[2701527,1273408],[2701496,1273664],[2701631,1273958],[2701448,1274079],[2701193,1274194],[2700975,1274321],[2700624,1274424],[2700495,1274588],[2700278,1274666],[2700062,1274673],[2699771,1274862],[2699548,1274969],[2699315,1275009],[2699153,1274941],[2698972,1274880],[2698944,1274994],[2698648,1275164],[2698555,1275290],[2698310,1275401],[2698273,1275198],[2698320,1274932],[2698251,1274784],[2698276,1274480],[2698045,1274279],[2697879,1274277],[2697807,1273856],[2698002,1273776],[2697997,1273561],[2698115,1273340],[2698175,1273235],[2698365,1273061],[2698522,1272965],[2698469,1272818],[2698410,1272689],[2698355,1272524],[2698418,1272501],[2698830,1272158],[2699581,1272188],[2699954,1272116],[2702574,1271107],[2702846,1270496],[2703490,1269735],[2703937,1269995],[2704155,1270049],[2704787,1270114],[2705389,1269585],[2705606,1269327],[2706285,1269056],[2706299,1268748],[2706040,1268723],[2705845,1268713],[2705555,1268621],[2705214,1268346],[2704835,1268386],[2704659,1268199],[2704720,1267857],[2704782,1267579],[2704861,1267479],[2704885,1267411],[2704942,1267380],[2704906,1267227],[2704946,1267077],[2705084,1266736],[2705285,1266558],[2705508,1266242],[2705469,1266179],[2705596,1266070],[2705571,1266023],[2705584,1265915],[2705591,1265620],[2705825,1265518],[2706107,1265454],[2706216,1265449],[2706247,1265448],[2706465,1265458],[2706712,1265372],[2706879,1265368],[2707109,1265373],[2707587,1265391],[2707972,1265323],[2708170,1265246],[2708558,1265054],[2708652,1265199],[2708771,1265285],[2708959,1265165],[2709150,1265118],[2709301,1265023],[2709470,1265015],[2709642,1264950],[2709922,1264732],[2709821,1264357],[2709712,1264185],[2709841,1263844],[2709812,1263686],[2709843,1263378],[2709880,1263225],[2709890,1263023],[2709861,1262888],[2709858,1262639],[2709831,1262509],[2709726,1262350],[2709558,1262037],[2709612,1261420],[2709625,1261115],[2709601,1261025],[2709746,1260774],[2709891,1260695],[2709960,1260420],[2709640,1260249],[2709353,1260099],[2709246,1260089],[2709035,1259998],[2708978,1259699],[2708998,1259451],[2708761,1259228],[2708798,1259184],[2709000,1259072],[2709003,1258969],[2708908,1258821],[2708986,1258663],[2709118,1258690],[2709283,1258644],[2709468,1258527],[2709556,1258251],[2709703,1258173],[2709635,1258127],[2709565,1258067],[2709725,1258008],[2709761,1257926],[2709838,1257922],[2709851,1257907],[2709910,1257665],[2709900,1257635],[2709879,1257616],[2709842,1257581],[2709871,1257529],[2710160,1257118],[2710227,1256972],[2710438,1256889],[2710554,1256774],[2710648,1256639],[2710735,1256587],[2710838,1256374],[2710866,1256228],[2710779,1256207],[2710670,1256130],[2710603,1256077],[2710479,1255903],[2710457,1255791],[2710641,1255575],[2710737,1255392],[2710849,1255173],[2710955,1255112],[2711153,1255015],[2711197,1255021],[2711336,1255040],[2711496,1255016],[2711636,1255002],[2711797,1254868],[2712042,1254864],[2712130,1254841],[2712275,1254911],[2712632,1254915],[2712668,1254863],[2712715,1254751],[2712596,1254577],[2712565,1254515],[2712399,1254479],[2712345,1254478],[2712291,1254477],[2712235,1254469],[2712169,1254489],[2712128,1254530],[2712043,1254569],[2712003,1254600],[2711937,1254623],[2711849,1254630],[2711774,1254633],[2711722,1254620],[2711690,1254603],[2711639,1254581],[2711566,1254612],[2711314,1254482],[2711274,1254460],[2711077,1254705],[2710937,1254531],[2710840,1254443],[2710901,1254238],[2711082,1254167],[2711311,1254059],[2711339,1253952],[2711301,1253932],[2711244,1253866],[2711168,1253796],[2711140,1253696],[2711157,1253623],[2711120,1253547],[2711163,1253396],[2711167,1253364],[2711178,1253343],[2711201,1253316],[2711216,1253275],[2711228,1253232],[2711263,1253096],[2711321,1253020],[2711252,1252855],[2711227,1252711],[2711250,1252597],[2711243,1252402],[2711202,1252353],[2711135,1252295],[2711061,1252186],[2711016,1252013],[2710955,1251911],[2710888,1251816],[2710793,1251721],[2710722,1251588],[2710663,1251501],[2710635,1251393],[2710640,1251260],[2710588,1251205],[2710570,1251169],[2710682,1251132],[2710795,1251095],[2710835,1251060],[2710919,1251071],[2710996,1251079],[2711101,1251073],[2711168,1251108],[2711219,1251059],[2711323,1251088],[2711321,1251018],[2711344,1251003],[2711394,1250991],[2711468,1250978],[2711492,1250950],[2711537,1250957],[2711636,1250955],[2711713,1250938],[2711893,1250898],[2711968,1250854],[2712021,1250813],[2712105,1250751],[2712167,1250692],[2712240,1250639],[2712286,1250615],[2712351,1250545],[2712396,1250482],[2712390,1250401],[2712418,1250370],[2712453,1250306],[2712515,1250288],[2712570,1250229],[2712600,1250164],[2712660,1250113],[2712722,1250058],[2712796,1249998],[2712915,1249936],[2713056,1249904],[2713126,1249827],[2713223,1249729],[2713375,1249643],[2713476,1249585],[2713539,1249489],[2713618,1249403],[2713640,1249279],[2713622,1249184],[2713576,1249087],[2713523,1249016],[2713448,1248913],[2713391,1248785],[2713405,1248681],[2713458,1248573],[2713578,1248425],[2713692,1248267],[2713848,1248202],[2713923,1248214],[2713974,1248203],[2714022,1248181],[2714058,1248117],[2714072,1248068],[2714090,1248018],[2714148,1247960],[2714196,1247923],[2714235,1247872],[2714260,1247783],[2714268,1247686],[2714285,1247592],[2714291,1247535],[2714309,1247458],[2714333,1247380],[2714366,1247283],[2714395,1247219],[2714417,1247169],[2714458,1247109],[2714489,1247071],[2714507,1247015],[2714523,1246954],[2714551,1246864],[2714588,1246791],[2714599,1246734],[2714628,1246648],[2714694,1246555],[2714746,1246491],[2714777,1246406],[2714837,1246360],[2714891,1246265],[2714935,1246143],[2714948,1246065],[2714924,1245935],[2714965,1245874],[2715012,1245910],[2715121,1245937],[2715224,1245959],[2715345,1245956],[2715403,1245949],[2715484,1245944],[2715660,1245769],[2715824,1245695],[2716044,1245194],[2716000,1244913],[2715961,1244357],[2716384,1244169],[2716409,1243916],[2716295,1243552],[2716255,1243215],[2716492,1242719],[2716622,1242434],[2716802,1241947],[2716670,1241648],[2716502,1241352],[2716405,1241199],[2716375,1241138],[2716358,1241091],[2716308,1240984],[2716273,1240911],[2716223,1240834],[2716197,1240779],[2716128,1240697],[2715680,1240582],[2715282,1240584],[2714785,1240374],[2714627,1240017],[2714473,1239730],[2714452,1239620],[2714445,1239490],[2714221,1239204],[2714215,1239067],[2714201,1239011],[2714126,1238978],[2714057,1238936],[2713989,1238898],[2713925,1238870],[2713866,1238859],[2713789,1238910],[2713658,1238785],[2713531,1238754],[2713408,1238695],[2713326,1238678],[2713220,1238662],[2713159,1238600],[2713107,1238550],[2713170,1238507],[2713221,1238500],[2713273,1238472],[2713336,1238391],[2713393,1238321],[2713429,1238258],[2713621,1238125],[2713691,1237972],[2713719,1237878],[2713717,1237798],[2713690,1237715],[2713736,1237619],[2713870,1237623],[2714252,1237771],[2714198,1237667],[2714204,1237616],[2714179,1237575],[2714181,1237531],[2714186,1237472],[2714187,1237410],[2714178,1237365],[2714173,1237308],[2714170,1237243],[2714162,1237190],[2714147,1237130],[2714113,1237086],[2714068,1237050],[2713989,1237024],[2713932,1236964],[2713899,1236910],[2713866,1236870],[2713784,1236812],[2713703,1236791],[2713676,1236731],[2713800,1236602],[2713880,1236510],[2713873,1236357],[2713760,1236257],[2713658,1236155],[2713622,1236102],[2713546,1235961],[2713455,1235832],[2713398,1235700],[2713405,1235563],[2713310,1235460],[2713202,1235425],[2713035,1235309],[2712835,1235406],[2712794,1235397],[2712765,1235371],[2712582,1235246],[2712312,1235121],[2712161,1235052],[2711857,1234963],[2711397,1234799],[2711240,1234965],[2710852,1234875],[2710536,1234778],[2710348,1234722],[2710234,1234717],[2709930,1234618],[2709667,1234570],[2709529,1234557],[2709298,1234518],[2708900,1234473],[2708613,1234407],[2708645,1234172],[2708642,1233965],[2708578,1233937],[2708499,1233909],[2708442,1233887],[2708429,1233776],[2708186,1233585],[2707851,1233569],[2707633,1233487],[2707398,1233632],[2707169,1233717],[2707052,1234027],[2706959,1234309],[2706664,1234157],[2706440,1233883],[2706106,1233846],[2705899,1233854],[2705843,1233951],[2705749,1233940],[2705596,1234073],[2705476,1234147],[2705269,1234152],[2705113,1234309],[2704690,1234236],[2704575,1234164],[2704372,1234105],[2704240,1234030],[2704040,1234009],[2703783,1233923],[2703250,1233759],[2703274,1233614],[2703109,1233511],[2702996,1233353],[2702842,1233289],[2702789,1233101],[2702773,1233021],[2703763,1230812],[2696535,1228769],[2696486,1228702],[2696457,1228648],[2696392,1228566],[2696240,1228542],[2696059,1228670],[2695964,1228721],[2695826,1228632],[2695797,1228570],[2695784,1228511],[2695798,1228454],[2695796,1228401],[2695833,1228343],[2695798,1228291],[2695771,1228233],[2695709,1228196],[2695663,1228167],[2695609,1228147],[2695551,1228109],[2695485,1228094],[2695444,1228080],[2695378,1228066],[2695274,1228070],[2695197,1228049],[2694656,1227150],[2694172,1226625],[2694186,1225964],[2694257,1225812],[2694270,1225740],[2694300,1225679],[2694289,1225592],[2694307,1225537],[2694335,1225485],[2694646,1225199],[2694974,1224986],[2695048,1224363],[2694569,1224271],[2694266,1224202],[2693952,1224077],[2693750,1223902],[2693234,1223896],[2692916,1223988],[2692702,1224096],[2692640,1224369],[2692663,1224473],[2692681,1224819],[2692657,1224913],[2692629,1225009],[2692496,1225123],[2692368,1225067],[2692269,1225039],[2692062,1225154],[2692002,1225163],[2691870,1225088],[2691672,1225056],[2691592,1225031],[2691295,1224930],[2691157,1224928],[2691043,1224983],[2691029,1225028],[2691063,1225153],[2691051,1225182],[2691001,1225208],[2690845,1225225],[2690606,1225206],[2690512,1225242],[2690386,1225267],[2690161,1225254],[2689926,1225316],[2689866,1225377],[2689848,1225463],[2689876,1225566],[2689936,1225734],[2690030,1225834],[2690156,1226015],[2690163,1226078],[2690126,1226130],[2690005,1226213],[2689989,1226305],[2689846,1226560],[2689592,1226967],[2689569,1227043],[2689600,1227205],[2689604,1227257],[2689575,1227297],[2689475,1227356],[2689404,1227425],[2689356,1227452],[2689326,1227493],[2689327,1227556],[2689387,1227712],[2689354,1227797],[2689253,1227949],[2689214,1228048],[2689190,1228192],[2689065,1228348],[2688938,1228586],[2688693,1228795],[2688357,1228847],[2688060,1228555],[2687870,1228519],[2687727,1228792],[2687788,1228976],[2687800,1229238],[2687639,1229538],[2687375,1229613],[2687002,1229658],[2686881,1229512],[2686724,1229470],[2686669,1229483],[2686634,1229529],[2686601,1229752],[2686537,1229891],[2686566,1230007],[2686716,1230195],[2686708,1230256],[2686665,1230294],[2686608,1230295],[2686395,1230252],[2686263,1230322],[2686239,1230369],[2686205,1230269],[2686078,1230192],[2686027,1230255],[2685716,1230335],[2685411,1230395],[2685308,1230434],[2685202,1230459],[2684843,1230537],[2684757,1230678],[2684400,1230679],[2683967,1230705],[2683828,1230656],[2683400,1230816],[2683353,1230797],[2683315,1230765],[2683263,1230724],[2683206,1230695],[2683161,1230650],[2683154,1230565],[2682944,1230638],[2682850,1230708],[2682858,1230660],[2682854,1230590],[2682843,1230529],[2682810,1230490],[2682802,1230433],[2682797,1230386],[2682800,1230333],[2682804,1230295],[2682786,1230243],[2682749,1230201],[2682677,1230221],[2682653,1230269],[2682587,1230298],[2682530,1230316],[2682474,1230313],[2682423,1230324],[2682358,1230308],[2682330,1230333],[2682260,1230333],[2682199,1230329],[2682148,1230335],[2682122,1230341],[2682056,1230348],[2682015,1230410],[2681987,1230461],[2681344,1230387],[2681355,1230108],[2681356,1230036],[2681134,1229916],[2680945,1229824],[2680847,1229763],[2680694,1229619],[2680282,1229556],[2679998,1229533],[2679595,1229415],[2679381,1229265],[2679031,1229162],[2678912,1229156],[2678526,1229184],[2678364,1229271],[2678302,1229501],[2678021,1229642],[2677943,1229706],[2677895,1229771],[2677826,1229745],[2677712,1229728],[2677564,1229710],[2677443,1229764],[2677284,1230044],[2677113,1230237],[2676928,1230178],[2676743,1230202],[2676799,1230298],[2676625,1230410],[2676447,1230400],[2676401,1230541],[2676340,1230762],[2676070,1230751],[2675818,1230847],[2675097,1230916],[2674891,1230837],[2674727,1230783],[2674610,1230758],[2674559,1230747],[2674476,1230732],[2674395,1230989],[2674244,1231061],[2674173,1231225],[2674121,1231398],[2674083,1231812],[2674024,1232147],[2673941,1232407],[2673974,1232594],[2673989,1232815],[2673801,1233062],[2673601,1233475],[2673396,1233714],[2673339,1233783],[2673138,1233984],[2673064,1234062],[2673028,1234111],[2673000,1234164],[2672981,1234221],[2672970,1234281],[2672968,1234341],[2672975,1234401],[2672992,1234459],[2673067,1234626],[2673089,1234687],[2673102,1234751],[2673103,1234816],[2673086,1234912],[2673061,1234972],[2673027,1235028],[2672961,1235099],[2672857,1235198],[2672814,1235280],[2672794,1235371],[2672801,1235457],[2672932,1236050],[2672360,1236795],[2672092,1237726],[2671961,1238187],[2672023,1238193],[2672068,1238230],[2672169,1238219],[2672309,1238066],[2672479,1237928],[2672797,1238051],[2673020,1238207],[2673300,1238413],[2673848,1238553],[2674013,1238567],[2674165,1238710],[2674222,1238879],[2674375,1239019],[2674624,1239183],[2674780,1239263],[2674903,1239460],[2675015,1239747],[2674957,1239911],[2674935,1239994],[2675023,1240124],[2675116,1240383],[2675232,1240672],[2675426,1240919],[2675488,1240966],[2675533,1240958],[2675654,1240978],[2675811,1241034],[2675800,1241076],[2675788,1241121],[2675764,1241174],[2675755,1241216],[2675799,1241270],[2675991,1241400],[2676192,1241642],[2676286,1241727],[2676334,1241821],[2676403,1242036],[2676451,1242276],[2676825,1243049],[2676517,1243022],[2676334,1242646],[2676042,1242517],[2675881,1242395],[2675758,1242342],[2675448,1242244],[2675034,1242215],[2674764,1242221],[2674268,1242066],[2674042,1241996],[2673853,1242036],[2673825,1242169],[2673642,1242217],[2673624,1242395],[2673708,1242581],[2673927,1243009],[2673913,1243097],[2673882,1243166],[2673859,1243221],[2673886,1243269],[2673914,1243320],[2673896,1243378],[2673773,1243345],[2673693,1243478],[2673564,1243497],[2673516,1243593],[2673392,1243745],[2673205,1243865],[2673127,1244029],[2673108,1244166],[2673015,1244238],[2672937,1244416],[2673068,1244762],[2673149,1245011],[2673282,1245241],[2673228,1245396],[2673187,1245584],[2673139,1245925],[2673083,1246235],[2673027,1246464],[2673237,1246653],[2673191,1246954],[2672811,1247039],[2672656,1247077],[2672612,1247349],[2672618,1247393],[2672653,1247463],[2672613,1247511],[2672481,1247587],[2672359,1247752],[2672337,1247846],[2672341,1248022],[2672239,1248167],[2672253,1248314],[2672221,1248459],[2672215,1248665],[2672210,1248884],[2672195,1249089],[2672190,1249270],[2672153,1249388],[2672264,1249409],[2672327,1249638],[2672305,1249663],[2672171,1249712],[2672053,1249779],[2671992,1249866],[2671867,1249806],[2671752,1249812],[2671621,1249859],[2671545,1249809],[2671436,1249804],[2671362,1249825],[2671315,1249751],[2671280,1249901],[2671131,1250129],[2670965,1250337],[2670821,1250327],[2670567,1250215],[2670282,1250225],[2670089,1250214],[2669909,1250339],[2669754,1250576],[2670063,1250481],[2670139,1250565],[2670303,1250730],[2670589,1250828],[2670872,1250720],[2671055,1250631],[2671217,1250751],[2671368,1250995],[2671158,1251304],[2671141,1251507],[2671279,1251731],[2671303,1251759],[2671428,1251944],[2671548,1252204],[2671941,1252626],[2671927,1252881],[2671831,1253008],[2671728,1253135],[2671655,1253259],[2671346,1253455],[2671035,1253565],[2670696,1253678],[2670730,1254054],[2670964,1254015],[2671241,1254014],[2671315,1254225],[2671354,1254263],[2671360,1254441],[2671313,1254487],[2671304,1254594],[2671283,1254790],[2671148,1254972],[2671150,1255052],[2671083,1255479],[2671148,1255498],[2671429,1255815],[2671510,1255866],[2671362,1256309],[2671350,1256351],[2671221,1256460],[2671009,1256582],[2670975,1256647],[2670908,1256914],[2670837,1256930],[2670508,1256922],[2670411,1257062],[2670234,1257320],[2670210,1257427],[2670017,1257661],[2669909,1257834],[2670042,1257888],[2670071,1257992],[2670006,1258040],[2669938,1258045],[2669988,1258075],[2670066,1258152],[2670239,1258156],[2670462,1258172],[2670536,1258447],[2670503,1258940],[2670328,1259372],[2669821,1259330],[2669660,1259501],[2669596,1260054],[2669631,1260351],[2669625,1260418],[2669599,1260443],[2669525,1260713],[2669492,1260947],[2669345,1261104],[2669406,1261234],[2669585,1261387],[2669633,1261467],[2669654,1261564],[2669375,1261530],[2669313,1261577],[2669321,1261864],[2669336,1261984],[2669330,1262073],[2669368,1262146],[2669536,1262306],[2669564,1262588],[2669654,1262639],[2669849,1262650],[2669951,1262783],[2670129,1262765],[2670275,1262751],[2670435,1262672],[2670473,1262735],[2670721,1262880],[2670850,1263027],[2670942,1263585],[2671030,1264321],[2671366,1264658],[2671490,1264602],[2671621,1264478],[2671724,1264363],[2671965,1264451],[2672060,1264627],[2672029,1264708],[2672028,1264795],[2672015,1264874],[2672053,1265026],[2672156,1265063],[2672237,1265099],[2672262,1265087],[2672270,1265109],[2672503,1265169],[2672620,1265189],[2672694,1265247],[2672692,1265398],[2672571,1265617],[2672483,1265714],[2672461,1265905],[2672531,1265887],[2672664,1265726],[2672696,1265821],[2672755,1265929],[2672833,1266140],[2672904,1266126],[2672934,1266238],[2673000,1266337],[2673040,1266321],[2673073,1266412],[2673145,1266511],[2673205,1266596],[2673318,1266563],[2673518,1266602],[2673590,1266717],[2673533,1266971],[2673610,1267100],[2673459,1267283],[2673450,1267476],[2673592,1267876],[2673629,1267940],[2673623,1268261],[2673735,1268615],[2673758,1268733],[2674499,1268939],[2675169,1268967],[2675887,1269288],[2676167,1269427],[2676361,1269484],[2676603,1269583],[2677158,1269556],[2677618,1269811],[2678045,1270164],[2678275,1270226],[2678639,1270121],[2678856,1270178],[2679403,1270556],[2679115,1271167],[2678304,1271036],[2677754,1270929],[2677548,1270896],[2677421,1270873],[2677350,1270904],[2676869,1271491],[2676839,1272003],[2676564,1272552],[2676907,1272878],[2677423,1273182],[2677662,1273416],[2677673,1273610],[2677949,1273543],[2678196,1274018],[2678353,1274302],[2679046,1274329],[2680210,1274618],[2680406,1275147],[2680922,1275301],[2680836,1275623],[2680963,1275900],[2680959,1276200],[2680970,1276472],[2681329,1276522],[2681969,1276253],[2682295,1276195],[2682645,1276192],[2682731,1275875],[2683114,1275528],[2683435,1275544],[2683738,1275494],[2684135,1275465],[2684303,1275099],[2684525,1274608],[2685037,1274628],[2685081,1274341],[2685285,1274141],[2684987,1273929],[2684807,1273514],[2684454,1272895],[2684320,1272641],[2684091,1272467],[2684021,1272300],[2683918,1272039],[2683411,1271927],[2682888,1271594],[2682624,1271320],[2682546,1271149],[2682581,1271005],[2682565,1270858],[2682410,1270808],[2682452,1270668],[2682479,1270611],[2682529,1270593],[2682542,1270576],[2682555,1270429],[2682570,1270428],[2682652,1270425],[2682832,1270346],[2682814,1270252],[2682666,1270230],[2682633,1270145],[2682497,1269968],[2682818,1269880],[2683090,1269897],[2683179,1269944],[2683353,1269852],[2683354,1269811],[2683324,1269696],[2683317,1269539],[2683231,1269533],[2683185,1269513],[2683132,1269482],[2682995,1269385],[2683272,1269130],[2683508,1268778],[2683610,1268532],[2683689,1268141],[2683725,1267852],[2684015,1267484],[2684163,1267449],[2684326,1267524],[2684497,1267769],[2684888,1268455],[2684969,1268628],[2685083,1269043],[2685181,1269699],[2685293,1269936],[2685485,1270061],[2685823,1270138],[2685880,1270226],[2685872,1270396],[2685719,1270766],[2685644,1271271],[2685704,1271526],[2686056,1271987],[2686786,1272279],[2686898,1272370],[2686962,1272489],[2686921,1272792],[2686974,1273304],[2687066,1273500],[2687325,1273725],[2687676,1274231],[2687672,1274690],[2687305,1275364],[2687130,1275895],[2687072,1276130],[2687040,1276469],[2686985,1276990],[2686918,1277382],[2686984,1277620],[2687280,1277809],[2687461,1278038],[2687587,1278499],[2687719,1278629],[2687892,1278605],[2688250,1278245],[2688327,1277816],[2688204,1277546],[2687933,1277419],[2687684,1277426],[2687573,1277374],[2687521,1277263],[2687541,1277090],[2687743,1276934],[2688206,1276956],[2688795,1277156],[2689176,1277644],[2689384,1278198],[2689428,1278561],[2688925,1279217],[2688507,1279534],[2687985,1279771],[2687698,1280441],[2687801,1280792],[2687853,1280845],[2688041,1281254],[2688219,1281527],[2688247,1281546],[2688280,1281544],[2688323,1281497],[2688385,1281480],[2688477,1281363],[2688483,1281312],[2688548,1281214],[2688622,1281167],[2688742,1281170],[2689143,1281408],[2689251,1281654],[2689244,1281864],[2689001,1282769],[2689015,1282929],[2689168,1282994],[2689291,1283045],[2689686,1283108],[2690007,1283193],[2690218,1283305],[2690313,1283342],[2690379,1283340],[2690504,1283310],[2690576,1283285],[2690629,1283256],[2691056,1282929],[2691084,1282903],[2691240,1282756],[2691486,1282581],[2691827,1282381],[2692200,1282357],[2692412,1282305]],[[2675447,1251230],[2675538,1251268],[2675571,1251321],[2675456,1251311],[2675447,1251230]]]}},{"type":"Feature","properties":{"KANTONSNUM":10,"NAME":"Fribourg"},"geometry":{"type":"Polygon","coordinates":[[[2573502,1194805],[2573521,1195185],[2573022,1195808],[2571029,1198696],[2571137,1198858],[2571250,1199032],[2571277,1199308],[2571256,1199525],[2571207,1199785],[2571142,1200116],[2571109,1200237],[2571095,1200324],[2570912,1200525],[2570984,1201014],[2571025,1201663],[2571204,1202033],[2570956,1202683],[2570592,1202968],[2570472,1203046],[2573271,1202883],[2573603,1202868],[2575519,1203274],[2578199,1203898],[2578749,1204043],[2581387,1205417],[2581583,1205576],[2581840,1205651],[2582866,1206203],[2583179,1206160],[2583276,1206003],[2583503,1205531],[2583615,1205254],[2583836,1205208],[2583791,1205052],[2583658,1204648],[2583897,1204547],[2584560,1203742],[2584418,1203671],[2584219,1203397],[2584107,1203193],[2583927,1203012],[2583488,1202744],[2583406,1202557],[2583164,1202290],[2583061,1202263],[2582969,1202275],[2582407,1201853],[2581769,1201445],[2581554,1201426],[2581499,1201477],[2581423,1201319],[2581433,1201167],[2581576,1201119],[2581730,1201031],[2581814,1200945],[2581908,1200943],[2582059,1200958],[2582228,1200992],[2582391,1200984],[2582443,1200876],[2582518,1200738],[2582574,1200686],[2582655,1200662],[2582661,1200556],[2582566,1200421],[2582509,1200320],[2582471,1200231],[2582493,1200142],[2582456,1200015],[2582452,1199907],[2582422,1199803],[2582458,1199747],[2582542,1199745],[2582580,1199683],[2582587,1199613],[2582595,1199516],[2582587,1199392],[2582573,1199335],[2582610,1199238],[2582585,1199112],[2582415,1199008],[2582249,1198919],[2582119,1198742],[2582043,1198724],[2582014,1198702],[2582148,1198697],[2582455,1198041],[2582792,1197509],[2582672,1197369],[2582668,1197174],[2582521,1197153],[2582398,1197129],[2582332,1196892],[2582216,1196741],[2582245,1196712],[2582275,1196650],[2582254,1196614],[2582252,1196563],[2582318,1196520],[2582293,1196475],[2582310,1196436],[2582314,1196384],[2582341,1196327],[2582343,1196266],[2582361,1196179],[2582285,1195772],[2582187,1195171],[2581656,1194744],[2581281,1194614],[2580931,1194434],[2581541,1194397],[2582116,1194568],[2582830,1194463],[2583532,1194585],[2584000,1194744],[2584235,1194433],[2584500,1194236],[2584665,1194122],[2584891,1194107],[2585107,1194125],[2586335,1194111],[2586949,1193587],[2587925,1193177],[2588466,1193573],[2589573,1193481],[2591257,1193619],[2592673,1193261],[2593476,1192901],[2593537,1191134],[2593937,1190147],[2593032,1189184],[2592289,1188733],[2592158,1188815],[2592051,1189004],[2591908,1188918],[2591717,1188894],[2591495,1188934],[2591351,1189017],[2591238,1189224],[2591333,1189486],[2591574,1189482],[2591758,1189611],[2591509,1189795],[2591347,1189913],[2591083,1190018],[2590873,1189980],[2590680,1190170],[2590515,1190039],[2590395,1189935],[2590421,1189779],[2590328,1189557],[2590320,1189386],[2590201,1189334],[2589990,1189185],[2589859,1189149],[2589601,1189005],[2589654,1188928],[2589781,1188843],[2589924,1188679],[2590013,1188552],[2590214,1188277],[2590392,1188173],[2590638,1188067],[2590826,1187942],[2590965,1187835],[2591212,1187684],[2591332,1187455],[2591412,1187370],[2591522,1187264],[2591604,1187202],[2591693,1187092],[2591367,1186313],[2590933,1185260],[2590319,1184266],[2589895,1182900],[2589682,1181976],[2589755,1181451],[2589322,1180794],[2588703,1180168],[2588881,1180031],[2589099,1179376],[2589318,1179338],[2589509,1178950],[2589664,1178474],[2589728,1177408],[2589158,1176059],[2589298,1174768],[2590005,1174006],[2590798,1174043],[2591556,1173942],[2592122,1173697],[2592755,1173590],[2593244,1173230],[2592991,1172452],[2592895,1171974],[2593577,1171902],[2593915,1171870],[2594115,1171954],[2594834,1171243],[2595531,1170998],[2595027,1169974],[2595241,1169313],[2594917,1168822],[2594893,1168226],[2594892,1167939],[2594742,1167432],[2595273,1167180],[2594067,1166061],[2593949,1165902],[2593845,1165795],[2593823,1165594],[2593809,1165457],[2593696,1165429],[2593666,1165538],[2593633,1165967],[2593520,1166173],[2593291,1166294],[2593247,1166491],[2593257,1166593],[2593256,1166727],[2593135,1166821],[2593013,1166912],[2592956,1166981],[2592883,1167095],[2592783,1167144],[2592675,1167128],[2592583,1167118],[2592473,1167158],[2592378,1167138],[2592187,1167095],[2592074,1167068],[2591896,1167084],[2591763,1167124],[2591604,1167065],[2591541,1167079],[2591496,1167088],[2591431,1167078],[2591308,1167080],[2591192,1167128],[2591069,1167087],[2591272,1166558],[2591322,1166463],[2591457,1166217],[2591487,1166166],[2591524,1166088],[2591558,1165970],[2591368,1165245],[2591310,1165201],[2591273,1165171],[2591219,1165149],[2591076,1165089],[2590885,1165070],[2590781,1165079],[2590651,1165099],[2590493,1165065],[2590312,1163679],[2590533,1159910],[2589265,1158697],[2589156,1158698],[2589077,1158731],[2588960,1158784],[2588883,1158810],[2588621,1158916],[2588122,1159180],[2587493,1158668],[2587164,1158331],[2586890,1157932],[2586110,1156715],[2585728,1156390],[2585000,1155985],[2584514,1155853],[2584506,1155881],[2584450,1155860],[2584297,1155723],[2584245,1155649],[2584170,1155572],[2584149,1155558],[2584116,1155581],[2584062,1155577],[2584041,1155552],[2584015,1155520],[2583962,1155514],[2583909,1155473],[2583874,1155470],[2583819,1155440],[2583793,1155436],[2583739,1155399],[2583705,1155373],[2583643,1155345],[2583540,1155227],[2583523,1155203],[2583465,1155162],[2583427,1155084],[2583403,1155035],[2583389,1154994],[2583374,1154930],[2583362,1154864],[2583334,1154827],[2583291,1154802],[2583253,1154764],[2583225,1154743],[2583188,1154692],[2583151,1154649],[2583115,1154599],[2583047,1154506],[2583031,1154457],[2582989,1154403],[2582959,1154345],[2582913,1154276],[2582864,1154204],[2582818,1154141],[2582780,1154062],[2582742,1154078],[2582696,1154039],[2582637,1153972],[2582630,1153907],[2581442,1154795],[2580320,1154150],[2580275,1154127],[2580089,1153995],[2579968,1153910],[2579908,1153859],[2579874,1153830],[2579832,1153795],[2579751,1153715],[2579593,1153589],[2579508,1153560],[2579394,1153461],[2579034,1153210],[2578714,1152975],[2578438,1152887],[2578005,1152956],[2577470,1152883],[2576028,1150253],[2574743,1149278],[2573846,1148623],[2571878,1148409],[2570226,1147908],[2569270,1147078],[2568398,1146053],[2567930,1145337],[2567705,1144232],[2567128,1143945],[2566833,1143785],[2566333,1143535],[2565998,1143345],[2565325,1143055],[2565115,1143345],[2565498,1143930],[2565690,1144273],[2565535,1144650],[2565000,1145340],[2564763,1145413],[2564693,1145780],[2564633,1146340],[2564640,1146838],[2564799,1147118],[2564403,1147635],[2564356,1147811],[2564314,1148039],[2564254,1148169],[2564197,1148369],[2564226,1148497],[2564234,1148630],[2564238,1148725],[2564232,1148844],[2564180,1148982],[2563977,1149002],[2563848,1149118],[2563675,1149220],[2563615,1149343],[2563534,1149466],[2563451,1149606],[2563261,1149738],[2562938,1149987],[2562767,1150181],[2562536,1150265],[2562336,1150130],[2562142,1150136],[2562048,1150111],[2561869,1150207],[2561472,1150085],[2561221,1150317],[2560950,1150521],[2560672,1150689],[2560397,1150939],[2560181,1150963],[2559977,1151116],[2559824,1151139],[2559639,1151285],[2559527,1151460],[2559322,1151386],[2559123,1151408],[2558966,1151463],[2558736,1151451],[2558661,1151228],[2558536,1151069],[2558386,1150890],[2558302,1151141],[2558342,1151355],[2558480,1151660],[2558449,1152095],[2558486,1152229],[2558401,1152251],[2558164,1152038],[2557296,1151441],[2556539,1150491],[2555788,1149333],[2554635,1149325],[2554589,1149488],[2554433,1149643],[2554175,1149668],[2553996,1149873],[2553459,1150721],[2553402,1151100],[2553325,1151402],[2553182,1151408],[2553118,1151379],[2552850,1151382],[2552736,1151585],[2552497,1151797],[2552313,1152052],[2551997,1152678],[2551922,1152726],[2551845,1152871],[2551866,1152884],[2551888,1152882],[2551913,1152921],[2551950,1152940],[2551981,1152989],[2551976,1153019],[2551979,1153057],[2552028,1153092],[2552037,1153123],[2552064,1153178],[2552083,1153201],[2552111,1153229],[2552142,1153294],[2552200,1153365],[2552238,1153424],[2552250,1153476],[2552278,1153516],[2552305,1153557],[2552334,1153582],[2552318,1153599],[2552345,1153655],[2552351,1153674],[2552329,1153667],[2552369,1153713],[2552373,1153778],[2552394,1153791],[2552403,1153824],[2552380,1153864],[2552390,1153900],[2552379,1153926],[2552396,1153950],[2552426,1153951],[2552447,1153996],[2552425,1154022],[2552434,1154056],[2552418,1154086],[2552419,1154106],[2552468,1154107],[2552485,1154153],[2552507,1154193],[2552542,1154213],[2552571,1154238],[2552628,1154259],[2552601,1154306],[2552632,1154387],[2552679,1154414],[2552693,1154457],[2552738,1154496],[2552763,1154519],[2552807,1154551],[2552827,1154588],[2552817,1154611],[2552876,1154635],[2552915,1154664],[2552972,1154792],[2552967,1154880],[2553089,1154856],[2553136,1154802],[2552920,1154372],[2553305,1154221],[2553431,1154213],[2553494,1154238],[2553815,1154261],[2554076,1154290],[2554362,1154351],[2554948,1154555],[2555101,1154637],[2555250,1154618],[2555258,1154452],[2555366,1154277],[2555354,1154118],[2555460,1154070],[2555622,1154018],[2555531,1153818],[2555514,1153705],[2555512,1153595],[2555600,1153454],[2555759,1153533],[2555897,1153975],[2556045,1154416],[2556134,1154520],[2556258,1154643],[2556359,1154863],[2556530,1154970],[2556645,1155096],[2556814,1155263],[2556984,1155386],[2557090,1155555],[2557202,1155674],[2557304,1155838],[2557480,1156048],[2557780,1156419],[2557866,1156457],[2558006,1156434],[2558075,1156407],[2558072,1156512],[2558223,1156612],[2558243,1156661],[2558271,1156587],[2558329,1156592],[2558362,1156672],[2558434,1156710],[2558489,1156705],[2558588,1156628],[2558666,1156660],[2558751,1156699],[2558641,1157181],[2558694,1157312],[2558774,1157786],[2558480,1157793],[2558183,1157609],[2557958,1157501],[2557778,1157506],[2557695,1157314],[2557688,1157072],[2557261,1157270],[2557125,1157470],[2556941,1157336],[2556693,1157359],[2556505,1157841],[2556229,1158360],[2555792,1158753],[2555454,1158924],[2554948,1159043],[2554808,1159213],[2554754,1159301],[2554602,1159355],[2554428,1159206],[2554330,1159209],[2554242,1159055],[2554172,1158931],[2554119,1158891],[2554023,1158745],[2553875,1158646],[2553916,1158573],[2553854,1158522],[2553768,1158451],[2553606,1158442],[2553227,1158619],[2553188,1158644],[2553157,1158674],[2553103,1158705],[2553049,1158699],[2552979,1158693],[2552919,1158654],[2552869,1158650],[2552853,1158752],[2552743,1158942],[2552725,1159028],[2552704,1159071],[2552694,1159101],[2552691,1159121],[2552698,1159143],[2552689,1159168],[2552688,1159209],[2552677,1159253],[2552655,1159283],[2552646,1159313],[2552631,1159341],[2552583,1159353],[2552555,1159395],[2552274,1159491],[2552131,1159430],[2552053,1159314],[2551942,1159076],[2551980,1158947],[2552059,1158742],[2551701,1158746],[2551316,1158595],[2551251,1158401],[2550841,1158326],[2550651,1158437],[2550680,1158488],[2550713,1158556],[2550757,1158653],[2550737,1158723],[2550735,1158801],[2550755,1158881],[2550810,1158943],[2550873,1159002],[2550906,1159057],[2550968,1159177],[2550983,1159289],[2550991,1159352],[2550968,1159396],[2550980,1159455],[2551012,1159569],[2550961,1159596],[2550955,1159663],[2550986,1159745],[2551027,1159847],[2551046,1159957],[2551023,1159984],[2551060,1160047],[2551066,1160120],[2551068,1160158],[2551138,1160240],[2551006,1160817],[2551290,1161691],[2551287,1162681],[2551304,1163011],[2551291,1163329],[2551323,1163704],[2551253,1163922],[2551233,1164107],[2551189,1164345],[2551053,1164535],[2550948,1164595],[2550860,1164857],[2550882,1165031],[2550960,1165135],[2551137,1165813],[2551351,1166034],[2551141,1166380],[2551008,1166515],[2551395,1166690],[2551533,1166748],[2551683,1166775],[2551939,1166765],[2552009,1166643],[2552157,1166637],[2552202,1166493],[2552451,1166472],[2552481,1166545],[2552498,1166698],[2552838,1167148],[2553124,1167665],[2553312,1167868],[2553623,1167964],[2553967,1168048],[2554321,1167994],[2554497,1167908],[2554460,1167594],[2554748,1167530],[2555213,1167304],[2555439,1167498],[2555526,1167647],[2555726,1167770],[2556056,1167645],[2556204,1168241],[2556268,1168776],[2556443,1169062],[2556573,1169215],[2556406,1169469],[2556368,1169461],[2556351,1169456],[2556321,1169470],[2556292,1169487],[2556242,1169520],[2556189,1169551],[2556150,1169570],[2556125,1169588],[2556099,1169610],[2556069,1169645],[2555980,1169949],[2556119,1170292],[2556224,1170533],[2556904,1170558],[2557549,1171128],[2557774,1171456],[2558004,1171555],[2558182,1171920],[2558378,1172376],[2558237,1172506],[2558621,1173094],[2559195,1173767],[2559582,1174105],[2560109,1174434],[2560274,1174496],[2560515,1174836],[2560963,1175346],[2561578,1175939],[2561528,1176231],[2561602,1176450],[2561866,1176891],[2561980,1177227],[2561852,1177347],[2561743,1177710],[2561552,1177828],[2561491,1177860],[2561413,1177959],[2561323,1178031],[2561258,1178122],[2561222,1178183],[2561153,1178242],[2561034,1178207],[2560923,1178156],[2560854,1178114],[2560753,1178067],[2560615,1178010],[2560530,1177987],[2560440,1177940],[2560373,1177922],[2560332,1177976],[2560310,1178063],[2560245,1178146],[2560205,1178207],[2560192,1178253],[2560115,1178292],[2560053,1178232],[2559978,1178147],[2559701,1178222],[2559544,1178282],[2559563,1178772],[2559789,1179058],[2560236,1179082],[2560625,1179144],[2560914,1179535],[2561159,1179845],[2561242,1179957],[2561536,1180147],[2561387,1180516],[2561432,1180756],[2561767,1181145],[2561827,1181259],[2561841,1181218],[2561951,1181334],[2562222,1181532],[2562378,1181578],[2562449,1181517],[2562501,1181435],[2562566,1181426],[2562627,1181441],[2562695,1181406],[2562805,1181676],[2563104,1181858],[2563253,1182060],[2563189,1182273],[2563184,1182513],[2563230,1182725],[2563417,1182967],[2563641,1183235],[2563916,1183435],[2563881,1183678],[2563823,1183920],[2563470,1184335],[2563275,1184798],[2563315,1185118],[2563310,1185400],[2563725,1186220],[2563948,1186373],[2564188,1186183],[2564300,1186048],[2564468,1186053],[2564703,1185868],[2564950,1185858],[2565140,1185785],[2565383,1185753],[2565438,1185940],[2565605,1186120],[2565745,1186273],[2565878,1186608],[2565977,1186939],[2565669,1187074],[2565499,1187164],[2565474,1187223],[2565495,1187259],[2565519,1187296],[2565517,1187321],[2565531,1187376],[2565540,1187422],[2565278,1187782],[2565592,1188055],[2565549,1188257],[2565238,1188424],[2564978,1188526],[2564848,1188863],[2564894,1189145],[2564971,1190601],[2565318,1190930],[2565639,1191572],[2565248,1192158],[2564958,1192558],[2564764,1192661],[2564675,1192836],[2564604,1192918],[2563998,1192585],[2563731,1192552],[2563689,1192643],[2563591,1192523],[2563487,1192108],[2563474,1192031],[2563516,1192000],[2563600,1191906],[2563864,1191497],[2563899,1191371],[2563527,1191258],[2563091,1191598],[2562890,1191657],[2562935,1191795],[2562862,1191967],[2562787,1192006],[2562744,1192032],[2562642,1192110],[2562555,1192259],[2562460,1192478],[2562270,1192600],[2562137,1192803],[2562124,1192862],[2562091,1192899],[2562034,1192935],[2561962,1192963],[2561932,1193036],[2561889,1193283],[2561466,1193614],[2561407,1193607],[2561335,1193612],[2561248,1193651],[2561183,1193707],[2561127,1193662],[2561030,1193632],[2560973,1193651],[2560893,1193652],[2560860,1193689],[2560821,1193755],[2560782,1193846],[2560769,1193937],[2560874,1193986],[2560891,1194027],[2560935,1194061],[2560990,1194126],[2561035,1194123],[2561070,1194176],[2561122,1194209],[2561172,1194232],[2561233,1194337],[2561263,1194399],[2561210,1194448],[2561145,1194497],[2561075,1194549],[2560998,1194566],[2558690,1197298],[2563942,1197144],[2563993,1197121],[2564060,1197076],[2564132,1197048],[2564192,1197030],[2564245,1197015],[2564302,1196938],[2564348,1196884],[2564670,1196809],[2564882,1197005],[2565167,1196879],[2565436,1196729],[2565607,1196536],[2565401,1195754],[2565430,1195206],[2565509,1195060],[2565687,1194828],[2565789,1194733],[2565934,1194583],[2566292,1194183],[2566643,1193850],[2567215,1193275],[2567120,1192950],[2566161,1192140],[2566229,1191922],[2566503,1191572],[2566571,1191542],[2566742,1191490],[2566905,1191477],[2567117,1191411],[2567213,1191528],[2567375,1191683],[2567487,1191708],[2567632,1191908],[2567740,1191875],[2567774,1192091],[2568185,1191814],[2568498,1191881],[2568510,1191807],[2568611,1191758],[2568735,1191702],[2568802,1191691],[2568861,1191671],[2568906,1191663],[2569203,1191534],[2569254,1191456],[2569284,1191393],[2569213,1191329],[2569162,1191262],[2569117,1191180],[2569087,1191114],[2569056,1191044],[2569024,1190979],[2568963,1190889],[2568916,1190756],[2568869,1190681],[2569261,1190209],[2569451,1190075],[2569399,1189774],[2569242,1189737],[2569137,1189686],[2569133,1189493],[2568994,1189245],[2568769,1188937],[2569198,1188530],[2569564,1188652],[2569934,1188631],[2570009,1188736],[2570386,1189342],[2570409,1189376],[2570448,1189441],[2570561,1189469],[2570601,1189474],[2570621,1189510],[2570665,1189549],[2570745,1189664],[2570774,1189766],[2570787,1189852],[2570859,1189911],[2570889,1190010],[2570947,1190093],[2571008,1190178],[2571048,1190256],[2571050,1190293],[2571141,1190328],[2571171,1190448],[2571232,1190492],[2571269,1190526],[2571294,1190605],[2571308,1190689],[2571354,1190741],[2571401,1190724],[2571430,1190745],[2571494,1190774],[2571523,1190819],[2571590,1190851],[2571623,1190874],[2571655,1190919],[2571627,1190934],[2571611,1190967],[2571639,1191008],[2571705,1191075],[2571757,1191133],[2571812,1191124],[2571877,1191223],[2571918,1191271],[2571968,1191462],[2571791,1191818],[2571725,1192164],[2571448,1192702],[2571467,1192921],[2571782,1193000],[2572259,1193417],[2572489,1193564],[2572629,1193710],[2572447,1193755],[2572259,1193846],[2572310,1193891],[2572354,1193914],[2572473,1193891],[2572583,1193918],[2572889,1193731],[2573111,1193558],[2573413,1193471],[2573684,1193705],[2573870,1193910],[2574083,1194055],[2574162,1194168],[2574434,1194332],[2574105,1194409],[2573779,1194674],[2573607,1194755],[2573502,1194805]],[[2575953,1194392],[2576467,1194994],[2576836,1195168],[2577123,1195251],[2577061,1195407],[2576963,1195561],[2576925,1195682],[2576946,1195794],[2576944,1196060],[2576927,1196260],[2576857,1196493],[2576724,1196513],[2576502,1196418],[2576303,1196372],[2576205,1196361],[2576132,1196478],[2575732,1196294],[2575336,1196133],[2575232,1195503],[2575485,1195243],[2575622,1194777],[2575953,1194392]]]}},{"type":"Feature","properties":{"KANTONSNUM":3,"NAME":"Luzern"},"geometry":{"type":"Polygon","coordinates":[[[2680044,1217113],[2678706,1217919],[2678679,1218203],[2678586,1218410],[2678362,1218417],[2677954,1218320],[2677695,1218322],[2677488,1218471],[2677114,1218551],[2676588,1218286],[2676509,1218288],[2676374,1218318],[2676203,1218311],[2676084,1218242],[2676033,1218220],[2675996,1218184],[2675937,1218130],[2675886,1218114],[2675785,1217975],[2675807,1217825],[2675759,1217737],[2675634,1217712],[2675517,1217687],[2675379,1217668],[2675191,1217588],[2674992,1217518],[2674797,1217431],[2674653,1217307],[2674374,1217027],[2674101,1216605],[2673704,1216201],[2673763,1215987],[2673804,1215422],[2673711,1215179],[2673647,1214995],[2673552,1214782],[2673482,1214662],[2673157,1214394],[2672880,1214253],[2672684,1214058],[2672410,1213875],[2672179,1213699],[2672251,1213243],[2672282,1212910],[2672293,1212872],[2672315,1212834],[2672319,1212792],[2672313,1212694],[2673037,1212510],[2675436,1213196],[2675510,1213159],[2675555,1213138],[2675575,1213127],[2675584,1213114],[2675590,1213104],[2675580,1213089],[2675586,1213070],[2675606,1213037],[2675646,1213022],[2675693,1213030],[2675721,1213021],[2675751,1213016],[2675770,1212988],[2675796,1212973],[2675806,1212976],[2675872,1212990],[2675962,1212991],[2676024,1213008],[2676528,1212638],[2676677,1212324],[2677747,1211530],[2678245,1211312],[2678647,1210899],[2679205,1210309],[2679538,1210016],[2679929,1209571],[2680452,1209164],[2680731,1208728],[2681128,1208705],[2681488,1208598],[2681732,1208366],[2681764,1207947],[2681723,1207600],[2681682,1207251],[2681565,1206969],[2681532,1206725],[2681460,1206624],[2681403,1206493],[2681222,1206448],[2681023,1206361],[2680779,1206085],[2680613,1206063],[2680141,1205896],[2679421,1205605],[2679233,1205573],[2678942,1205522],[2678751,1205468],[2675164,1206065],[2675203,1205785],[2674948,1205699],[2674650,1205711],[2674231,1205699],[2674094,1205733],[2673968,1205788],[2673847,1205818],[2673743,1205846],[2673713,1205863],[2673676,1205879],[2673574,1205897],[2673405,1205869],[2673290,1205875],[2673179,1205874],[2673044,1205885],[2672907,1205961],[2672838,1205979],[2672699,1205902],[2672497,1205848],[2672227,1205750],[2671982,1205733],[2671868,1206078],[2666441,1205619],[2666303,1205603],[2666078,1205595],[2665843,1205604],[2665524,1205590],[2665406,1205608],[2665258,1205556],[2665170,1205597],[2665062,1205502],[2664797,1205325],[2664350,1205217],[2663968,1205413],[2663073,1205571],[2662116,1205110],[2661266,1204197],[2660784,1204839],[2660043,1204842],[2659950,1204650],[2659809,1204461],[2659740,1204335],[2659681,1204181],[2659585,1204042],[2659527,1203887],[2659373,1203692],[2659324,1203561],[2659479,1203351],[2659611,1203166],[2659902,1202942],[2660133,1202755],[2659481,1202338],[2658172,1202045],[2656565,1202207],[2655949,1202050],[2655246,1201765],[2654660,1201379],[2654506,1201250],[2654475,1201119],[2654176,1200970],[2654190,1200855],[2654933,1199471],[2655220,1199125],[2655222,1198780],[2655002,1198581],[2654734,1198322],[2654228,1197953],[2653653,1197550],[2653180,1197076],[2652836,1196730],[2652499,1196147],[2652163,1195686],[2651893,1195120],[2651664,1194630],[2651472,1194133],[2651228,1193746],[2650954,1194109],[2650947,1195089],[2650862,1195470],[2650405,1195574],[2649868,1195651],[2649310,1195199],[2649069,1194430],[2648302,1194164],[2648003,1192807],[2648202,1192465],[2648141,1191947],[2648144,1191417],[2648128,1191112],[2647820,1190786],[2647904,1190402],[2647720,1189916],[2647458,1189881],[2647218,1189745],[2647238,1189464],[2647185,1189119],[2647015,1188814],[2646673,1188461],[2646238,1188093],[2646118,1187332],[2646367,1186971],[2646683,1186252],[2646870,1185952],[2647098,1185572],[2647236,1185292],[2647425,1184937],[2647600,1184623],[2647770,1184291],[2647767,1184217],[2647762,1184093],[2647727,1183725],[2647073,1183264],[2647174,1182999],[2647062,1182545],[2646810,1182292],[2646246,1181953],[2645841,1182000],[2645663,1182113],[2645416,1182209],[2645259,1182291],[2645002,1182243],[2644786,1182205],[2644408,1182133],[2644135,1182039],[2643899,1181854],[2643604,1181707],[2643409,1181601],[2643182,1181486],[2642748,1181397],[2642523,1181304],[2642483,1181119],[2642236,1180938],[2641917,1180660],[2641586,1180662],[2641295,1180778],[2640724,1181117],[2640540,1181392],[2640519,1181629],[2640477,1181687],[2640353,1181762],[2640280,1181835],[2640087,1181872],[2639973,1181968],[2639877,1182085],[2639797,1182126],[2639674,1182158],[2639543,1182223],[2639419,1182311],[2639348,1182456],[2639288,1182504],[2639229,1182574],[2639335,1182743],[2639256,1182961],[2639137,1183210],[2637999,1184586],[2633448,1187418],[2632938,1188170],[2632910,1188583],[2632738,1189197],[2632688,1189817],[2632739,1190012],[2632485,1190661],[2631956,1191859],[2632083,1192827],[2632561,1192915],[2632768,1193014],[2632865,1193183],[2633031,1193241],[2633090,1193336],[2633124,1193611],[2633278,1193942],[2633476,1194245],[2633668,1194310],[2633708,1194431],[2633611,1194476],[2633710,1194677],[2633834,1194848],[2633822,1194992],[2633865,1195154],[2633755,1195275],[2633612,1195650],[2633424,1195659],[2633242,1195652],[2633112,1195820],[2632680,1196049],[2632678,1196124],[2632706,1196209],[2632805,1196409],[2632869,1196653],[2632941,1196824],[2633031,1197014],[2633073,1197126],[2633163,1197255],[2633271,1197369],[2633482,1197503],[2633619,1197547],[2633774,1197627],[2633962,1197700],[2634127,1197808],[2634413,1197952],[2634650,1198038],[2634822,1198183],[2635049,1198283],[2635333,1198224],[2635569,1198091],[2635920,1198075],[2636295,1198282],[2636522,1198817],[2636637,1198994],[2636743,1199256],[2636710,1199477],[2636898,1199686],[2637350,1199817],[2637550,1200154],[2637555,1200526],[2637597,1200818],[2637518,1201156],[2637803,1201528],[2638071,1201660],[2638392,1201846],[2638620,1202100],[2638512,1202301],[2638514,1202696],[2638446,1203025],[2638702,1203258],[2638998,1203380],[2639068,1203644],[2638866,1204156],[2638782,1204743],[2639050,1205186],[2639130,1205633],[2639189,1205756],[2639294,1205848],[2639050,1206222],[2638884,1206300],[2638855,1206243],[2638787,1206228],[2638613,1206183],[2638278,1206167],[2638023,1206076],[2637898,1206071],[2637793,1206057],[2637670,1206024],[2637588,1206025],[2637489,1206084],[2637366,1206182],[2637271,1206195],[2637197,1206274],[2637129,1206384],[2637051,1206506],[2637053,1206627],[2636319,1206495],[2635923,1206429],[2635805,1206362],[2635335,1206268],[2635015,1206523],[2634909,1206845],[2634941,1207160],[2635108,1207469],[2634971,1207768],[2634780,1207958],[2634572,1208265],[2634579,1208498],[2634521,1208775],[2634446,1208928],[2634142,1209055],[2633934,1209180],[2633780,1209450],[2633813,1209729],[2633673,1210032],[2633433,1210077],[2633176,1210075],[2633058,1210300],[2632850,1210549],[2632704,1210818],[2632635,1210952],[2632554,1211044],[2632573,1211168],[2632587,1211433],[2632555,1211643],[2632659,1211866],[2632739,1212049],[2632907,1212219],[2633013,1212349],[2633020,1212467],[2632921,1212454],[2632857,1212510],[2632892,1212722],[2633054,1212949],[2633310,1213513],[2633330,1213745],[2633359,1214037],[2633273,1214402],[2633484,1214489],[2633432,1214757],[2633552,1214926],[2633586,1215181],[2633566,1215422],[2633482,1216069],[2633426,1216192],[2633308,1216261],[2633240,1216301],[2633164,1216334],[2633033,1216394],[2633159,1216683],[2633003,1217005],[2633022,1217311],[2633064,1217416],[2633070,1217547],[2633082,1217735],[2632870,1217878],[2632631,1218035],[2632697,1218436],[2632631,1218532],[2632517,1218812],[2632615,1219047],[2632803,1219218],[2633164,1219397],[2633640,1219621],[2633818,1219776],[2633919,1219823],[2634035,1220180],[2634128,1220482],[2634227,1220604],[2634276,1220780],[2634194,1221065],[2634247,1221181],[2634032,1221494],[2633822,1221748],[2633713,1221822],[2633699,1221834],[2633693,1221858],[2633643,1221878],[2633621,1221893],[2633554,1222024],[2633432,1222305],[2633303,1222560],[2633210,1222841],[2633197,1222890],[2633197,1222954],[2633190,1223005],[2633167,1223041],[2633169,1223132],[2633152,1223239],[2633173,1223308],[2633170,1223372],[2633128,1223469],[2633136,1223516],[2633139,1223598],[2633157,1223696],[2633182,1223755],[2633192,1223833],[2633209,1223888],[2633233,1223939],[2633240,1224028],[2633219,1224079],[2633264,1224127],[2633301,1224195],[2633338,1224192],[2633349,1224226],[2633373,1224265],[2633389,1224297],[2633399,1224347],[2633407,1224373],[2633438,1224395],[2633475,1224423],[2633510,1224455],[2633547,1224485],[2633595,1224548],[2633640,1224619],[2633685,1224694],[2633701,1224723],[2633705,1224775],[2633682,1224830],[2633670,1224863],[2633631,1224851],[2633615,1224926],[2633526,1224956],[2633497,1225022],[2633524,1225063],[2633493,1225140],[2633442,1225201],[2633420,1225276],[2633480,1225312],[2633433,1225365],[2633416,1225427],[2633387,1225473],[2633331,1225512],[2633321,1225549],[2633284,1225597],[2633223,1225627],[2633209,1225691],[2633195,1225741],[2633169,1225827],[2633143,1225892],[2633068,1225922],[2633028,1225975],[2632978,1226033],[2632891,1225991],[2632895,1226070],[2632799,1226122],[2632746,1226148],[2632673,1226164],[2632650,1226176],[2632623,1226242],[2632564,1226301],[2632509,1226349],[2632445,1226415],[2632338,1226445],[2632303,1226529],[2632338,1226593],[2632290,1226636],[2632198,1226672],[2632216,1226734],[2632202,1226808],[2632121,1226810],[2632054,1226820],[2631959,1226890],[2631914,1226951],[2631897,1227020],[2631994,1227084],[2631947,1227177],[2631958,1227249],[2631969,1227341],[2631927,1227394],[2631885,1227531],[2631925,1227611],[2631823,1227679],[2631761,1227746],[2631698,1227802],[2631645,1227836],[2631613,1227965],[2631519,1228119],[2631463,1228118],[2631497,1228208],[2631451,1228305],[2631363,1228439],[2631325,1228557],[2631277,1228731],[2631191,1228725],[2631148,1228847],[2631113,1228911],[2631058,1229024],[2631041,1229148],[2631012,1229282],[2630953,1229304],[2630932,1229387],[2630937,1229462],[2630918,1229533],[2630944,1229595],[2630927,1229669],[2630838,1229716],[2630733,1229731],[2630677,1229810],[2630669,1229882],[2630677,1229951],[2630629,1229972],[2630606,1230011],[2630586,1230093],[2630536,1230058],[2630543,1230101],[2630509,1230162],[2630477,1230218],[2630410,1230225],[2630383,1230264],[2630357,1230291],[2630280,1230308],[2630186,1230319],[2630176,1230384],[2630146,1230428],[2630151,1230492],[2630194,1230533],[2630184,1230640],[2630139,1230738],[2630183,1230748],[2630199,1230801],[2630135,1230816],[2630163,1230915],[2630154,1230981],[2630179,1231047],[2630217,1231110],[2630187,1231197],[2630232,1231245],[2630264,1231295],[2630197,1231355],[2630210,1231419],[2630251,1231443],[2630261,1231549],[2630306,1231612],[2630351,1231699],[2630545,1231722],[2631475,1231422],[2634555,1232518],[2634952,1232589],[2635610,1232657],[2635872,1232535],[2636090,1232391],[2636329,1232177],[2636448,1232073],[2636851,1231935],[2637489,1231816],[2637656,1231993],[2637860,1232198],[2638119,1232384],[2638409,1232604],[2638693,1232939],[2638972,1233273],[2639128,1233420],[2639442,1233678],[2639599,1233840],[2639545,1233916],[2639469,1233987],[2639402,1234035],[2639397,1234100],[2639412,1234211],[2639348,1234395],[2639323,1234427],[2639228,1234454],[2639134,1234513],[2639096,1234602],[2639079,1234708],[2639064,1234773],[2639045,1234824],[2638985,1234904],[2638954,1234976],[2638882,1235056],[2638824,1235113],[2638841,1235285],[2638845,1235394],[2638770,1235396],[2638727,1235493],[2638674,1235615],[2638645,1235789],[2638658,1235880],[2640008,1236292],[2642823,1236115],[2642839,1236054],[2642850,1235985],[2642816,1235914],[2642816,1235855],[2642841,1235750],[2642878,1235632],[2642891,1235510],[2642934,1235465],[2642963,1235438],[2643013,1235379],[2643064,1235311],[2643107,1235236],[2643176,1235108],[2643242,1235005],[2643356,1234923],[2643412,1234847],[2643529,1234729],[2643586,1234645],[2643622,1234577],[2643649,1234539],[2643703,1234489],[2643750,1234444],[2643750,1234347],[2643723,1234314],[2643731,1234228],[2643744,1234180],[2643806,1234111],[2643796,1233996],[2643778,1233949],[2643742,1233967],[2643729,1233896],[2643745,1233842],[2643758,1233774],[2643757,1233718],[2643750,1233667],[2643741,1233620],[2643759,1233580],[2643759,1233538],[2643757,1233516],[2643758,1233486],[2643754,1233471],[2643763,1233456],[2643770,1233411],[2643767,1233356],[2643752,1233318],[2643740,1233289],[2643731,1233267],[2643726,1233244],[2643716,1233205],[2643697,1233155],[2643688,1233109],[2643699,1233085],[2643707,1233048],[2643714,1233005],[2643695,1232980],[2643691,1232931],[2643692,1232892],[2643700,1232847],[2643690,1232802],[2643692,1232765],[2643713,1232744],[2643800,1232700],[2643943,1232691],[2644015,1232673],[2644085,1232622],[2644131,1232571],[2644203,1232523],[2644305,1232508],[2644432,1232496],[2644558,1232435],[2644676,1232379],[2644779,1232534],[2646362,1232825],[2647249,1233084],[2646863,1233616],[2646791,1233876],[2647180,1234153],[2647481,1233975],[2647544,1233955],[2647738,1233992],[2647933,1233976],[2648118,1234188],[2648436,1234391],[2648466,1234562],[2648594,1234578],[2648722,1234648],[2648940,1234746],[2649174,1234868],[2649383,1234783],[2649965,1234575],[2650157,1234232],[2650376,1233895],[2650505,1233437],[2650624,1233101],[2651013,1232817],[2651600,1232744],[2651855,1232568],[2651961,1232503],[2652002,1232513],[2652043,1232535],[2652099,1232561],[2652178,1232625],[2652242,1232669],[2652283,1232695],[2652334,1232722],[2652370,1232743],[2652401,1232768],[2652436,1232791],[2652451,1232823],[2652458,1232858],[2652455,1232888],[2652447,1232917],[2652451,1232952],[2652473,1232981],[2652531,1233004],[2652621,1233061],[2652653,1233077],[2652709,1233094],[2652746,1233111],[2652771,1233121],[2652809,1233128],[2653219,1233159],[2653500,1233186],[2653655,1233212],[2653839,1233275],[2654186,1233360],[2654379,1233374],[2654483,1233452],[2654639,1233418],[2654826,1233485],[2655037,1233556],[2655267,1233635],[2655580,1233790],[2655618,1233810],[2655775,1233770],[2655947,1233740],[2656120,1233466],[2656158,1233314],[2656164,1233182],[2656145,1233015],[2656051,1232935],[2655933,1232847],[2655896,1232694],[2655833,1232581],[2655826,1232430],[2655676,1232405],[2655488,1232397],[2655358,1232594],[2655136,1232465],[2654808,1232443],[2654606,1232403],[2654313,1232293],[2654330,1232125],[2654480,1232130],[2654624,1232055],[2654765,1231944],[2654688,1231784],[2654604,1231621],[2654682,1231463],[2654771,1231456],[2654836,1231332],[2654952,1231244],[2655039,1231140],[2655304,1231033],[2655506,1231044],[2655578,1230992],[2655633,1231004],[2655674,1230993],[2655700,1230975],[2655681,1230926],[2655641,1230871],[2655609,1230766],[2655744,1230637],[2655859,1230376],[2656055,1230390],[2656188,1230468],[2656528,1230433],[2656766,1230537],[2656909,1230663],[2657151,1230719],[2657137,1230834],[2657503,1230891],[2657540,1230862],[2657669,1230848],[2657801,1230837],[2657888,1230852],[2658035,1230885],[2657908,1231450],[2657929,1231761],[2657944,1231981],[2658054,1232363],[2657997,1232678],[2658237,1233099],[2658586,1233498],[2659839,1236141],[2660006,1236204],[2660076,1236190],[2660124,1236153],[2660201,1236105],[2660278,1236082],[2660335,1236071],[2660432,1236051],[2660513,1236049],[2660578,1236041],[2660645,1236046],[2660710,1236032],[2660784,1236023],[2660761,1236175],[2660784,1236454],[2660861,1236748],[2661285,1237017],[2661361,1237177],[2661340,1237280],[2661379,1237435],[2661602,1237578],[2661635,1237574],[2661746,1237577],[2661846,1237637],[2662077,1237665],[2662214,1237376],[2662541,1237200],[2662848,1237261],[2663011,1236997],[2663143,1236974],[2663339,1237052],[2663651,1237030],[2664015,1236922],[2664390,1236633],[2664683,1236277],[2664897,1236066],[2665026,1236034],[2665174,1235935],[2665133,1235863],[2665089,1235766],[2665019,1235720],[2664960,1235681],[2664911,1235633],[2664903,1235565],[2664876,1235510],[2664848,1235449],[2664811,1235396],[2664774,1235326],[2664773,1235226],[2664794,1235141],[2664838,1235059],[2664872,1234838],[2664892,1234665],[2664984,1234417],[2665159,1234144],[2665261,1233896],[2665482,1233796],[2665825,1233517],[2665986,1233227],[2666120,1233014],[2666309,1232538],[2666328,1232335],[2666279,1232185],[2666384,1231707],[2666522,1231035],[2666604,1230735],[2666789,1230496],[2666765,1230259],[2666739,1230020],[2666723,1229783],[2667276,1229260],[2667309,1229253],[2667315,1229105],[2667440,1228931],[2667399,1228648],[2667551,1228173],[2667578,1227762],[2667705,1227513],[2667968,1227090],[2668160,1226740],[2668285,1226545],[2668201,1226348],[2668230,1226004],[2668225,1225648],[2668352,1225373],[2668404,1225149],[2668644,1225047],[2668742,1224796],[2668823,1224603],[2668861,1224475],[2668910,1224462],[2668964,1224108],[2669306,1223836],[2669453,1223613],[2669517,1223466],[2669661,1223345],[2669734,1223052],[2669925,1222776],[2669994,1222392],[2670062,1222084],[2670118,1222065],[2670160,1222077],[2670230,1222039],[2670360,1221957],[2670442,1221983],[2670576,1221880],[2670970,1221764],[2671098,1221546],[2671311,1221386],[2671371,1221372],[2671485,1221375],[2671561,1221416],[2671614,1221434],[2671673,1221423],[2671738,1221414],[2671851,1221433],[2671923,1221415],[2671987,1221396],[2672059,1221381],[2672141,1221387],[2672652,1221310],[2673358,1221188],[2673602,1221299],[2673852,1221523],[2674151,1220636],[2674115,1220432],[2674034,1219927],[2674260,1219555],[2674366,1219620],[2674681,1219606],[2674881,1219654],[2675066,1219667],[2675334,1219673],[2675877,1220042],[2676064,1220295],[2676313,1220293],[2676552,1220314],[2676702,1220438],[2676809,1219745],[2676864,1219389],[2676950,1219092],[2677047,1218703],[2677505,1218812],[2677662,1218878],[2677772,1218912],[2677875,1218938],[2677951,1218961],[2677974,1219021],[2678016,1219068],[2678054,1219156],[2680044,1217113]]]}},{"type":"Feature","properties":{"KANTONSNUM":19,"NAME":"Aargau"},"geometry":{"type":"Polygon","coordinates":[[[2639079,1256176],[2639069,1256339],[2639138,1256565],[2638764,1256849],[2638489,1257057],[2638123,1257027],[2637878,1257225],[2637992,1257732],[2638060,1258132],[2638121,1258490],[2638148,1258730],[2638154,1259060],[2638298,1259425],[2638229,1259533],[2637572,1259202],[2637304,1259090],[2637059,1259172],[2636871,1259152],[2636480,1259195],[2636002,1259278],[2635691,1259435],[2635129,1260262],[2634673,1260988],[2634345,1261408],[2634316,1261781],[2634148,1261909],[2633225,1262464],[2632905,1262655],[2632894,1263031],[2632878,1263076],[2632944,1263370],[2632894,1263688],[2632450,1263265],[2631932,1263981],[2631528,1264804],[2631384,1264833],[2631341,1264904],[2630593,1264733],[2630092,1264912],[2629720,1264861],[2629839,1264649],[2629791,1264465],[2629742,1264031],[2629747,1263971],[2629716,1263191],[2629561,1262724],[2628984,1262119],[2628874,1262065],[2628466,1261696],[2628162,1261267],[2627702,1260742],[2627328,1260807],[2627159,1260841],[2627020,1260879],[2627098,1260582],[2626812,1260673],[2626468,1260375],[2626389,1260532],[2626609,1260956],[2626597,1261439],[2626401,1262299],[2626380,1262388],[2626347,1262460],[2626326,1262519],[2626311,1262548],[2626299,1262581],[2626300,1262606],[2626298,1262633],[2626327,1262677],[2626362,1262725],[2626385,1262758],[2626446,1262819],[2626483,1262881],[2626477,1262958],[2626452,1263071],[2626475,1263138],[2626428,1263211],[2626363,1263248],[2626288,1263323],[2626222,1263352],[2626185,1263367],[2626135,1263369],[2626053,1263354],[2625932,1263328],[2625873,1263366],[2625800,1263430],[2625652,1263481],[2625511,1263537],[2625422,1263567],[2625357,1263584],[2625241,1263621],[2625148,1263659],[2625061,1263680],[2624956,1263698],[2624840,1263731],[2624753,1263776],[2624685,1263807],[2624615,1263831],[2624513,1263833],[2624416,1263847],[2624369,1263893],[2624308,1263890],[2624249,1263888],[2624185,1263904],[2624091,1263911],[2624043,1263973],[2623963,1263943],[2623862,1263900],[2623748,1263902],[2623648,1263937],[2623525,1263915],[2623444,1263868],[2623283,1263940],[2623118,1263938],[2622735,1264063],[2622575,1264117],[2622523,1264127],[2622509,1264151],[2622467,1264194],[2622425,1264238],[2622362,1264302],[2622325,1264352],[2622319,1264455],[2622242,1264554],[2622204,1264624],[2622215,1264659],[2622190,1264707],[2622103,1264705],[2622028,1264692],[2621967,1264683],[2621909,1264709],[2621850,1264746],[2621779,1264761],[2621707,1264743],[2621660,1264788],[2621608,1264852],[2621613,1264943],[2621543,1265008],[2621518,1265106],[2621400,1265112],[2621359,1265051],[2621274,1265016],[2621218,1264989],[2621193,1265062],[2621103,1265078],[2621039,1265664],[2621497,1265762],[2623132,1265944],[2623627,1266062],[2623755,1266134],[2623937,1266355],[2624097,1266475],[2624737,1266700],[2625018,1266819],[2625207,1266901],[2625410,1266938],[2625940,1267013],[2626277,1267166],[2626427,1267233],[2626875,1267468],[2626968,1267578],[2627269,1268133],[2627530,1268383],[2627862,1268587],[2628040,1268761],[2628132,1268991],[2628249,1269874],[2628555,1270684],[2628653,1270803],[2628827,1270866],[2628977,1270883],[2629529,1270780],[2629757,1270666],[2629935,1270399],[2630070,1270289],[2630297,1270241],[2630653,1270265],[2631222,1270492],[2631537,1270707],[2631706,1270824],[2632279,1270978],[2632693,1270974],[2632916,1270951],[2633599,1270996],[2634047,1270877],[2634708,1270359],[2634987,1270060],[2635274,1269575],[2635457,1269196],[2635552,1268937],[2635586,1268567],[2635513,1268358],[2635285,1267946],[2635273,1267737],[2635426,1267133],[2635597,1266822],[2635898,1266524],[2636129,1266404],[2636561,1266339],[2636854,1266376],[2637228,1266352],[2637576,1266214],[2637879,1266061],[2638165,1266031],[2638317,1266111],[2638482,1266364],[2638590,1266738],[2638705,1267259],[2638938,1267485],[2639213,1267617],[2639388,1267610],[2639874,1267412],[2640348,1267324],[2640895,1267306],[2641325,1267365],[2641953,1267462],[2642237,1267452],[2642699,1267337],[2642849,1267263],[2642947,1267183],[2643254,1266944],[2643427,1266864],[2643612,1266819],[2643907,1266791],[2644012,1266824],[2644337,1266974],[2645175,1267127],[2645815,1267399],[2646023,1267594],[2646101,1267667],[2646314,1267831],[2646568,1268030],[2646678,1268233],[2646749,1268291],[2646902,1268256],[2647045,1268259],[2647267,1268378],[2647451,1268377],[2647727,1268225],[2648213,1267774],[2648436,1267657],[2648796,1267622],[2649076,1267681],[2649548,1267995],[2649706,1268173],[2649824,1268424],[2649913,1268770],[2649960,1269562],[2650013,1269764],[2650134,1270001],[2650309,1270236],[2650610,1270496],[2650948,1270575],[2651290,1270565],[2651578,1270523],[2651930,1270529],[2652195,1270525],[2652339,1270532],[2652488,1270589],[2652563,1270660],[2652619,1270791],[2652575,1271091],[2652610,1271262],[2652977,1271555],[2653231,1271807],[2653377,1271902],[2653545,1271945],[2653689,1271933],[2653822,1271877],[2654178,1271707],[2654323,1271677],[2654492,1271694],[2654646,1271764],[2654770,1271879],[2654935,1272083],[2655072,1272232],[2655391,1272624],[2655631,1272761],[2656097,1272968],[2656220,1273117],[2656418,1273513],[2656698,1274104],[2657010,1274469],[2657286,1274665],[2657501,1274743],[2657711,1274772],[2658057,1274739],[2658341,1274643],[2658663,1274450],[2658755,1274355],[2658835,1274198],[2658954,1273815],[2659028,1273331],[2659099,1273141],[2659205,1273020],[2659292,1273001],[2659409,1273048],[2659574,1273181],[2659980,1273723],[2660083,1273856],[2660198,1273885],[2660694,1273863],[2660973,1273961],[2661216,1274091],[2661550,1274167],[2661736,1274149],[2661829,1274051],[2662007,1273583],[2662129,1273508],[2662331,1273512],[2662587,1273637],[2662913,1273749],[2663206,1273786],[2663603,1273733],[2663919,1273630],[2664300,1273421],[2664550,1273196],[2664606,1273058],[2664443,1272055],[2664442,1271781],[2664489,1271564],[2664647,1271269],[2664894,1271021],[2665131,1270871],[2665563,1270700],[2665886,1270383],[2666332,1269768],[2666531,1269568],[2666700,1269453],[2667064,1269291],[2667484,1269242],[2668234,1269287],[2668538,1269288],[2669207,1269234],[2669424,1269172],[2669600,1269111],[2669810,1269077],[2670400,1268997],[2670701,1268907],[2671007,1268762],[2671083,1268774],[2671218,1268880],[2671427,1269368],[2671635,1269687],[2672015,1270018],[2672229,1270047],[2672766,1269839],[2673298,1269478],[2673563,1269340],[2673934,1269200],[2674119,1268879],[2673727,1268633],[2673676,1268433],[2673693,1268019],[2673583,1267909],[2673468,1267516],[2673477,1267349],[2673552,1267159],[2673557,1266999],[2673519,1266828],[2673588,1266603],[2673330,1266595],[2673224,1266611],[2673158,1266538],[2673090,1266432],[2673032,1266336],[2673012,1266317],[2672938,1266304],[2672899,1266149],[2672862,1266139],[2672761,1265954],[2672798,1265862],[2672691,1265719],[2672551,1265849],[2672458,1265922],[2672489,1265752],[2672558,1265640],[2672654,1265443],[2672723,1265290],[2672637,1265192],[2672569,1265168],[2672266,1265115],[2672268,1265090],[2672243,1265095],[2672216,1265097],[2672066,1265034],[2672015,1264901],[2672029,1264825],[2672029,1264725],[2672050,1264640],[2672019,1264544],[2671757,1264334],[2671583,1264434],[2671504,1264602],[2671413,1264638],[2671076,1264406],[2670972,1263815],[2670867,1263075],[2670732,1262895],[2670511,1262802],[2670447,1262672],[2670302,1262734],[2670215,1262741],[2669984,1262793],[2669864,1262648],[2669674,1262647],[2669571,1262588],[2669478,1262416],[2669392,1262168],[2669336,1262093],[2669330,1262005],[2669337,1261888],[2669256,1261707],[2669353,1261539],[2669640,1261566],[2669631,1261502],[2669607,1261416],[2669443,1261283],[2669310,1261142],[2669459,1261002],[2669525,1260726],[2669573,1260519],[2669619,1260427],[2669636,1260377],[2669610,1260126],[2669652,1259573],[2669694,1259309],[2670242,1259361],[2670514,1259018],[2670520,1258587],[2670480,1258183],[2670312,1258127],[2670105,1258147],[2670004,1258087],[2669938,1258052],[2669972,1258033],[2670067,1258015],[2670049,1257894],[2669950,1257864],[2669895,1257683],[2670200,1257428],[2670189,1257378],[2670371,1257136],[2670438,1256921],[2670827,1256942],[2670902,1256922],[2670945,1256695],[2671007,1256579],[2671223,1256467],[2671327,1256334],[2671368,1256320],[2671503,1255865],[2671453,1255822],[2671160,1255499],[2671079,1255479],[2671133,1255224],[2671158,1255022],[2671225,1254811],[2671307,1254597],[2671309,1254520],[2671320,1254475],[2671394,1254335],[2671320,1254226],[2671250,1254039],[2670992,1254005],[2670798,1254093],[2670646,1253798],[2670947,1253574],[2671294,1253457],[2671616,1253347],[2671708,1253155],[2671829,1253028],[2671904,1252925],[2671954,1252678],[2671610,1252160],[2671418,1251948],[2671365,1251838],[2671238,1251789],[2671157,1251553],[2671141,1251353],[2671244,1251188],[2671247,1250802],[2671066,1250650],[2670928,1250686],[2670661,1250842],[2670348,1250751],[2670169,1250578],[2670113,1250405],[2669826,1250577],[2669873,1250383],[2670020,1250199],[2670222,1250243],[2670493,1250230],[2670764,1250313],[2670939,1250311],[2671104,1250144],[2671266,1249961],[2671303,1249738],[2671352,1249824],[2671418,1249807],[2671521,1249811],[2671606,1249853],[2671704,1249837],[2671844,1249774],[2671967,1249883],[2672036,1249817],[2672119,1249789],[2672248,1249644],[2672321,1249668],[2672292,1249478],[2672182,1249396],[2672164,1249315],[2672192,1249146],[2672218,1248965],[2672199,1248737],[2672207,1248488],[2672251,1248331],[2672222,1248185],[2672299,1248091],[2672350,1247878],[2672336,1247788],[2672460,1247609],[2672588,1247531],[2672661,1247474],[2672625,1247402],[2672611,1247364],[2672637,1247150],[2672792,1247061],[2673171,1247019],[2673196,1246754],[2673063,1246523],[2673037,1246315],[2673135,1245963],[2673157,1245644],[2673196,1245408],[2673321,1245336],[2673168,1245049],[2673066,1244847],[2672972,1244528],[2673013,1244247],[2673090,1244197],[2673138,1244049],[2673176,1243943],[2673379,1243753],[2673490,1243643],[2673578,1243558],[2673664,1243503],[2673750,1243388],[2673875,1243374],[2673916,1243341],[2673898,1243279],[2673867,1243237],[2673875,1243182],[2673905,1243116],[2673928,1243022],[2673714,1242622],[2673682,1242441],[2673618,1242253],[2673761,1242177],[2673855,1242076],[2674010,1241993],[2674192,1242046],[2674575,1242197],[2675004,1242234],[2675308,1242087],[2675739,1242348],[2675795,1242299],[2676000,1242501],[2676279,1242628],[2676510,1242909],[2676797,1243111],[2676631,1242476],[2676450,1242119],[2676323,1241833],[2676295,1241741],[2676207,1241682],[2676016,1241421],[2675858,1241303],[2675745,1241229],[2675760,1241183],[2675789,1241128],[2675794,1241093],[2675812,1241044],[2675679,1240993],[2675544,1240961],[2675495,1240971],[2675433,1240965],[2675304,1240752],[2675098,1240465],[2675055,1240143],[2674926,1240045],[2674950,1239921],[2675017,1239779],[2674944,1239561],[2674841,1239307],[2674663,1239207],[2674437,1239053],[2674256,1238936],[2674171,1238720],[2674043,1238589],[2673891,1238572],[2673707,1238470],[2672991,1238323],[2672889,1238109],[2672508,1237887],[2672317,1238059],[2672210,1238181],[2672120,1238227],[2672042,1238216],[2671985,1238178],[2671996,1237934],[2672294,1236970],[2672896,1236204],[2672812,1235503],[2672793,1235394],[2672807,1235302],[2672844,1235217],[2672899,1235151],[2673017,1235041],[2673054,1234987],[2673080,1234927],[2673102,1234832],[2673103,1234767],[2673093,1234703],[2673074,1234641],[2672997,1234473],[2672978,1234416],[2672969,1234356],[2672968,1234296],[2672977,1234236],[2672994,1234178],[2673020,1234124],[2673054,1234073],[2673096,1234026],[2673323,1233800],[2673383,1233731],[2673542,1233506],[2673593,1233400],[2673611,1233294],[2673604,1233200],[2673561,1233085],[2673311,1232698],[2673269,1232286],[2672726,1231698],[2672517,1231361],[2672429,1230898],[2672654,1230134],[2672886,1229798],[2672866,1229098],[2672977,1228598],[2673244,1227698],[2673185,1227334],[2672951,1226898],[2672882,1226398],[2673044,1225569],[2673535,1225410],[2673728,1225257],[2674027,1224297],[2674057,1223597],[2673981,1223358],[2673818,1223038],[2673832,1222854],[2674012,1222382],[2674042,1222248],[2674047,1222047],[2674011,1221847],[2673929,1221647],[2673816,1221477],[2673539,1221265],[2673247,1221256],[2672624,1221333],[2672135,1221375],[2672043,1221378],[2671976,1221399],[2671899,1221424],[2671824,1221425],[2671720,1221409],[2671644,1221423],[2671606,1221435],[2671552,1221412],[2671462,1221366],[2671340,1221353],[2671284,1221395],[2671089,1221557],[2670914,1221780],[2670517,1221939],[2670421,1221980],[2670334,1221969],[2670199,1222066],[2670159,1222077],[2670111,1222070],[2670049,1222092],[2669975,1222528],[2669918,1222831],[2669727,1223171],[2669633,1223374],[2669495,1223496],[2669426,1223654],[2669226,1223949],[2668953,1224173],[2668904,1224464],[2668841,1224477],[2668814,1224670],[2668691,1224873],[2668619,1225079],[2668425,1225237],[2668295,1225439],[2668225,1225760],[2668213,1226046],[2668284,1226347],[2668208,1226514],[2668177,1226794],[2667884,1227181],[2667666,1227581],[2667551,1227838],[2667552,1228221],[2667383,1228746],[2667414,1228962],[2667334,1229192],[2667302,1229254],[2667264,1229277],[2666704,1229867],[2666752,1230074],[2666775,1230309],[2666750,1230525],[2666555,1230796],[2666504,1231112],[2666297,1231975],[2666294,1232226],[2666338,1232385],[2666221,1232724],[2666100,1233094],[2665949,1233305],[2665749,1233626],[2665447,1233778],[2665233,1233975],[2665087,1234270],[2664960,1234481],[2664896,1234703],[2664864,1234914],[2664835,1235094],[2664793,1235161],[2664770,1235260],[2664777,1235344],[2664814,1235410],[2664845,1235466],[2664879,1235523],[2664903,1235596],[2664925,1235638],[2664973,1235697],[2665041,1235744],[2665102,1235795],[2665141,1235884],[2665182,1235945],[2665019,1236038],[2664864,1236077],[2664615,1236331],[2664257,1236768],[2663968,1236922],[2663590,1237073],[2663279,1237026],[2663095,1236976],[2663018,1237001],[2662694,1237219],[2662543,1237179],[2662156,1237443],[2662037,1237690],[2661817,1237641],[2661718,1237574],[2661622,1237572],[2661597,1237582],[2661362,1237419],[2661349,1237249],[2661358,1237168],[2660980,1236964],[2660830,1236602],[2660711,1236433],[2660788,1236095],[2660765,1236030],[2660694,1236032],[2660635,1236050],[2660563,1236051],[2660483,1236049],[2660389,1236055],[2660316,1236063],[2660262,1236078],[2660193,1236116],[2660121,1236184],[2660049,1236187],[2659930,1236185],[2659796,1236140],[2658230,1233222],[2658080,1232897],[2658042,1232634],[2658086,1232210],[2657923,1231979],[2657896,1231726],[2657977,1231280],[2658030,1230827],[2657843,1230851],[2657770,1230831],[2657652,1230854],[2657534,1230876],[2657484,1230872],[2657138,1230806],[2656991,1230677],[2656881,1230658],[2656717,1230532],[2656477,1230435],[2656153,1230449],[2656017,1230388],[2655841,1230393],[2655719,1230677],[2655608,1230811],[2655647,1230878],[2655683,1230942],[2655701,1230990],[2655669,1230996],[2655623,1231005],[2655568,1230988],[2655456,1231032],[2655238,1231070],[2655020,1231156],[2654915,1231233],[2654824,1231354],[2654746,1231451],[2654657,1231503],[2654623,1231669],[2654711,1231817],[2654696,1231977],[2654586,1232096],[2654421,1232127],[2654319,1232134],[2654385,1232335],[2654662,1232418],[2654857,1232446],[2655190,1232466],[2655390,1232535],[2655546,1232395],[2655730,1232394],[2655845,1232454],[2655831,1232623],[2655913,1232725],[2655952,1232885],[2656074,1232942],[2656150,1233055],[2656176,1233194],[2656154,1233352],[2656101,1233545],[2655882,1233703],[2655755,1233828],[2655601,1233798],[2655539,1233791],[2655195,1233613],[2655008,1233514],[2654790,1233486],[2654630,1233353],[2654461,1233372],[2654359,1233389],[2654068,1233332],[2653755,1233249],[2653621,1233210],[2653437,1233194],[2653171,1233156],[2652793,1233118],[2652767,1233126],[2652739,1233107],[2652686,1233090],[2652645,1233074],[2652587,1233043],[2652509,1232998],[2652468,1232974],[2652451,1232937],[2652448,1232906],[2652452,1232884],[2652458,1232852],[2652450,1232820],[2652417,1232778],[2652398,1232764],[2652355,1232737],[2652322,1232721],[2652277,1232684],[2652224,1232661],[2652150,1232607],[2652082,1232553],[2652025,1232524],[2651990,1232506],[2651956,1232502],[2651849,1232572],[2651515,1232777],[2650949,1232820],[2650573,1233222],[2650510,1233510],[2650305,1234010],[2650127,1234267],[2649871,1234605],[2649287,1234822],[2649170,1234861],[2648886,1234715],[2648713,1234639],[2648554,1234564],[2648430,1234550],[2648304,1234342],[2648084,1234161],[2647885,1233951],[2647708,1233988],[2647521,1233933],[2647287,1234109],[2647089,1234155],[2646805,1233782],[2646892,1233567],[2646391,1232766],[2645864,1232725],[2644738,1232444],[2644659,1232387],[2644528,1232444],[2644408,1232484],[2644285,1232511],[2644180,1232535],[2644123,1232583],[2644072,1232628],[2644001,1232686],[2643921,1232690],[2643769,1232719],[2643702,1232738],[2643694,1232774],[2643694,1232811],[2643699,1232854],[2643692,1232902],[2643689,1232940],[2643697,1232990],[2643711,1233019],[2643700,1233050],[2643699,1233090],[2643687,1233126],[2643707,1233168],[2643718,1233221],[2643727,1233252],[2643735,1233273],[2643747,1233293],[2643755,1233323],[2643771,1233369],[2643765,1233425],[2643765,1233461],[2643757,1233475],[2643753,1233494],[2643753,1233521],[2643764,1233557],[2643756,1233587],[2643746,1233633],[2643750,1233680],[2643756,1233734],[2643750,1233792],[2643743,1233867],[2643724,1233906],[2643747,1233968],[2643784,1233953],[2643815,1234036],[2643786,1234182],[2643734,1234189],[2643733,1234249],[2643733,1234326],[2643767,1234385],[2643733,1234447],[2643686,1234505],[2643644,1234547],[2643612,1234600],[2643580,1234663],[2643489,1234785],[2643383,1234872],[2643304,1234941],[2643224,1235026],[2643163,1235145],[2643091,1235248],[2643054,1235330],[2642997,1235389],[2642952,1235440],[2642928,1235476],[2642877,1235532],[2642861,1235666],[2642828,1235774],[2642811,1235870],[2642825,1235930],[2642846,1236003],[2642850,1236073],[2642549,1236415],[2639063,1236308],[2638634,1235864],[2638646,1235741],[2638675,1235596],[2638724,1235474],[2638800,1235398],[2638849,1235377],[2638821,1235249],[2638826,1235103],[2638923,1235037],[2638966,1234957],[2639032,1234871],[2639035,1234798],[2639067,1234771],[2639079,1234699],[2639110,1234558],[2639144,1234497],[2639262,1234450],[2639336,1234407],[2639357,1234364],[2639406,1234184],[2639390,1234086],[2639410,1234028],[2639487,1233976],[2639572,1233886],[2639605,1233812],[2639376,1233624],[2639066,1233369],[2638858,1233136],[2638640,1232877],[2638266,1232504],[2638069,1232366],[2637822,1232152],[2637618,1231933],[2637472,1231782],[2636755,1231955],[2636438,1232081],[2636261,1232236],[2636056,1232418],[2635817,1232576],[2635526,1232648],[2634880,1232582],[2633792,1232295],[2631420,1231384],[2630506,1231721],[2630331,1231711],[2630271,1231635],[2630209,1231719],[2630149,1231819],[2630128,1231866],[2630014,1231917],[2629953,1231968],[2629930,1232041],[2629897,1232116],[2629836,1232162],[2629804,1232216],[2629766,1232232],[2629731,1232294],[2629674,1232397],[2629665,1232510],[2629556,1232537],[2629494,1232554],[2629512,1232616],[2629468,1232710],[2629432,1232770],[2629384,1232845],[2629352,1232939],[2629364,1232990],[2629353,1233039],[2629364,1233107],[2629309,1233153],[2629373,1233194],[2629479,1233282],[2629450,1233376],[2629352,1233462],[2629361,1233599],[2629434,1233602],[2629463,1233706],[2629544,1233775],[2629516,1233859],[2629597,1233888],[2629593,1233985],[2629546,1234167],[2629545,1234247],[2629646,1234307],[2629613,1234389],[2629573,1234473],[2629545,1234530],[2629464,1234527],[2629410,1234589],[2629495,1234702],[2629502,1234758],[2629413,1234766],[2629409,1234819],[2629448,1234867],[2629405,1234923],[2629323,1234916],[2629279,1234957],[2629348,1235093],[2629834,1235278],[2630129,1235609],[2630508,1236031],[2630695,1236521],[2630880,1237106],[2631237,1237755],[2631457,1238348],[2631705,1238860],[2631829,1239316],[2631906,1239505],[2632036,1239640],[2632192,1239741],[2632439,1239837],[2632832,1240153],[2632931,1240196],[2633188,1240203],[2634030,1240141],[2634222,1240595],[2634453,1240823],[2634646,1241025],[2634739,1241131],[2634600,1241439],[2634600,1241707],[2634655,1242008],[2634846,1242386],[2635068,1242785],[2635370,1243162],[2635480,1243317],[2635492,1243402],[2635457,1243535],[2635562,1243517],[2635673,1243315],[2636576,1242651],[2638435,1242510],[2638458,1241315],[2638537,1240929],[2638893,1241010],[2639586,1241251],[2640200,1241431],[2640663,1241536],[2641278,1242085],[2641327,1242000],[2641607,1242334],[2641815,1242563],[2642288,1242727],[2642511,1242807],[2642746,1243775],[2643383,1244990],[2643394,1245449],[2643547,1245603],[2643704,1245859],[2643875,1246047],[2644213,1246206],[2644256,1246286],[2644265,1246334],[2644294,1246418],[2644346,1246521],[2644430,1246621],[2644447,1246676],[2644466,1246759],[2644469,1246865],[2644649,1247600],[2644758,1248265],[2643916,1249605],[2643779,1249463],[2643589,1249514],[2643434,1249447],[2643282,1249476],[2643193,1249515],[2643129,1249574],[2643139,1249639],[2643127,1249700],[2643130,1249774],[2643165,1249813],[2643158,1249915],[2643154,1249952],[2643153,1250001],[2643144,1250060],[2643161,1250120],[2643139,1250142],[2643129,1250175],[2643131,1250205],[2643098,1250243],[2643072,1250251],[2643063,1250309],[2643047,1250337],[2643035,1250398],[2643002,1250460],[2642997,1250496],[2642985,1250557],[2642985,1250615],[2642955,1250645],[2642889,1250815],[2642783,1250853],[2642704,1250937],[2642672,1250986],[2642627,1251021],[2642488,1251118],[2642360,1251139],[2642280,1251165],[2642184,1251171],[2642048,1251229],[2641964,1251257],[2641906,1251292],[2641780,1251284],[2641675,1251364],[2641640,1251396],[2641629,1251461],[2641627,1251552],[2641595,1251571],[2641566,1251627],[2641525,1251602],[2641498,1251586],[2641465,1251549],[2641318,1251588],[2641228,1251618],[2641158,1251615],[2641111,1251587],[2641071,1251576],[2641029,1251558],[2640970,1251588],[2640839,1251697],[2640812,1251738],[2640724,1251795],[2640639,1251846],[2640597,1251920],[2640433,1252183],[2639739,1252446],[2639998,1252705],[2640539,1252942],[2641137,1253199],[2641263,1252583],[2641395,1253249],[2641380,1253375],[2641308,1253477],[2641253,1253584],[2641275,1253646],[2641325,1253745],[2641195,1253947],[2641113,1254299],[2641146,1254700],[2641018,1255048],[2640912,1255375],[2640738,1255582],[2640442,1255829],[2640520,1256343],[2640438,1256583],[2640105,1256860],[2639957,1256984],[2639888,1256986],[2639809,1256893],[2639762,1256800],[2639680,1256709],[2639570,1256689],[2639499,1256625],[2639413,1256530],[2639371,1256473],[2639360,1256368],[2639361,1256287],[2639372,1256207],[2639283,1256159],[2639196,1256190],[2639096,1256177],[2639079,1256176]]]}},{"type":"Feature","properties":{"KANTONSNUM":4,"NAME":"Uri"},"geometry":{"type":"Polygon","coordinates":[[[2709777,1185645],[2709622,1185341],[2709352,1185085],[2708867,1184900],[2708357,1184682],[2708055,1184295],[2707598,1183991],[2707587,1183554],[2707225,1183448],[2706528,1183599],[2706224,1183308],[2705980,1182904],[2706118,1182435],[2706098,1181938],[2706200,1181606],[2706385,1180761],[2706391,1180179],[2705944,1180359],[2705730,1180169],[2705475,1179985],[2705442,1179657],[2705234,1179362],[2705077,1178688],[2704981,1178267],[2705035,1177155],[2704757,1176946],[2704322,1176773],[2703976,1176516],[2703452,1176466],[2702852,1176197],[2702392,1176524],[2702242,1176720],[2702136,1176999],[2701922,1177401],[2701699,1177519],[2701696,1177819],[2701366,1177887],[2700893,1177584],[2700273,1177067],[2699976,1176591],[2699809,1176128],[2699931,1174822],[2699081,1174280],[2698747,1173926],[2698185,1173642],[2697796,1173377],[2697451,1172964],[2696808,1173024],[2696352,1173247],[2695797,1172883],[2695244,1172247],[2694469,1171819],[2694597,1171112],[2694534,1170423],[2694522,1170075],[2694532,1169573],[2693430,1167699],[2693259,1166611],[2693119,1166094],[2692849,1165582],[2693040,1165325],[2693264,1165143],[2693356,1164894],[2693416,1164565],[2693737,1164306],[2693947,1164058],[2694646,1163925],[2694990,1163499],[2695032,1162526],[2694933,1162077],[2694888,1161851],[2694904,1161560],[2694807,1159332],[2694148,1159104],[2693750,1158763],[2693516,1158433],[2693069,1158046],[2692546,1157822],[2692168,1157689],[2691530,1157818],[2691258,1158598],[2691059,1159032],[2690526,1159206],[2689889,1158863],[2689138,1158695],[2688519,1158673],[2687930,1158971],[2687310,1159453],[2686996,1159789],[2686252,1159513],[2685849,1159535],[2684505,1159956],[2684142,1159881],[2683599,1159702],[2683261,1159237],[2682924,1158442],[2682766,1157697],[2682412,1156897],[2682608,1156476],[2682710,1155666],[2682926,1155253],[2682909,1154751],[2682412,1154635],[2682027,1154446],[2681601,1154318],[2681042,1154241],[2680139,1153981],[2679775,1153497],[2679398,1153552],[2678859,1154155],[2678372,1154126],[2677844,1154225],[2677100,1154522],[2676792,1154796],[2676228,1155110],[2675817,1155507],[2675710,1155913],[2675532,1156326],[2675305,1157216],[2675180,1157749],[2674492,1159173],[2674222,1160044],[2674292,1160497],[2674456,1161028],[2674309,1161552],[2674674,1161964],[2674964,1162493],[2675219,1163395],[2675212,1163910],[2675189,1164283],[2675240,1164563],[2675145,1164915],[2675055,1165414],[2675204,1165868],[2675199,1166815],[2674375,1167316],[2674271,1168062],[2674269,1168355],[2674225,1168568],[2674076,1168873],[2673866,1168970],[2673687,1169194],[2673577,1169502],[2673412,1169670],[2673443,1169955],[2673459,1170159],[2673450,1170404],[2673370,1170724],[2673456,1171024],[2673441,1171306],[2673505,1171745],[2674519,1171481],[2674646,1171390],[2674700,1171187],[2674925,1171121],[2675180,1171130],[2675355,1171083],[2676431,1171051],[2676732,1171011],[2677132,1171179],[2677458,1171295],[2677579,1171603],[2677614,1171949],[2677692,1172407],[2677635,1172657],[2677550,1172860],[2677535,1172981],[2677543,1173236],[2677616,1173452],[2677612,1173681],[2677532,1173829],[2677170,1174060],[2677128,1174318],[2677213,1175757],[2677011,1176252],[2676942,1176327],[2676820,1176390],[2676664,1176615],[2676583,1176805],[2676602,1176999],[2676620,1177239],[2676555,1177404],[2676644,1177595],[2676772,1177922],[2676654,1178137],[2676485,1178293],[2676446,1178480],[2676661,1178608],[2676812,1178663],[2676967,1178911],[2677034,1179125],[2677222,1179688],[2677640,1179925],[2678228,1180220],[2678807,1180215],[2679244,1180193],[2679679,1180294],[2680199,1180531],[2679878,1182047],[2679417,1182724],[2679650,1183158],[2679274,1183427],[2678331,1183550],[2679392,1183879],[2679748,1184370],[2679454,1185327],[2679558,1185686],[2679737,1186047],[2679733,1186524],[2679769,1186811],[2679907,1187156],[2680094,1187632],[2680471,1187911],[2680821,1188079],[2681194,1188248],[2681400,1188513],[2681474,1188814],[2681172,1189051],[2680829,1189557],[2680604,1189654],[2680074,1189674],[2679817,1189858],[2679555,1189937],[2679286,1190061],[2679164,1189896],[2678894,1189804],[2678721,1189961],[2678542,1190346],[2678547,1190574],[2678570,1190775],[2678656,1191036],[2678737,1191268],[2678634,1191635],[2678436,1191938],[2678407,1192193],[2678858,1192503],[2679003,1192656],[2679176,1192798],[2679111,1193414],[2678970,1193645],[2678858,1193968],[2678781,1194150],[2678616,1194315],[2678431,1194552],[2678147,1194537],[2677788,1194561],[2677772,1194771],[2677929,1194956],[2678229,1195390],[2678430,1195387],[2678832,1195580],[2679023,1195657],[2679290,1195736],[2679482,1195950],[2679653,1196276],[2679914,1196898],[2680266,1196903],[2680531,1196852],[2680878,1196656],[2681063,1196474],[2681391,1196567],[2681789,1196795],[2682025,1196924],[2682219,1197076],[2682410,1197429],[2682700,1197431],[2682995,1197480],[2683197,1197509],[2683537,1197673],[2683961,1197847],[2684148,1197993],[2684270,1198281],[2684369,1198445],[2684394,1198626],[2684238,1199063],[2684607,1199293],[2685092,1199292],[2685263,1199368],[2685043,1199539],[2685096,1199725],[2685149,1199971],[2685032,1200659],[2685052,1201549],[2684966,1201836],[2685111,1202000],[2685358,1202221],[2685507,1202618],[2685778,1203202],[2685982,1203371],[2686032,1203447],[2686069,1203526],[2686101,1203602],[2686154,1203698],[2686197,1203766],[2686265,1203825],[2686311,1203915],[2686340,1203976],[2686373,1204027],[2686395,1204073],[2686432,1204152],[2686436,1204211],[2687001,1205339],[2689994,1200834],[2690517,1200595],[2690630,1200588],[2690796,1200558],[2691042,1200555],[2691201,1200557],[2691329,1200517],[2691446,1200525],[2691566,1200510],[2691624,1200484],[2691748,1200482],[2691826,1200485],[2691904,1200459],[2691985,1200420],[2692130,1200353],[2692228,1200339],[2692375,1200281],[2692452,1200264],[2692597,1200210],[2692672,1200202],[2692749,1200139],[2692821,1200158],[2692907,1200198],[2692991,1200171],[2693082,1200156],[2693140,1200125],[2693238,1200121],[2693311,1200118],[2693360,1200115],[2693421,1200068],[2693525,1200027],[2693659,1199969],[2693741,1199960],[2693843,1199995],[2693917,1200008],[2693991,1200045],[2694059,1200062],[2694141,1200059],[2694200,1200094],[2694273,1200134],[2694369,1200153],[2694495,1200163],[2694611,1200185],[2694728,1200156],[2694834,1200126],[2694976,1200190],[2695130,1200245],[2695196,1200288],[2695324,1200301],[2695460,1200316],[2695534,1200148],[2695648,1199933],[2695799,1199779],[2695856,1199423],[2695795,1198290],[2695877,1198042],[2695957,1197791],[2696135,1197604],[2696366,1197450],[2696525,1197277],[2696671,1197010],[2696877,1197069],[2697103,1197169],[2697371,1197175],[2697640,1197392],[2697770,1197618],[2697895,1197833],[2698008,1197954],[2698200,1198072],[2698352,1198268],[2698618,1198466],[2698836,1198635],[2699150,1198766],[2699468,1198856],[2699628,1198998],[2700049,1199076],[2700410,1199243],[2700571,1199303],[2701005,1199480],[2701699,1199439],[2702346,1198736],[2703058,1198631],[2703379,1199125],[2703757,1199386],[2704318,1199708],[2705744,1199047],[2705931,1198373],[2705780,1197748],[2706730,1196200],[2707074,1196541],[2707288,1196815],[2707463,1196432],[2707422,1195964],[2707399,1195551],[2707432,1194772],[2707886,1193698],[2707934,1193885],[2708034,1194032],[2708306,1194205],[2708405,1194456],[2708443,1194646],[2708539,1194729],[2708693,1194754],[2708961,1194670],[2710350,1195601],[2710655,1195659],[2710974,1195676],[2711128,1195862],[2711242,1196060],[2711789,1196272],[2712004,1196365],[2712154,1196485],[2712490,1196644],[2712772,1196915],[2712958,1197039],[2713232,1197157],[2713509,1197319],[2713780,1197499],[2713978,1197601],[2714399,1196714],[2714935,1195725],[2715325,1195555],[2715467,1195047],[2715661,1192696],[2714940,1192344],[2714743,1192215],[2714474,1192068],[2714225,1191844],[2713964,1191553],[2713615,1191469],[2713023,1191175],[2712542,1190945],[2712194,1191006],[2711860,1190742],[2711489,1190327],[2711249,1189947],[2710969,1189698],[2710550,1189518],[2710182,1189340],[2709705,1189093],[2709326,1188868],[2709495,1188612],[2709527,1188119],[2709686,1185877],[2709777,1185645]]]}},{"type":"Feature","properties":{"KANTONSNUM":20,"NAME":"Thurgau"},"geometry":{"type":"Polygon","coordinates":[[[2692412,1282305],[2692488,1282309],[2692612,1282351],[2692927,1282531],[2693071,1282599],[2693189,1282723],[2693345,1282876],[2693527,1283016],[2693651,1283162],[2693801,1283419],[2693890,1283484],[2693999,1283504],[2694149,1283453],[2694508,1283301],[2694739,1283203],[2694884,1283101],[2695046,1282966],[2695210,1282891],[2695387,1282864],[2695583,1282886],[2695755,1282885],[2695858,1282908],[2696258,1283135],[2696646,1283244],[2697208,1283276],[2697397,1283248],[2697725,1283131],[2697949,1283084],[2698483,1283069],[2698914,1282960],[2699156,1282864],[2699724,1282558],[2699937,1282388],[2700024,1282285],[2700096,1282163],[2700233,1282040],[2700435,1281914],[2700696,1281776],[2700954,1281614],[2701395,1281404],[2701653,1281350],[2701797,1281364],[2702121,1281487],[2702431,1281735],[2702606,1281738],[2702812,1281613],[2702953,1281593],[2703530,1281698],[2703877,1281574],[2704246,1281398],[2704459,1281381],[2704678,1281247],[2704876,1281125],[2705104,1280921],[2705220,1280657],[2705300,1280347],[2705385,1280246],[2705839,1280114],[2706026,1280005],[2706140,1279963],[2706296,1279718],[2706177,1279553],[2705843,1279252],[2705750,1279013],[2705990,1278770],[2706765,1278914],[2706830,1279112],[2706991,1279224],[2707985,1279251],[2708264,1279249],[2708523,1279157],[2708726,1279037],[2709085,1278685],[2709309,1278545],[2709417,1278515],[2709763,1278530],[2709955,1278576],[2710058,1278633],[2710208,1278750],[2710378,1278820],[2710667,1278881],[2711040,1279021],[2711257,1279084],[2711393,1279105],[2711664,1279287],[2711778,1279339],[2712035,1279386],[2712363,1279399],[2712693,1279433],[2712900,1279485],[2712976,1279543],[2713106,1279736],[2713218,1279839],[2713361,1279902],[2713559,1279959],[2713865,1280202],[2714009,1280274],[2714413,1280416],[2714883,1280759],[2715056,1280842],[2715376,1280946],[2715440,1281013],[2715613,1281330],[2715730,1281436],[2715906,1281516],[2716198,1281595],[2716428,1281637],[2717236,1282036],[2717570,1282239],[2718149,1282693],[2718374,1282837],[2718620,1282939],[2718880,1282995],[2719147,1283005],[2719411,1282968],[2720192,1282746],[2721116,1282526],[2722050,1282353],[2722671,1282255],[2722901,1282179],[2723059,1282173],[2723366,1282218],[2723675,1282305],[2723908,1282338],[2724142,1282324],[2724370,1282272],[2724707,1282141],[2725042,1281963],[2725354,1281746],[2725637,1281493],[2725869,1281286],[2726095,1281149],[2726342,1281054],[2726664,1280996],[2726846,1280957],[2727029,1280894],[2727206,1280870],[2727368,1280805],[2727566,1280732],[2727730,1280665],[2727829,1280671],[2728077,1280801],[2728218,1280920],[2728381,1281031],[2728494,1281073],[2729038,1280905],[2729565,1280275],[2730242,1279752],[2730475,1279791],[2730951,1279823],[2736556,1280256],[2750576,1263759],[2750294,1263608],[2750265,1263542],[2750268,1263511],[2750211,1263502],[2750044,1263434],[2749998,1263325],[2749716,1263109],[2749629,1263018],[2749517,1262837],[2749395,1262512],[2749324,1262507],[2749113,1262648],[2748796,1262624],[2748674,1262411],[2748560,1262220],[2748249,1262185],[2748235,1261928],[2748083,1261565],[2748043,1261463],[2747969,1261205],[2747960,1261120],[2747924,1261025],[2747853,1260957],[2747886,1260874],[2747876,1260592],[2747664,1260417],[2747555,1260259],[2747593,1260097],[2747327,1260192],[2747163,1260345],[2746976,1260803],[2746799,1260853],[2746651,1260893],[2746563,1261009],[2746315,1261206],[2746240,1261425],[2745911,1261365],[2745630,1261199],[2745342,1261181],[2745357,1261364],[2745652,1261586],[2745747,1261763],[2745466,1262103],[2745445,1262152],[2745550,1262205],[2745597,1262188],[2745653,1262186],[2745749,1262203],[2745830,1262309],[2745842,1262510],[2745836,1262571],[2745839,1262601],[2745846,1262632],[2745833,1262665],[2745843,1262764],[2745674,1262920],[2745371,1262881],[2745148,1262981],[2744950,1263087],[2744778,1263110],[2744469,1263171],[2744148,1262943],[2743470,1263128],[2743338,1263168],[2743268,1263106],[2743213,1263098],[2743190,1263057],[2743167,1262991],[2743166,1262954],[2743096,1262854],[2742987,1262983],[2743013,1263182],[2743109,1263484],[2743553,1263691],[2743837,1263868],[2743673,1264118],[2743703,1264163],[2743737,1264199],[2743848,1264330],[2743952,1264362],[2743960,1264389],[2743960,1264423],[2743998,1264494],[2744053,1264494],[2744103,1264494],[2744115,1264473],[2744139,1264464],[2744158,1264453],[2744186,1264454],[2744218,1264441],[2744261,1264487],[2744313,1264507],[2744337,1264578],[2744406,1264691],[2744411,1264987],[2744368,1264992],[2744309,1264977],[2744289,1264950],[2744232,1264930],[2744124,1264941],[2744045,1264965],[2743707,1265034],[2743613,1265026],[2743547,1264981],[2743506,1264974],[2743451,1265107],[2743315,1265218],[2743293,1265271],[2743281,1265337],[2743274,1265431],[2743137,1265492],[2743192,1265694],[2743167,1266082],[2743128,1266256],[2743106,1266223],[2743094,1266186],[2743098,1266143],[2743086,1266118],[2743064,1266071],[2743052,1266010],[2743029,1265968],[2743003,1265960],[2742964,1265958],[2742919,1265958],[2742864,1265963],[2742822,1265974],[2742788,1265973],[2742757,1265989],[2742730,1265997],[2742687,1266000],[2742643,1266005],[2742591,1266022],[2742568,1266029],[2742530,1266034],[2742386,1265981],[2742122,1265955],[2742005,1265976],[2741896,1266094],[2741914,1266146],[2741905,1266178],[2741917,1266206],[2741920,1266237],[2741898,1266265],[2741882,1266275],[2741861,1266282],[2741854,1266262],[2741828,1266253],[2741818,1266219],[2741825,1266191],[2741808,1266170],[2741665,1266216],[2741458,1266152],[2741195,1265863],[2741124,1265721],[2741146,1265668],[2741185,1265579],[2741199,1265493],[2741201,1265419],[2741194,1265348],[2741168,1265244],[2741026,1265256],[2740739,1265562],[2740375,1265633],[2739824,1265211],[2738984,1264655],[2738890,1264300],[2738678,1264061],[2738688,1263757],[2738426,1264053],[2738234,1264045],[2738105,1263914],[2737848,1263876],[2738109,1263518],[2738282,1263425],[2738453,1263406],[2738813,1263308],[2738972,1263337],[2739402,1263489],[2739952,1263716],[2740290,1264090],[2740432,1264387],[2740805,1264126],[2741034,1263902],[2741463,1263786],[2741280,1263576],[2740972,1263397],[2740872,1262888],[2740927,1262751],[2740871,1262462],[2741107,1262596],[2741412,1262812],[2741592,1262723],[2741750,1262425],[2741710,1262154],[2741773,1261869],[2741720,1261682],[2741664,1261638],[2741533,1261404],[2741393,1261179],[2740960,1260954],[2740920,1260778],[2740909,1260741],[2740917,1260699],[2740883,1260683],[2740846,1260642],[2740729,1260564],[2740660,1260501],[2740619,1260413],[2740568,1260374],[2740516,1260349],[2740471,1260316],[2740439,1260279],[2740377,1260242],[2740287,1260208],[2740210,1260170],[2740040,1260307],[2739864,1260340],[2739457,1260392],[2739299,1260633],[2739305,1260685],[2739271,1260696],[2739217,1260715],[2739123,1260691],[2739016,1260719],[2738835,1260756],[2738708,1260592],[2738622,1260366],[2738213,1260151],[2737821,1260044],[2737660,1259881],[2737611,1259839],[2737506,1259795],[2737430,1259786],[2737354,1259813],[2737245,1259799],[2736425,1259871],[2736194,1260235],[2735911,1260372],[2735672,1260491],[2735563,1260505],[2735180,1260685],[2734922,1260815],[2734816,1260745],[2734605,1260842],[2733867,1260511],[2733693,1260228],[2733615,1260257],[2733502,1260300],[2733460,1260325],[2733360,1260579],[2733328,1260596],[2733278,1260599],[2733235,1260583],[2733327,1260714],[2733255,1260905],[2733221,1261046],[2733357,1261206],[2733477,1261346],[2733307,1261265],[2733188,1261301],[2733095,1261281],[2733054,1261295],[2732944,1261312],[2732770,1261313],[2732149,1261342],[2731899,1261716],[2731710,1261631],[2731373,1261713],[2731327,1261947],[2731280,1262192],[2731103,1262044],[2730823,1261954],[2730689,1262032],[2730541,1262169],[2730457,1262222],[2730585,1262839],[2730342,1262736],[2730259,1262611],[2730226,1262704],[2730234,1262791],[2730124,1262899],[2730096,1262865],[2730075,1262826],[2730060,1262789],[2730033,1262748],[2729978,1262665],[2729943,1262634],[2729916,1262613],[2729868,1262561],[2729855,1262537],[2729809,1262237],[2729869,1262018],[2729758,1261817],[2729670,1261619],[2729584,1261363],[2729440,1261137],[2729248,1260985],[2729149,1261034],[2728988,1261018],[2728879,1261000],[2728695,1260937],[2728552,1260833],[2728418,1260738],[2728242,1260701],[2728194,1260774],[2728000,1260826],[2727896,1260741],[2727690,1260741],[2727586,1260766],[2727348,1260662],[2727171,1260619],[2727112,1260589],[2727060,1260413],[2726874,1260236],[2726718,1260153],[2726467,1260124],[2726401,1260229],[2726354,1260327],[2726286,1260403],[2726262,1260488],[2726152,1260561],[2726196,1260618],[2726007,1260641],[2725776,1260617],[2725600,1260645],[2725451,1260649],[2725164,1260708],[2725060,1260663],[2725013,1260561],[2724951,1260542],[2724880,1260536],[2724740,1260496],[2724627,1260482],[2724563,1260485],[2724526,1260455],[2724437,1260433],[2724392,1260502],[2724379,1260558],[2724313,1260805],[2724173,1261024],[2724104,1261066],[2724013,1261151],[2724051,1261255],[2723971,1261333],[2724001,1261471],[2723854,1261795],[2723705,1261775],[2723593,1261688],[2723269,1261457],[2723228,1261545],[2723094,1261540],[2722951,1261458],[2722791,1261366],[2722690,1261366],[2722559,1261290],[2722535,1261318],[2722357,1261442],[2722235,1261258],[2722115,1261228],[2722074,1261150],[2722146,1261027],[2722024,1260929],[2721860,1260899],[2721833,1260959],[2721757,1261095],[2721581,1261144],[2721487,1261328],[2721432,1261339],[2721465,1261361],[2721511,1261396],[2721370,1261366],[2721209,1261427],[2721021,1261482],[2720816,1261782],[2720728,1261713],[2720416,1261346],[2719936,1261119],[2719726,1261072],[2719480,1261005],[2719177,1260926],[2719089,1261006],[2719005,1261084],[2718777,1261117],[2718601,1261101],[2718485,1260957],[2718508,1260703],[2718353,1260465],[2718163,1260373],[2717951,1260112],[2718347,1259884],[2718585,1259460],[2718406,1259288],[2718327,1259147],[2718452,1259061],[2718976,1258868],[2719490,1258740],[2719526,1258735],[2719920,1258544],[2719889,1258463],[2719854,1258317],[2719866,1258209],[2719959,1258049],[2720040,1257996],[2719806,1257886],[2719785,1257541],[2720286,1257361],[2720535,1257258],[2720760,1257184],[2721033,1257127],[2721446,1257047],[2721493,1257032],[2721540,1257035],[2721749,1256844],[2721861,1256655],[2721957,1256539],[2722277,1256399],[2722469,1256320],[2722389,1256242],[2722060,1256241],[2722201,1256041],[2721902,1255996],[2721775,1256020],[2721673,1256059],[2721590,1255964],[2721341,1256070],[2721331,1255926],[2721248,1255805],[2721118,1255793],[2721066,1255677],[2720926,1255635],[2720748,1255711],[2720649,1255665],[2720630,1255536],[2720536,1255524],[2720587,1255481],[2720642,1255408],[2720668,1255266],[2720414,1255108],[2720408,1255196],[2720552,1255317],[2720283,1255570],[2720244,1255431],[2719872,1255244],[2719754,1255283],[2719685,1255457],[2719547,1255627],[2719439,1255747],[2719297,1255542],[2719173,1255196],[2718820,1255029],[2718770,1254898],[2718666,1254811],[2718578,1254925],[2718325,1254929],[2718157,1254921],[2717946,1254918],[2717760,1254937],[2717688,1254873],[2717744,1254719],[2717635,1254585],[2717479,1254497],[2717359,1254413],[2717180,1254402],[2717059,1254377],[2716838,1254326],[2717006,1254316],[2717088,1254145],[2717065,1253890],[2717176,1253751],[2717219,1253640],[2717362,1253540],[2717261,1253497],[2717147,1253391],[2717193,1253310],[2717185,1253249],[2717155,1253155],[2717145,1253118],[2717144,1253022],[2717130,1252924],[2717114,1252830],[2717076,1252761],[2717040,1252658],[2717022,1252516],[2716911,1252315],[2716640,1252332],[2716486,1252407],[2716409,1252399],[2716280,1252394],[2716251,1252333],[2716150,1252259],[2716091,1252108],[2715971,1251928],[2715906,1251698],[2715827,1251647],[2715783,1251622],[2715778,1251607],[2715773,1251569],[2715778,1251433],[2715823,1251358],[2715892,1251300],[2715928,1251186],[2715945,1251135],[2715999,1251042],[2715971,1250885],[2715916,1250820],[2715917,1250770],[2715880,1250670],[2715860,1250580],[2715773,1250331],[2715745,1250174],[2715640,1250061],[2715424,1249974],[2715349,1249640],[2715205,1249418],[2714901,1249432],[2714587,1249184],[2714487,1248951],[2714413,1248889],[2714342,1248863],[2714283,1248840],[2714208,1248811],[2714156,1248783],[2714093,1248778],[2713934,1248671],[2713823,1248571],[2713735,1248546],[2713578,1248425],[2713458,1248573],[2713405,1248681],[2713391,1248785],[2713448,1248913],[2713523,1249016],[2713576,1249087],[2713622,1249184],[2713640,1249279],[2713618,1249403],[2713539,1249489],[2713476,1249585],[2713375,1249643],[2713223,1249729],[2713126,1249827],[2713056,1249904],[2712915,1249936],[2712796,1249998],[2712722,1250058],[2712660,1250113],[2712600,1250164],[2712570,1250229],[2712515,1250288],[2712453,1250306],[2712418,1250370],[2712390,1250401],[2712396,1250482],[2712351,1250545],[2712286,1250615],[2712240,1250639],[2712167,1250692],[2712105,1250751],[2712021,1250813],[2711968,1250854],[2711893,1250898],[2711713,1250938],[2711636,1250955],[2711537,1250957],[2711492,1250950],[2711468,1250978],[2711394,1250991],[2711344,1251003],[2711321,1251018],[2711323,1251088],[2711219,1251059],[2711168,1251108],[2711101,1251073],[2710996,1251079],[2710919,1251071],[2710835,1251060],[2710795,1251095],[2710682,1251132],[2710570,1251169],[2710588,1251205],[2710640,1251260],[2710635,1251393],[2710663,1251501],[2710722,1251588],[2710793,1251721],[2710888,1251816],[2710955,1251911],[2711016,1252013],[2711061,1252186],[2711135,1252295],[2711202,1252353],[2711243,1252402],[2711250,1252597],[2711227,1252711],[2711252,1252855],[2711321,1253020],[2711263,1253096],[2711228,1253232],[2711216,1253275],[2711201,1253316],[2711178,1253343],[2711167,1253364],[2711163,1253396],[2711120,1253547],[2711157,1253623],[2711140,1253696],[2711168,1253796],[2711244,1253866],[2711301,1253932],[2711339,1253952],[2711311,1254059],[2711082,1254167],[2710901,1254238],[2710840,1254443],[2710937,1254531],[2711077,1254705],[2711274,1254460],[2711314,1254482],[2711566,1254612],[2711639,1254581],[2711690,1254603],[2711722,1254620],[2711774,1254633],[2711849,1254630],[2711937,1254623],[2712003,1254600],[2712043,1254569],[2712128,1254530],[2712169,1254489],[2712235,1254469],[2712291,1254477],[2712345,1254478],[2712399,1254479],[2712565,1254515],[2712596,1254577],[2712715,1254751],[2712668,1254863],[2712632,1254915],[2712275,1254911],[2712130,1254841],[2712042,1254864],[2711797,1254868],[2711636,1255002],[2711496,1255016],[2711336,1255040],[2711197,1255021],[2711153,1255015],[2710955,1255112],[2710849,1255173],[2710737,1255392],[2710641,1255575],[2710457,1255791],[2710479,1255903],[2710603,1256077],[2710670,1256130],[2710779,1256207],[2710866,1256228],[2710838,1256374],[2710735,1256587],[2710648,1256639],[2710554,1256774],[2710438,1256889],[2710227,1256972],[2710160,1257118],[2709871,1257529],[2709842,1257581],[2709879,1257616],[2709900,1257635],[2709910,1257665],[2709851,1257907],[2709838,1257922],[2709761,1257926],[2709725,1258008],[2709565,1258067],[2709635,1258127],[2709703,1258173],[2709556,1258251],[2709468,1258527],[2709283,1258644],[2709118,1258690],[2708986,1258663],[2708908,1258821],[2709003,1258969],[2709000,1259072],[2708798,1259184],[2708761,1259228],[2708998,1259451],[2708978,1259699],[2709035,1259998],[2709246,1260089],[2709353,1260099],[2709640,1260249],[2709960,1260420],[2709891,1260695],[2709746,1260774],[2709601,1261025],[2709625,1261115],[2709612,1261420],[2709558,1262037],[2709726,1262350],[2709831,1262509],[2709858,1262639],[2709861,1262888],[2709890,1263023],[2709880,1263225],[2709843,1263378],[2709812,1263686],[2709841,1263844],[2709712,1264185],[2709821,1264357],[2709922,1264732],[2709642,1264950],[2709470,1265015],[2709301,1265023],[2709150,1265118],[2708959,1265165],[2708771,1265285],[2708652,1265199],[2708558,1265054],[2708170,1265246],[2707972,1265323],[2707587,1265391],[2707109,1265373],[2706879,1265368],[2706712,1265372],[2706465,1265458],[2706247,1265448],[2706216,1265449],[2706107,1265454],[2705825,1265518],[2705591,1265620],[2705584,1265915],[2705571,1266023],[2705596,1266070],[2705469,1266179],[2705508,1266242],[2705285,1266558],[2705084,1266736],[2704946,1267077],[2704906,1267227],[2704942,1267380],[2704885,1267411],[2704861,1267479],[2704782,1267579],[2704720,1267857],[2704659,1268199],[2704835,1268386],[2705214,1268346],[2705555,1268621],[2705845,1268713],[2706040,1268723],[2706299,1268748],[2706285,1269056],[2705606,1269327],[2705389,1269585],[2704787,1270114],[2704155,1270049],[2703937,1269995],[2703490,1269735],[2702846,1270496],[2702574,1271107],[2699954,1272116],[2699581,1272188],[2698830,1272158],[2698418,1272501],[2698355,1272524],[2698410,1272689],[2698469,1272818],[2698522,1272965],[2698365,1273061],[2698175,1273235],[2698115,1273340],[2697997,1273561],[2698002,1273776],[2697807,1273856],[2697879,1274277],[2698045,1274279],[2698276,1274480],[2698251,1274784],[2698320,1274932],[2698273,1275198],[2698310,1275401],[2698555,1275290],[2698648,1275164],[2698944,1274994],[2698972,1274880],[2699153,1274941],[2699315,1275009],[2699548,1274969],[2699771,1274862],[2700062,1274673],[2700278,1274666],[2700495,1274588],[2700624,1274424],[2700975,1274321],[2701193,1274194],[2701448,1274079],[2701631,1273958],[2701496,1273664],[2701527,1273408],[2701881,1273310],[2702068,1273300],[2702162,1273310],[2702280,1273280],[2702412,1273210],[2702580,1273202],[2702527,1273322],[2702528,1273453],[2702596,1273560],[2702585,1273660],[2702661,1273931],[2702666,1274144],[2702666,1274303],[2702705,1274512],[2702990,1274628],[2703145,1274797],[2703302,1274969],[2703316,1275223],[2703413,1275461],[2703215,1275567],[2703332,1275797],[2703377,1276079],[2703662,1276363],[2703882,1276445],[2703993,1276691],[2704139,1276800],[2704210,1277226],[2704369,1277529],[2704356,1277661],[2704314,1277787],[2704304,1277902],[2704265,1278146],[2704152,1278339],[2703918,1278475],[2703706,1278498],[2703499,1278540],[2703389,1278565],[2703332,1278602],[2703025,1278786],[2702789,1278813],[2702651,1278952],[2702596,1279152],[2702632,1279460],[2702631,1279745],[2702649,1280236],[2702430,1280296],[2702134,1280249],[2701841,1280229],[2701254,1279769],[2701218,1279148],[2700930,1278817],[2700625,1278648],[2700558,1278497],[2700353,1278428],[2700207,1278551],[2699941,1278573],[2699755,1278433],[2699633,1278383],[2699274,1278046],[2699205,1277879],[2699086,1277758],[2698964,1277767],[2698564,1277565],[2698407,1277502],[2698165,1277356],[2698027,1277647],[2698036,1277735],[2697900,1277666],[2697565,1277641],[2697360,1277545],[2696986,1277709],[2696552,1277629],[2696273,1277500],[2695890,1277717],[2695679,1277804],[2695565,1277733],[2695463,1277595],[2695419,1277600],[2695034,1277833],[2694989,1277922],[2694855,1278002],[2694600,1278218],[2694260,1278239],[2693870,1278456],[2693690,1278851],[2693493,1279078],[2693287,1279348],[2693222,1279468],[2693219,1279668],[2693058,1279945],[2693165,1280278],[2693047,1280541],[2692987,1280871],[2692722,1280995],[2692347,1281363],[2692433,1281881],[2692437,1281959],[2692420,1282080],[2692412,1282305]],[[2744263,1264101],[2744240,1264064],[2744266,1264032],[2744283,1264016],[2744296,1263956],[2744327,1263924],[2744333,1263896],[2744326,1263832],[2744616,1263766],[2744626,1263817],[2744634,1263847],[2744639,1263884],[2744643,1263911],[2744660,1263968],[2744263,1264101]]]}},{"type":"Feature","properties":{"KANTONSNUM":5,"NAME":"Schwyz"},"geometry":{"type":"Polygon","coordinates":[[[2680044,1217113],[2682336,1216056],[2682409,1216048],[2682485,1216149],[2682640,1216199],[2682799,1216199],[2682908,1216192],[2683052,1216217],[2683263,1216249],[2683400,1216227],[2683590,1216253],[2683701,1216335],[2683858,1216450],[2683926,1216522],[2684045,1216517],[2684135,1216475],[2684275,1216446],[2684510,1216472],[2684833,1216429],[2685282,1216466],[2685421,1216076],[2685494,1215774],[2685413,1215507],[2685373,1215185],[2685483,1215108],[2685522,1215089],[2685668,1215066],[2685749,1215072],[2685872,1215085],[2686179,1215180],[2686658,1215401],[2687060,1215576],[2687566,1216012],[2687808,1216211],[2688741,1216326],[2690594,1216535],[2691615,1217218],[2692628,1218451],[2692676,1218908],[2693039,1218958],[2693557,1219046],[2693582,1219064],[2693546,1219072],[2693548,1219124],[2693525,1219165],[2693596,1219161],[2693565,1219193],[2693563,1219228],[2693577,1219254],[2693542,1219267],[2693575,1219303],[2693528,1219317],[2693483,1219315],[2693535,1219339],[2693498,1219415],[2693556,1219402],[2693584,1219421],[2693604,1219445],[2693598,1219495],[2693630,1219550],[2693668,1219569],[2693706,1219615],[2693758,1219596],[2693774,1219642],[2693806,1219645],[2693815,1219671],[2693886,1219679],[2693883,1219726],[2693915,1219750],[2693931,1219796],[2693991,1219784],[2694004,1219806],[2693960,1219846],[2693983,1219871],[2694000,1219902],[2694037,1219996],[2694105,1220023],[2694167,1220008],[2694221,1220051],[2694276,1220059],[2694306,1220117],[2694354,1220164],[2694363,1220214],[2694377,1220261],[2694383,1220316],[2694379,1220390],[2694413,1220448],[2694454,1220478],[2694449,1220539],[2694515,1220604],[2694535,1220649],[2694511,1220672],[2694528,1220708],[2694491,1220732],[2694591,1220725],[2694636,1220780],[2694592,1220790],[2694543,1220839],[2694523,1220864],[2694546,1220916],[2694508,1220985],[2694576,1220994],[2694564,1221068],[2694616,1221144],[2694657,1221166],[2694724,1221141],[2694722,1221180],[2694678,1221261],[2694657,1221320],[2694721,1221388],[2694721,1221444],[2694572,1221470],[2694523,1221602],[2694484,1221799],[2694523,1221967],[2694610,1222069],[2694709,1222264],[2694810,1222444],[2694930,1222567],[2695067,1222643],[2695138,1222723],[2695220,1222784],[2695324,1222854],[2695390,1222893],[2695511,1222892],[2695570,1222842],[2695604,1222949],[2695742,1223010],[2695579,1223157],[2695576,1223501],[2695508,1223703],[2695400,1223931],[2695324,1224316],[2695038,1224431],[2694940,1225011],[2694627,1225209],[2694333,1225494],[2694303,1225543],[2694285,1225595],[2694300,1225687],[2694269,1225750],[2694251,1225820],[2694130,1226047],[2694168,1226647],[2695140,1228029],[2695206,1228050],[2695303,1228062],[2695385,1228067],[2695451,1228077],[2695488,1228094],[2695559,1228118],[2695614,1228153],[2695677,1228175],[2695714,1228197],[2695776,1228238],[2695793,1228301],[2695833,1228348],[2695793,1228408],[2695802,1228462],[2695782,1228516],[2695794,1228576],[2695848,1228639],[2695994,1228715],[2696063,1228664],[2696306,1228515],[2696395,1228567],[2696461,1228656],[2696495,1228706],[2696537,1228775],[2703829,1230724],[2704118,1230402],[2704449,1230124],[2704815,1229895],[2705254,1229703],[2705672,1229589],[2706101,1229535],[2707712,1229732],[2713545,1230731],[2714948,1230594],[2715749,1230749],[2715974,1230712],[2716155,1230571],[2715945,1230118],[2715098,1228645],[2715425,1227084],[2715466,1226510],[2716368,1226842],[2716727,1226885],[2716820,1226965],[2717167,1226893],[2717696,1226676],[2718121,1226419],[2718719,1225884],[2717899,1224845],[2716556,1222545],[2716424,1222152],[2716020,1221793],[2716084,1221454],[2716039,1221426],[2716034,1221401],[2716041,1221337],[2716058,1221311],[2716074,1221228],[2716072,1221179],[2716111,1221123],[2716101,1221027],[2716057,1220974],[2716047,1220875],[2716025,1220801],[2716014,1220722],[2716013,1220687],[2715999,1220611],[2715967,1220536],[2715930,1220493],[2715900,1220419],[2715882,1220270],[2715987,1219817],[2716140,1219746],[2716171,1219732],[2716245,1219714],[2716494,1219373],[2716308,1219027],[2716194,1218598],[2716333,1218207],[2715966,1217963],[2715701,1217797],[2715381,1217499],[2715267,1217359],[2715056,1217028],[2715041,1216719],[2715290,1216558],[2715598,1216488],[2715905,1216363],[2716401,1216246],[2716670,1216177],[2716586,1216019],[2716257,1215756],[2716022,1215567],[2715984,1215377],[2715602,1215036],[2715683,1214495],[2715481,1214326],[2715334,1213965],[2715144,1213813],[2715095,1213699],[2715067,1213641],[2714966,1213346],[2714849,1213120],[2714813,1212965],[2714788,1212769],[2714747,1212381],[2714721,1212174],[2714568,1212010],[2714298,1211878],[2714098,1211776],[2714015,1211650],[2713909,1211453],[2713689,1211313],[2713548,1211243],[2713315,1211154],[2713253,1211127],[2713176,1211084],[2713165,1211068],[2712978,1210954],[2712916,1210920],[2712437,1210713],[2712228,1210783],[2712077,1210889],[2711798,1210897],[2711364,1210780],[2711184,1210667],[2711122,1210580],[2711106,1210461],[2711116,1210344],[2711174,1210144],[2711224,1209907],[2711316,1209678],[2710740,1209177],[2710576,1209012],[2710639,1208932],[2710660,1208880],[2710701,1208856],[2710710,1208838],[2710878,1208770],[2711013,1208775],[2711107,1208810],[2711206,1208754],[2711282,1208703],[2711820,1208427],[2711954,1208233],[2712034,1207496],[2712203,1207351],[2712266,1207344],[2712338,1207260],[2712417,1207127],[2712423,1207022],[2712417,1206966],[2712427,1206887],[2712512,1206770],[2712600,1206644],[2712740,1206523],[2712747,1206577],[2712817,1206651],[2712865,1206618],[2712930,1206546],[2713088,1206396],[2713291,1206253],[2713388,1206125],[2713510,1205828],[2713685,1205469],[2713802,1205316],[2713826,1205275],[2713837,1205264],[2713909,1205303],[2714060,1205054],[2714271,1205151],[2714330,1205107],[2714323,1205027],[2714310,1204951],[2714289,1204849],[2714108,1204740],[2713817,1204635],[2713740,1204590],[2714831,1203004],[2714892,1203086],[2714941,1203011],[2714982,1202986],[2715152,1202784],[2715198,1202761],[2715310,1202591],[2715560,1202369],[2715787,1202305],[2715884,1202288],[2716031,1202221],[2716201,1202227],[2716451,1202091],[2716618,1202107],[2716646,1202030],[2716636,1201954],[2716589,1201955],[2716588,1201936],[2716552,1201918],[2716484,1201885],[2716446,1201848],[2716298,1201752],[2715983,1201429],[2715987,1201390],[2715959,1201319],[2715951,1200989],[2715937,1200890],[2715927,1200795],[2715913,1200747],[2715911,1200693],[2715841,1200653],[2715815,1200580],[2715733,1200436],[2715646,1200176],[2715528,1199834],[2715517,1199686],[2715554,1199512],[2715638,1199192],[2716055,1198894],[2716088,1198405],[2715940,1198391],[2715836,1198341],[2715694,1198311],[2715617,1198307],[2715520,1198334],[2715372,1198257],[2715165,1198236],[2715129,1198257],[2715079,1198249],[2714957,1198156],[2714766,1198045],[2714653,1197952],[2714614,1197910],[2714588,1197877],[2714445,1197889],[2714355,1197879],[2714273,1197824],[2714273,1197779],[2714218,1197762],[2714173,1197673],[2714118,1197664],[2714081,1197658],[2714013,1197621],[2713857,1197554],[2713594,1197362],[2713358,1197209],[2713054,1197134],[2712873,1196942],[2712582,1196702],[2712226,1196582],[2712111,1196394],[2711896,1196250],[2711556,1196276],[2711231,1195879],[2711006,1195766],[2710700,1195682],[2710537,1195624],[2709179,1194706],[2708749,1194743],[2708581,1194748],[2708438,1194697],[2708425,1194595],[2708362,1194285],[2708214,1194100],[2707982,1193955],[2707902,1193790],[2707532,1193978],[2707463,1195386],[2707402,1195804],[2707474,1196249],[2707422,1196705],[2707221,1196628],[2706950,1196355],[2705992,1197120],[2705879,1198247],[2705851,1198908],[2704735,1199533],[2703827,1199454],[2703504,1199301],[2703156,1198836],[2702530,1198661],[2701997,1198879],[2701081,1199575],[2700683,1199349],[2700464,1199274],[2700185,1199141],[2699830,1198930],[2699478,1199019],[2699260,1198707],[2698932,1198751],[2698687,1198500],[2698474,1198350],[2698261,1198203],[2698075,1197990],[2697948,1197836],[2697835,1197739],[2697633,1197546],[2697489,1197248],[2697191,1197160],[2696955,1197123],[2696786,1197061],[2696579,1197185],[2696399,1197395],[2696263,1197510],[2696016,1197726],[2695917,1197982],[2695862,1198142],[2695896,1199311],[2695820,1199528],[2695688,1199913],[2695577,1200041],[2695493,1200290],[2695354,1200302],[2695245,1200302],[2695151,1200257],[2695046,1200217],[2694868,1200135],[2694756,1200139],[2694669,1200163],[2694561,1200179],[2694401,1200164],[2694299,1200144],[2694237,1200096],[2694178,1200070],[2694092,1200056],[2694022,1200064],[2693946,1200025],[2693874,1199993],[2693789,1199961],[2693703,1199956],[2693594,1200016],[2693454,1200055],[2693375,1200102],[2693324,1200107],[2693276,1200122],[2693165,1200123],[2693112,1200153],[2693026,1200156],[2692919,1200189],[2692851,1200188],[2692778,1200147],[2692692,1200181],[2692628,1200207],[2692516,1200242],[2692391,1200262],[2692296,1200300],[2692181,1200350],[2692048,1200397],[2691932,1200437],[2691856,1200478],[2691778,1200480],[2691685,1200503],[2691585,1200478],[2691476,1200531],[2691380,1200521],[2691267,1200531],[2691099,1200547],[2690880,1200545],[2690706,1200574],[2690515,1200548],[2690081,1200851],[2688671,1204132],[2680501,1203360],[2678824,1205493],[2679103,1205540],[2679311,1205603],[2679796,1205777],[2680424,1206048],[2680666,1206082],[2680948,1206294],[2681132,1206405],[2681298,1206467],[2681409,1206562],[2681535,1206672],[2681525,1206817],[2681644,1207102],[2681733,1207393],[2681721,1207791],[2681753,1208148],[2681628,1208481],[2681341,1208658],[2680963,1208677],[2680568,1209006],[2680142,1209339],[2679776,1209804],[2679318,1210257],[2679030,1210445],[2678366,1211231],[2678097,1211319],[2676825,1212253],[2676473,1212458],[2676314,1212819],[2675996,1213005],[2675892,1213012],[2675828,1212983],[2675801,1212974],[2675793,1212975],[2675761,1213007],[2675744,1213017],[2675710,1213033],[2675657,1213019],[2675617,1213024],[2675601,1213051],[2675582,1213084],[2675588,1213100],[2675589,1213108],[2675585,1213121],[2675567,1213132],[2675522,1213146],[2675490,1213164],[2675363,1213183],[2672817,1212566],[2672314,1212780],[2672327,1212815],[2672304,1212856],[2672286,1212888],[2672270,1213017],[2672221,1213444],[2672321,1213805],[2672625,1213963],[2672771,1214154],[2673026,1214289],[2673309,1214526],[2673547,1214735],[2673610,1214934],[2673672,1215085],[2673706,1215324],[2673732,1215734],[2673713,1216090],[2673911,1216437],[2674231,1216786],[2674561,1217240],[2674724,1217373],[2674923,1217482],[2675084,1217532],[2675288,1217623],[2675441,1217706],[2675561,1217686],[2675703,1217749],[2675800,1217776],[2675768,1217855],[2675861,1218098],[2675911,1218146],[2675966,1218166],[2676000,1218226],[2676048,1218235],[2676146,1218312],[2676235,1218334],[2676457,1218299],[2676561,1218277],[2676655,1218312],[2677281,1218489],[2677637,1218407],[2677849,1218283],[2678128,1218398],[2678473,1218403],[2678690,1218282],[2678685,1218035],[2678744,1217846],[2680044,1217113]]]}},{"type":"Feature","properties":{"KANTONSNUM":26,"NAME":"Jura"},"geometry":{"type":"Polygon","coordinates":[[[2595270,1251479],[2595805,1251295],[2595967,1250911],[2596348,1250246],[2596889,1249925],[2597143,1249560],[2597331,1249485],[2597444,1249411],[2597514,1249374],[2597727,1249361],[2597787,1249351],[2597946,1249321],[2598040,1249333],[2598099,1249318],[2598168,1249285],[2598143,1249181],[2598270,1248318],[2598594,1247670],[2599771,1247707],[2600747,1247225],[2601289,1246785],[2601739,1246630],[2602046,1246623],[2602156,1246600],[2602415,1246600],[2602592,1246652],[2602770,1246666],[2602903,1246706],[2603106,1246714],[2603300,1246645],[2603437,1246591],[2603546,1246576],[2604259,1246659],[2604690,1246800],[2605089,1246813],[2605391,1246810],[2605730,1246818],[2605991,1246827],[2606163,1246795],[2606272,1246802],[2606357,1246812],[2606475,1246757],[2606482,1246536],[2606323,1246247],[2606279,1246038],[2606374,1245962],[2606431,1245935],[2606468,1245899],[2606530,1245873],[2606601,1245840],[2606662,1245795],[2606732,1245770],[2606805,1245775],[2606854,1245793],[2606937,1245787],[2607076,1245757],[2607120,1245596],[2607192,1245428],[2607403,1245464],[2607513,1245469],[2607695,1245214],[2607571,1244678],[2607519,1244274],[2607800,1244108],[2608168,1243998],[2608522,1243841],[2608405,1243547],[2608060,1243198],[2607615,1242892],[2607218,1242514],[2607202,1242411],[2607177,1242302],[2607121,1242198],[2606999,1241993],[2606855,1241245],[2607443,1241152],[2608598,1241323],[2608194,1240939],[2607027,1240638],[2606555,1240440],[2606160,1240188],[2605841,1239929],[2605466,1239662],[2605193,1239536],[2604993,1239410],[2604833,1239341],[2604660,1239256],[2604538,1239170],[2604458,1239067],[2604282,1239073],[2604201,1239102],[2604096,1239061],[2603961,1239039],[2603881,1239015],[2603797,1239012],[2603656,1239034],[2603558,1239059],[2603462,1239138],[2603364,1239190],[2603275,1239244],[2603152,1239292],[2602977,1239369],[2602974,1239435],[2602925,1239500],[2602844,1239571],[2602698,1239565],[2602519,1239573],[2602418,1239576],[2602304,1239578],[2601977,1239574],[2601863,1239553],[2601721,1239541],[2601666,1239531],[2601564,1239535],[2601493,1239550],[2601450,1239560],[2601367,1239569],[2601300,1239581],[2601081,1239616],[2600979,1239650],[2600957,1239649],[2600933,1239660],[2600918,1239663],[2600842,1239680],[2600800,1239690],[2600748,1239697],[2600693,1239717],[2600661,1239717],[2600590,1239728],[2600501,1239739],[2600420,1239740],[2600381,1239750],[2600346,1239752],[2600284,1239751],[2599257,1239596],[2598657,1239641],[2598430,1239811],[2598233,1239838],[2598033,1240055],[2597785,1240268],[2597521,1240196],[2596792,1240281],[2595947,1240295],[2595505,1240428],[2595087,1240245],[2594830,1240067],[2594593,1239914],[2594385,1239817],[2594022,1239736],[2593750,1239627],[2593356,1239494],[2593035,1239398],[2592801,1239406],[2592638,1239425],[2592506,1239413],[2592023,1239031],[2591410,1238407],[2590797,1237729],[2590008,1237455],[2589700,1237446],[2589211,1237295],[2588899,1237222],[2588667,1237203],[2588552,1237220],[2588104,1237094],[2587560,1237105],[2586835,1237334],[2586406,1237351],[2585442,1237169],[2584937,1237223],[2584563,1237404],[2583211,1237668],[2582964,1237680],[2582683,1237612],[2582477,1237827],[2582636,1238232],[2582052,1238339],[2581457,1238340],[2580751,1238278],[2580302,1238233],[2579592,1238215],[2579301,1238018],[2579281,1237600],[2579362,1237273],[2579621,1237231],[2579696,1237021],[2579541,1236900],[2579548,1236473],[2579574,1236017],[2579066,1235798],[2578543,1235643],[2578097,1235410],[2577980,1235253],[2577829,1234977],[2578023,1234705],[2577954,1234549],[2577881,1234381],[2577640,1234240],[2577795,1233930],[2578260,1233842],[2578122,1233669],[2578573,1233026],[2578380,1232992],[2578130,1232853],[2577550,1232656],[2577310,1232528],[2576866,1232654],[2576443,1232723],[2576002,1232651],[2575701,1232562],[2575325,1232420],[2574969,1232441],[2574724,1232505],[2574412,1232408],[2574144,1232112],[2574082,1231946],[2573841,1231849],[2573481,1231848],[2573320,1232108],[2573385,1232448],[2573146,1232718],[2572834,1232629],[2572814,1233046],[2571888,1232630],[2571186,1232384],[2571052,1231849],[2571177,1231303],[2570843,1230949],[2570367,1230756],[2570132,1230179],[2569228,1228418],[2567716,1227128],[2566320,1226307],[2566065,1226001],[2565917,1225615],[2565733,1225350],[2565629,1225152],[2565329,1224944],[2565156,1224963],[2564816,1225253],[2564454,1225687],[2563751,1225788],[2563299,1225840],[2563153,1226360],[2562330,1226044],[2562233,1225610],[2560960,1224116],[2560173,1223610],[2559787,1223326],[2559302,1222926],[2558392,1222568],[2557876,1222393],[2557403,1223475],[2556157,1224022],[2556004,1223995],[2555589,1224140],[2555467,1224076],[2555345,1224074],[2555036,1224132],[2554906,1224184],[2554866,1224220],[2554733,1224497],[2554671,1224600],[2554697,1224669],[2554769,1224716],[2554845,1224768],[2554893,1224806],[2555033,1224863],[2555278,1225027],[2555723,1225271],[2556039,1225436],[2556213,1225541],[2556408,1225637],[2556492,1225718],[2556557,1225839],[2556583,1225994],[2556663,1226140],[2556748,1226211],[2556931,1226160],[2557091,1226169],[2557173,1226193],[2557232,1226262],[2557200,1226441],[2557199,1226775],[2557302,1227017],[2557319,1227049],[2557526,1227316],[2557665,1227680],[2557796,1227915],[2557907,1227960],[2558058,1228160],[2558109,1228212],[2558222,1228280],[2558325,1228303],[2558398,1228368],[2558549,1228563],[2558758,1228725],[2558954,1228828],[2559049,1228905],[2559176,1229017],[2559284,1229142],[2559604,1229341],[2559812,1229600],[2560172,1229889],[2560844,1230120],[2561034,1230302],[2561157,1230485],[2561261,1230640],[2561263,1230761],[2561270,1230914],[2561486,1231103],[2561975,1231201],[2562236,1231272],[2562451,1231624],[2562454,1231922],[2562692,1232097],[2562990,1232265],[2563268,1232481],[2563398,1232542],[2563434,1232680],[2563257,1232912],[2562872,1233309],[2562792,1233644],[2562966,1234041],[2563100,1234417],[2563121,1234563],[2563139,1234629],[2563139,1234758],[2563031,1235118],[2563162,1235418],[2563110,1235676],[2562997,1235898],[2562801,1236323],[2562711,1236475],[2562673,1236693],[2562657,1236845],[2562554,1236991],[2562449,1237119],[2562341,1237271],[2562497,1237533],[2562709,1237737],[2563058,1237997],[2563525,1238048],[2563787,1237948],[2564137,1237991],[2564459,1238079],[2564660,1237974],[2564947,1238005],[2565006,1238296],[2565053,1238488],[2565272,1238481],[2565428,1238380],[2565797,1238452],[2566061,1238528],[2566341,1238420],[2566473,1238405],[2566703,1238547],[2566873,1238780],[2567013,1238955],[2567145,1239064],[2567320,1239034],[2567543,1239166],[2567663,1239777],[2567910,1240080],[2568050,1240572],[2567920,1240894],[2567628,1241147],[2567769,1241628],[2568214,1241706],[2568743,1241771],[2569047,1241842],[2569384,1241993],[2570162,1241803],[2571110,1242640],[2570882,1242763],[2570850,1242942],[2571015,1243166],[2571259,1243229],[2571551,1243771],[2571348,1243919],[2570991,1244144],[2570728,1244155],[2570765,1244524],[2570772,1244905],[2570636,1245486],[2570505,1245803],[2570177,1245983],[2569616,1245944],[2569465,1246319],[2569225,1246608],[2568715,1246665],[2568292,1246764],[2567946,1246863],[2567677,1246840],[2567368,1246441],[2566593,1245958],[2565809,1245984],[2565061,1245689],[2564793,1245635],[2564477,1245548],[2564166,1245563],[2563627,1245489],[2563101,1245526],[2562833,1245497],[2562669,1245397],[2562078,1245316],[2561522,1245275],[2560788,1245070],[2560428,1245332],[2559963,1245451],[2559518,1245552],[2559207,1245409],[2558903,1245333],[2558863,1245183],[2558641,1245099],[2558297,1244859],[2557963,1244769],[2557741,1244889],[2557749,1245366],[2557860,1245602],[2558088,1246241],[2558144,1247129],[2558837,1247725],[2559619,1248116],[2560268,1248564],[2560246,1248947],[2560040,1249610],[2560608,1250125],[2560563,1250611],[2561165,1250679],[2561928,1250673],[2562487,1251774],[2562414,1253274],[2562715,1253792],[2563709,1253780],[2564677,1255253],[2565717,1255367],[2567087,1256023],[2566890,1256792],[2566967,1257473],[2566240,1257523],[2566104,1258107],[2566024,1258846],[2565923,1260252],[2565911,1260398],[2566980,1261089],[2567967,1261441],[2568781,1261591],[2569191,1261232],[2569733,1260829],[2570595,1260715],[2571683,1260493],[2572585,1259778],[2573492,1260249],[2574149,1260563],[2575051,1260509],[2575926,1260895],[2576597,1261505],[2577897,1260976],[2578862,1260112],[2579905,1259910],[2581118,1260146],[2582091,1260418],[2582120,1260332],[2582105,1260262],[2582161,1260234],[2582178,1260203],[2582218,1260139],[2582242,1260109],[2581366,1259809],[2580942,1258785],[2580414,1257644],[2580320,1257437],[2580342,1257414],[2580366,1257398],[2580401,1257381],[2580391,1257342],[2580384,1257305],[2580407,1257256],[2580417,1257235],[2580415,1257217],[2580412,1257185],[2580429,1257170],[2580422,1257120],[2580425,1257091],[2580393,1257084],[2580392,1257058],[2580411,1257050],[2580400,1257040],[2580410,1256997],[2580419,1256975],[2580423,1256953],[2580410,1256897],[2580402,1256837],[2580403,1256804],[2580409,1256750],[2580417,1256701],[2580394,1256680],[2580360,1256638],[2580323,1256614],[2580300,1256595],[2580295,1256566],[2580292,1256539],[2580306,1256514],[2580324,1256491],[2580362,1256457],[2580363,1256434],[2580358,1256400],[2580082,1255518],[2579754,1254723],[2580859,1254472],[2581681,1253876],[2582503,1253810],[2582714,1253921],[2582907,1254010],[2583204,1254097],[2583451,1254190],[2583729,1254359],[2584785,1253890],[2585302,1253020],[2585476,1252455],[2585621,1252251],[2585956,1252528],[2586142,1252637],[2586492,1252749],[2586786,1252819],[2587035,1252900],[2587172,1252918],[2587373,1252997],[2587497,1253140],[2587674,1253335],[2587816,1253432],[2587886,1253537],[2588098,1253648],[2588177,1253791],[2588343,1253824],[2588526,1253833],[2588588,1253793],[2588672,1253791],[2588874,1253674],[2589038,1253654],[2589100,1253710],[2589210,1253866],[2589261,1253889],[2589376,1253900],[2589525,1253946],[2589617,1254038],[2589716,1254209],[2589882,1254238],[2590009,1254245],[2590161,1254232],[2590338,1254157],[2590524,1254151],[2590631,1254211],[2590736,1254222],[2590923,1254226],[2591045,1254220],[2591103,1254184],[2591243,1254239],[2591287,1254228],[2591424,1254293],[2591475,1254322],[2591550,1254359],[2591599,1254351],[2591636,1254226],[2591667,1254141],[2591623,1254060],[2591592,1253986],[2591542,1253947],[2591509,1253887],[2591458,1253817],[2591451,1253750],[2591481,1253697],[2591486,1253639],[2591512,1253558],[2591510,1253514],[2591820,1253368],[2592419,1253208],[2592631,1253151],[2592639,1253129],[2592627,1253073],[2592649,1252964],[2592874,1252629],[2593271,1252281],[2593813,1251971],[2594299,1251545],[2594965,1251454],[2595270,1251479]]]}},{"type":"Feature","properties":{"KANTONSNUM":24,"NAME":"Neuchâtel"},"geometry":{"type":"Polygon","coordinates":[[[2556006,1223989],[2556196,1224001],[2556605,1223312],[2557372,1221829],[2558285,1220163],[2558148,1219583],[2558067,1219255],[2557802,1218145],[2557451,1217453],[2556888,1216673],[2556743,1216034],[2556844,1215213],[2557600,1215619],[2558047,1215815],[2558541,1216168],[2559191,1216543],[2560224,1217075],[2561306,1217963],[2561876,1217649],[2562467,1217884],[2562822,1218013],[2563238,1218096],[2563532,1218166],[2564069,1218267],[2564337,1218286],[2564644,1218341],[2565094,1218432],[2565541,1218512],[2565931,1218602],[2566580,1218848],[2566992,1219128],[2567311,1219338],[2568166,1219299],[2568802,1219510],[2569007,1219668],[2569723,1219356],[2569170,1218838],[2568883,1218496],[2568586,1218119],[2569832,1217563],[2571503,1216574],[2572869,1214227],[2572565,1213923],[2572605,1213888],[2572661,1213823],[2572691,1213768],[2572771,1213699],[2572800,1213625],[2572821,1213561],[2572817,1213510],[2572816,1213458],[2572815,1213402],[2572806,1213341],[2572799,1213274],[2572792,1213212],[2572774,1213142],[2572779,1213064],[2572779,1212985],[2572806,1212899],[2572878,1212886],[2572960,1212904],[2572997,1212877],[2572951,1212846],[2572956,1212800],[2572906,1212747],[2572891,1212682],[2572974,1212668],[2573040,1212651],[2573088,1212605],[2573118,1212537],[2573220,1212423],[2573311,1212212],[2572469,1211138],[2572221,1210998],[2571957,1210764],[2571563,1210482],[2571221,1210439],[2570678,1210308],[2569675,1209579],[2569269,1209040],[2569173,1208624],[2569204,1207419],[2569000,1206739],[2568553,1206196],[2569413,1203321],[2554022,1193341],[2547468,1191349],[2546401,1191180],[2546163,1191041],[2546255,1191361],[2546425,1191530],[2546580,1191961],[2546704,1192247],[2546737,1192512],[2546803,1192718],[2546760,1192810],[2546657,1192822],[2546604,1192841],[2545752,1194783],[2545184,1195206],[2545335,1197443],[2545292,1198330],[2544350,1198189],[2542529,1197441],[2540121,1196044],[2539084,1194645],[2536773,1193241],[2535307,1192930],[2534133,1192504],[2533558,1192167],[2533011,1191815],[2532603,1191740],[2532226,1191576],[2531881,1191220],[2531448,1191042],[2531033,1190704],[2530759,1190316],[2530199,1189901],[2528824,1189477],[2528130,1189223],[2527640,1189049],[2525807,1189206],[2525615,1191969],[2525712,1193854],[2524055,1196757],[2523487,1198042],[2523726,1198176],[2524032,1198334],[2524993,1199100],[2525796,1200137],[2526477,1201101],[2527084,1201854],[2527882,1202588],[2528267,1202973],[2529357,1202249],[2529892,1202578],[2530457,1202717],[2531458,1202900],[2532908,1203453],[2533616,1203652],[2534369,1203982],[2535415,1204700],[2535768,1204892],[2536420,1204864],[2536640,1204767],[2537780,1204986],[2538769,1205548],[2540321,1208222],[2540488,1208450],[2540596,1208584],[2540668,1208677],[2540736,1208757],[2540849,1208846],[2541190,1209065],[2541615,1209325],[2541800,1209435],[2542129,1209645],[2542588,1209809],[2542806,1209877],[2543452,1209832],[2543985,1210234],[2545333,1211380],[2545329,1211490],[2545243,1211506],[2545145,1211535],[2545037,1211577],[2544967,1211600],[2544839,1211630],[2544749,1211697],[2544715,1211735],[2544684,1211811],[2544621,1211945],[2544580,1212057],[2544550,1212121],[2544540,1212154],[2544436,1212133],[2544359,1212187],[2544313,1212207],[2544292,1212221],[2544239,1212267],[2544179,1212263],[2544153,1212235],[2544026,1212217],[2543701,1212683],[2543484,1212747],[2543356,1212987],[2543394,1213372],[2543797,1213432],[2544051,1213608],[2544152,1213866],[2544383,1213970],[2544299,1214192],[2544483,1214461],[2544326,1214609],[2544100,1214778],[2544407,1214924],[2544568,1215077],[2544693,1215076],[2544905,1215286],[2544957,1215391],[2545142,1215552],[2545421,1215631],[2545709,1215681],[2545870,1215900],[2546035,1215815],[2546303,1215633],[2546655,1215676],[2546898,1215723],[2547121,1215852],[2547321,1216055],[2547451,1216456],[2547460,1216722],[2547334,1216920],[2547123,1217184],[2547022,1217427],[2547042,1217866],[2547307,1217853],[2547543,1217942],[2547739,1218167],[2547894,1218407],[2548169,1218590],[2548353,1218719],[2548604,1218880],[2549068,1219116],[2549422,1219155],[2549677,1219132],[2549888,1219333],[2550266,1219472],[2550872,1219724],[2551110,1219840],[2551398,1220001],[2551692,1220020],[2551981,1220156],[2552097,1220417],[2552177,1220689],[2552703,1220716],[2552853,1220910],[2553270,1221310],[2553534,1221581],[2553781,1221911],[2554058,1222018],[2554380,1222207],[2554565,1222319],[2554574,1222487],[2554611,1222684],[2554921,1222827],[2555354,1222998],[2555480,1223290],[2555863,1223707],[2555994,1223978],[2556006,1223989]]]}},{"type":"Feature","properties":{"KANTONSNUM":11,"NAME":"Solothurn"},"geometry":{"type":"Polygon","coordinates":[[[2639079,1256176],[2639182,1256186],[2639270,1256131],[2639338,1256186],[2639357,1256273],[2639357,1256350],[2639356,1256450],[2639404,1256516],[2639488,1256609],[2639564,1256688],[2639648,1256681],[2639752,1256775],[2639783,1256860],[2639843,1256963],[2639957,1257027],[2640089,1256866],[2640392,1256667],[2640492,1256426],[2640464,1255892],[2640658,1255660],[2640906,1255440],[2640995,1255128],[2641119,1254858],[2641127,1254402],[2641185,1253991],[2641309,1253744],[2641307,1253682],[2641245,1253606],[2641311,1253515],[2641354,1253424],[2641369,1253305],[2641298,1252743],[2641154,1252899],[2640708,1253014],[2640158,1252791],[2639681,1252576],[2640362,1252187],[2640588,1251927],[2640628,1251866],[2640714,1251801],[2640808,1251746],[2640830,1251701],[2640862,1251670],[2641011,1251560],[2641060,1251574],[2641108,1251584],[2641138,1251606],[2641194,1251619],[2641313,1251593],[2641446,1251538],[2641474,1251566],[2641518,1251595],[2641557,1251621],[2641588,1251576],[2641629,1251562],[2641624,1251485],[2641634,1251417],[2641668,1251373],[2641730,1251298],[2641887,1251290],[2641941,1251276],[2642036,1251234],[2642168,1251176],[2642266,1251169],[2642343,1251142],[2642452,1251123],[2642620,1251028],[2642667,1250989],[2642700,1250959],[2642760,1250873],[2642869,1250822],[2642928,1250741],[2642976,1250620],[2642995,1250592],[2642990,1250510],[2642998,1250473],[2643024,1250416],[2643047,1250351],[2643062,1250319],[2643066,1250260],[2643087,1250237],[2643124,1250214],[2643128,1250183],[2643133,1250143],[2643156,1250133],[2643148,1250073],[2643153,1250021],[2643147,1249962],[2643163,1249926],[2643163,1249822],[2643138,1249794],[2643132,1249712],[2643136,1249655],[2643122,1249587],[2643171,1249525],[2643249,1249491],[2643425,1249443],[2643572,1249510],[2643678,1249502],[2643861,1249412],[2644743,1248301],[2644723,1248004],[2644465,1246871],[2644466,1246763],[2644450,1246685],[2644435,1246644],[2644363,1246563],[2644302,1246440],[2644267,1246355],[2644257,1246301],[2644221,1246214],[2644013,1246106],[2643751,1245916],[2643617,1245643],[2643425,1245493],[2643213,1245291],[2642712,1243982],[2642821,1243031],[2642396,1242780],[2642081,1242629],[2641647,1242383],[2641486,1242126],[2641315,1242003],[2640780,1241770],[2640357,1241474],[2639686,1241256],[2639055,1241081],[2638522,1240895],[2638473,1241245],[2638565,1242204],[2637230,1242580],[2635764,1243217],[2635574,1243451],[2635501,1243551],[2635490,1243418],[2635487,1243339],[2635421,1243219],[2635129,1242885],[2634908,1242495],[2634704,1242089],[2634612,1241833],[2634593,1241478],[2634731,1241153],[2634689,1241044],[2634523,1240914],[2634323,1240700],[2634074,1240181],[2633334,1240187],[2632960,1240202],[2632857,1240169],[2632569,1239921],[2632297,1239778],[2632115,1239701],[2631923,1239527],[2631857,1239405],[2631741,1238941],[2631504,1238475],[2631303,1237862],[2630963,1237271],[2630698,1236697],[2630594,1236180],[2630251,1235735],[2629919,1235359],[2629478,1235132],[2628815,1234721],[2627741,1235058],[2627363,1235248],[2626305,1233968],[2625140,1235219],[2624075,1234194],[2623574,1234257],[2623028,1234112],[2622348,1234302],[2622125,1234471],[2621886,1234791],[2621676,1235051],[2621622,1235267],[2621682,1235418],[2621257,1235892],[2620904,1236133],[2620711,1235910],[2620472,1236288],[2620444,1236531],[2620370,1236637],[2620213,1236677],[2620082,1236818],[2620067,1237016],[2619990,1237131],[2619806,1237310],[2619283,1237564],[2618802,1237850],[2618477,1238054],[2618179,1237692],[2617922,1237569],[2617577,1237435],[2617360,1237540],[2617217,1237444],[2616753,1237304],[2616610,1237198],[2616366,1237033],[2616142,1236939],[2615862,1236810],[2615411,1236792],[2615076,1236794],[2614725,1236771],[2614350,1236776],[2613984,1236757],[2613615,1236731],[2612246,1236507],[2611272,1235395],[2611949,1234277],[2612011,1233465],[2612048,1232729],[2612248,1232558],[2612401,1232365],[2612570,1232421],[2612612,1232254],[2612854,1232076],[2612899,1231998],[2613005,1231930],[2613347,1231491],[2613493,1231404],[2613794,1230905],[2614205,1230616],[2614942,1230757],[2615190,1230292],[2615610,1229967],[2615825,1229858],[2615745,1229606],[2615801,1229197],[2616073,1228545],[2616951,1227804],[2617188,1227460],[2617425,1227224],[2617664,1227085],[2617865,1226540],[2617621,1225978],[2617872,1225946],[2618113,1225722],[2618048,1225233],[2617949,1224957],[2617829,1224833],[2617185,1224240],[2616244,1223515],[2616125,1222967],[2616171,1222813],[2616216,1222284],[2615847,1222096],[2615514,1222117],[2614880,1222501],[2614103,1222404],[2613452,1222825],[2613344,1222733],[2612834,1222445],[2611189,1221852],[2610805,1222746],[2610847,1223040],[2610529,1223433],[2609868,1223533],[2609672,1223673],[2609653,1223817],[2609031,1224091],[2608837,1223869],[2608537,1223695],[2608277,1223408],[2607944,1223361],[2607431,1223537],[2607074,1223589],[2606636,1223487],[2606610,1223468],[2606213,1223204],[2606357,1222940],[2606498,1222518],[2606864,1222215],[2606903,1222113],[2606583,1221853],[2606425,1221630],[2606379,1221266],[2605865,1220662],[2605706,1219905],[2605011,1219083],[2604553,1218941],[2603114,1218048],[2601835,1216964],[2602279,1215827],[2602676,1215391],[2602710,1215246],[2602760,1215057],[2602657,1214923],[2602584,1214834],[2602363,1214516],[2602145,1214201],[2602033,1214205],[2601926,1214186],[2601848,1214160],[2601778,1214158],[2601698,1214158],[2601549,1214111],[2601440,1214025],[2601072,1213858],[2600389,1213722],[2600140,1213870],[2600021,1213981],[2599736,1214489],[2599745,1214538],[2599735,1214579],[2599730,1214623],[2599704,1214653],[2599696,1214693],[2599684,1214741],[2599683,1214791],[2599680,1214828],[2599690,1214864],[2599673,1214916],[2599668,1214965],[2599675,1215009],[2599598,1215109],[2599581,1215281],[2599640,1215409],[2599898,1215900],[2599862,1216037],[2599836,1216130],[2599721,1216402],[2598607,1216519],[2597765,1215985],[2597030,1215874],[2596702,1215776],[2596266,1216016],[2595740,1216347],[2595458,1217119],[2595332,1217474],[2595025,1218001],[2594825,1218268],[2594921,1218453],[2595096,1218983],[2595524,1219225],[2595830,1219151],[2596126,1219371],[2596389,1218803],[2597373,1218529],[2597549,1218571],[2597971,1218838],[2598379,1218979],[2599160,1219153],[2599442,1219245],[2599647,1219635],[2599827,1219842],[2599380,1219820],[2599077,1220040],[2599032,1221008],[2600075,1221446],[2600123,1222024],[2601213,1222819],[2601894,1222441],[2602039,1222380],[2602262,1222273],[2602517,1222373],[2602929,1222560],[2603167,1222815],[2603878,1223370],[2604051,1223978],[2603819,1224636],[2603446,1224682],[2603066,1224906],[2603012,1225121],[2602879,1225152],[2602751,1225468],[2602768,1225785],[2602576,1226067],[2602832,1226290],[2602696,1226609],[2600844,1226514],[2600768,1225661],[2599909,1226009],[2599466,1225011],[2598323,1224035],[2596990,1223505],[2596364,1223325],[2596109,1223241],[2596072,1223176],[2595930,1223230],[2595817,1223279],[2595732,1223434],[2595690,1223616],[2595720,1223797],[2596458,1223925],[2595602,1225867],[2595462,1226076],[2594940,1226564],[2594718,1226626],[2594573,1226757],[2594456,1227059],[2593045,1228480],[2592561,1229632],[2593538,1229929],[2594379,1229970],[2595047,1230570],[2595583,1230877],[2595975,1231014],[2596259,1231115],[2596881,1231376],[2597331,1231660],[2597677,1232024],[2598148,1232182],[2598415,1232841],[2598312,1233473],[2598498,1233739],[2598887,1233854],[2599248,1233999],[2599653,1234256],[2599872,1234446],[2600092,1234625],[2600571,1234679],[2600863,1234675],[2601256,1234749],[2601673,1234844],[2601870,1234853],[2602075,1234887],[2602235,1235004],[2602373,1235188],[2602527,1235414],[2602681,1235795],[2602818,1236158],[2603080,1236492],[2603315,1236766],[2603426,1236897],[2603710,1237032],[2603963,1237155],[2604192,1237265],[2604270,1237356],[2604517,1237500],[2605055,1237754],[2605534,1237890],[2606159,1238110],[2606682,1238140],[2607129,1238188],[2607561,1238526],[2607641,1238840],[2607916,1239247],[2608223,1239810],[2608295,1240615],[2609456,1241282],[2609782,1241485],[2610055,1241816],[2610018,1242165],[2609623,1242750],[2609427,1243102],[2609207,1243522],[2608906,1243673],[2608391,1243912],[2608072,1244052],[2607695,1244067],[2607463,1244461],[2607667,1244828],[2607637,1245425],[2607477,1245465],[2607366,1245455],[2607155,1245500],[2607146,1245712],[2607033,1245728],[2606897,1245799],[2606831,1245790],[2606785,1245774],[2606708,1245801],[2606645,1245812],[2606572,1245845],[2606503,1245882],[2606446,1245912],[2606410,1245935],[2606355,1245985],[2606278,1246127],[2606427,1246436],[2606485,1246594],[2606423,1246807],[2606330,1246813],[2606223,1246805],[2606138,1246799],[2605856,1246816],[2605626,1246819],[2605235,1246818],[2604984,1246804],[2604507,1246766],[2603698,1246542],[2603502,1246584],[2603400,1246618],[2603188,1246686],[2603007,1246718],[2602878,1246686],[2602727,1246651],[2602531,1246632],[2602300,1246593],[2602103,1246605],[2601946,1246607],[2601594,1246685],[2601160,1246908],[2600376,1247538],[2599956,1248079],[2600260,1248626],[2600343,1248757],[2600346,1248798],[2600329,1248833],[2600343,1248876],[2600352,1248905],[2600339,1248961],[2600335,1249016],[2600331,1249087],[2600323,1249137],[2600313,1249195],[2600296,1249258],[2600290,1249312],[2600306,1249367],[2600314,1249420],[2600345,1249471],[2600324,1249528],[2600256,1249587],[2600207,1249680],[2600234,1249765],[2600248,1249817],[2600251,1249873],[2600254,1249988],[2600355,1250165],[2600428,1250128],[2600485,1249975],[2600645,1249870],[2600817,1249882],[2600908,1249985],[2600918,1250093],[2600829,1250284],[2601087,1250342],[2601339,1250264],[2601435,1250044],[2601740,1249997],[2601850,1250040],[2601894,1250162],[2602083,1250134],[2602393,1249975],[2602721,1249967],[2602843,1250000],[2602926,1250044],[2602924,1249942],[2602929,1249780],[2602909,1249692],[2602913,1249605],[2602880,1249479],[2602920,1249399],[2602921,1249313],[2602919,1249233],[2602950,1249137],[2602934,1249047],[2602951,1248996],[2602986,1248960],[2602990,1248895],[2603031,1248832],[2603084,1248764],[2603145,1248728],[2603194,1248679],[2603258,1248676],[2603355,1248704],[2603463,1248686],[2603571,1248465],[2603871,1248341],[2604246,1248237],[2604739,1248206],[2605066,1248432],[2605704,1248707],[2606248,1248934],[2606948,1250180],[2606979,1250431],[2606720,1250836],[2606985,1251329],[2609374,1251433],[2610720,1251552],[2610699,1251584],[2610671,1251648],[2610622,1251729],[2610596,1251814],[2610546,1251876],[2610401,1251967],[2610318,1252039],[2610151,1252076],[2610040,1252066],[2609940,1252183],[2609867,1252277],[2609849,1252324],[2609826,1252383],[2609777,1252418],[2609801,1252506],[2609782,1252562],[2609762,1252651],[2609748,1252719],[2609741,1252860],[2609788,1252973],[2609815,1253139],[2609843,1253335],[2609845,1253409],[2609817,1253505],[2609821,1253604],[2609833,1253696],[2609849,1253790],[2609831,1253903],[2609801,1253989],[2609938,1253993],[2610153,1253966],[2610335,1254004],[2610539,1253675],[2610669,1253433],[2610641,1253356],[2610621,1253283],[2612067,1253494],[2613374,1253736],[2613384,1254129],[2613413,1254752],[2613457,1255076],[2613574,1255296],[2613592,1255367],[2613637,1255438],[2613675,1255547],[2613723,1255808],[2613907,1256794],[2613738,1257271],[2613102,1257622],[2612607,1257719],[2612765,1258239],[2612649,1258452],[2612593,1258801],[2612635,1258910],[2612756,1259001],[2612827,1259179],[2612809,1259316],[2612797,1259852],[2612933,1259795],[2612966,1259832],[2613113,1259790],[2613218,1259839],[2613397,1259811],[2613806,1259622],[2614279,1259345],[2615174,1259159],[2615727,1259359],[2616336,1259621],[2616190,1259841],[2616336,1259961],[2616056,1260032],[2616092,1260584],[2616806,1260638],[2617154,1259903],[2617569,1259333],[2619025,1259013],[2619758,1258794],[2620301,1258016],[2620398,1257673],[2620335,1257662],[2620301,1257608],[2620224,1257568],[2620167,1257505],[2620140,1257433],[2620116,1257375],[2620086,1257341],[2620045,1257287],[2620051,1257253],[2619994,1257229],[2619974,1257160],[2619954,1257095],[2619883,1257021],[2619695,1256799],[2619690,1256740],[2619673,1256703],[2619658,1256650],[2619624,1256585],[2619609,1256526],[2619608,1256476],[2619626,1256420],[2619644,1256345],[2619650,1256249],[2619619,1256147],[2619521,1256085],[2619455,1256089],[2619420,1256058],[2619367,1256035],[2619276,1256034],[2619156,1255989],[2619106,1255942],[2619060,1255834],[2618995,1255735],[2618848,1255601],[2618583,1255228],[2618433,1254243],[2618440,1252735],[2616938,1251036],[2614769,1250394],[2614924,1248347],[2614931,1247772],[2615231,1247770],[2615313,1247504],[2615411,1247279],[2615429,1247012],[2615490,1246549],[2616397,1246383],[2618242,1246667],[2619889,1246879],[2620349,1246790],[2620728,1246713],[2621131,1246630],[2622036,1246001],[2623185,1244181],[2624592,1243582],[2625053,1243156],[2625181,1243187],[2625454,1243237],[2625567,1243214],[2625731,1243214],[2625942,1243243],[2626032,1243217],[2626196,1243177],[2626837,1243344],[2627126,1245056],[2627841,1245786],[2628134,1245845],[2628399,1245846],[2628586,1245855],[2628855,1245886],[2629089,1245974],[2629432,1246053],[2629645,1246137],[2629791,1246311],[2630060,1246874],[2630123,1246987],[2630323,1247181],[2630645,1247336],[2630805,1247380],[2631014,1247506],[2632051,1247992],[2632513,1247941],[2633240,1248169],[2633265,1248358],[2633245,1248427],[2633263,1248476],[2633294,1248554],[2633301,1248615],[2633284,1248660],[2633256,1248692],[2633209,1248717],[2633186,1248767],[2633112,1248822],[2633107,1248863],[2633074,1248926],[2632940,1248906],[2632848,1248902],[2632768,1248983],[2632717,1249026],[2633388,1250129],[2633578,1250429],[2633962,1250814],[2634795,1250172],[2634891,1250094],[2635565,1249851],[2635781,1250024],[2636090,1250144],[2636617,1250256],[2636747,1250354],[2636924,1250425],[2637155,1250566],[2637400,1250714],[2637458,1251336],[2637733,1251520],[2638115,1251643],[2638641,1251855],[2638839,1251823],[2638956,1251781],[2638922,1251954],[2639189,1252301],[2639481,1252468],[2639015,1252991],[2638583,1253561],[2638615,1253982],[2638349,1254766],[2638577,1255120],[2638746,1255402],[2638994,1255675],[2639133,1255799],[2639207,1255917],[2639145,1256103],[2639079,1256176]]]}},{"type":"Feature","properties":{"KANTONSNUM":8,"NAME":"Glarus"},"geometry":{"type":"Polygon","coordinates":[[[2709777,1185645],[2709639,1188019],[2709466,1188499],[2709344,1188840],[2709579,1189063],[2710051,1189268],[2710502,1189520],[2710839,1189623],[2711208,1189903],[2711469,1190255],[2711721,1190600],[2712134,1191033],[2712475,1190946],[2712909,1191106],[2713519,1191430],[2713856,1191569],[2714133,1191786],[2714434,1192004],[2714695,1192212],[2714894,1192299],[2715141,1192437],[2715652,1194369],[2715362,1195524],[2714975,1195667],[2714654,1196105],[2714183,1197203],[2714050,1197664],[2714114,1197657],[2714147,1197671],[2714186,1197744],[2714269,1197773],[2714273,1197801],[2714317,1197875],[2714403,1197903],[2714582,1197874],[2714598,1197885],[2714629,1197921],[2714710,1198011],[2714903,1198099],[2715021,1198255],[2715122,1198253],[2715140,1198255],[2715244,1198232],[2715498,1198331],[2715595,1198314],[2715674,1198291],[2715808,1198327],[2715892,1198375],[2716061,1198387],[2716161,1198675],[2715763,1199032],[2715724,1199279],[2715532,1199624],[2715479,1199764],[2715575,1199896],[2715704,1200393],[2715805,1200546],[2715813,1200631],[2715903,1200679],[2715914,1200729],[2715923,1200767],[2715928,1200850],[2715949,1200952],[2715960,1201054],[2715969,1201351],[2715987,1201415],[2716274,1201724],[2716419,1201827],[2716475,1201875],[2716518,1201906],[2716586,1201928],[2716586,1201948],[2716631,1201947],[2716644,1201998],[2716634,1202114],[2716513,1202113],[2716303,1202182],[2716083,1202225],[2715895,1202287],[2715820,1202279],[2715638,1202353],[2715454,1202435],[2715243,1202750],[2715181,1202769],[2715006,1202951],[2714958,1203001],[2714960,1203138],[2714850,1203033],[2713630,1204552],[2713763,1204611],[2714090,1204730],[2714142,1204746],[2714323,1204927],[2714309,1204967],[2714329,1205085],[2714325,1205145],[2714203,1205138],[2713933,1205187],[2713843,1205263],[2713829,1205269],[2713807,1205314],[2713746,1205393],[2713564,1205684],[2713460,1205976],[2713325,1206217],[2713230,1206301],[2712938,1206529],[2712876,1206607],[2712835,1206637],[2712772,1206656],[2712743,1206540],[2712677,1206587],[2712519,1206750],[2712496,1206793],[2712421,1206930],[2712415,1206985],[2712423,1207088],[2712351,1207223],[2712307,1207319],[2712243,1207347],[2712006,1207464],[2711946,1208146],[2711829,1208425],[2711512,1208557],[2711231,1208750],[2711157,1208783],[2711071,1208805],[2710926,1208761],[2710803,1208807],[2710706,1208850],[2710667,1208875],[2710653,1208892],[2710629,1208955],[2710562,1209053],[2711282,1209466],[2711246,1209884],[2711137,1210033],[2711168,1210186],[2711107,1210410],[2711113,1210547],[2711156,1210635],[2711226,1210706],[2711646,1210848],[2712006,1210870],[2712226,1210792],[2712375,1210755],[2712820,1210805],[2712931,1210935],[2713157,1211058],[2713171,1211079],[2713234,1211113],[2713290,1211146],[2713490,1211229],[2713656,1211270],[2713874,1211406],[2713986,1211597],[2714064,1211713],[2714182,1211831],[2714469,1211979],[2714711,1212082],[2714746,1212288],[2714801,1212659],[2714793,1212916],[2714828,1213054],[2714911,1213325],[2715030,1213559],[2715086,1213686],[2715129,1213761],[2715251,1213857],[2715431,1214139],[2715547,1214421],[2715702,1214869],[2715899,1215248],[2716041,1215488],[2716112,1215632],[2716533,1215978],[2716710,1216072],[2716530,1216232],[2716053,1216293],[2715723,1216442],[2715365,1216531],[2715176,1216628],[2715043,1216886],[2715256,1217263],[2715316,1217420],[2715554,1217724],[2715827,1217915],[2716185,1218076],[2716254,1218466],[2716308,1218904],[2716396,1219172],[2716298,1219710],[2716180,1219727],[2716155,1219738],[2716102,1219768],[2715834,1220153],[2715876,1220319],[2715922,1220482],[2715959,1220521],[2715987,1220594],[2716014,1220660],[2716008,1220707],[2716025,1220791],[2716032,1220847],[2716057,1220945],[2716081,1221005],[2716124,1221098],[2716076,1221168],[2716072,1221205],[2716055,1221283],[2716050,1221326],[2716035,1221375],[2716035,1221418],[2716064,1221447],[2716048,1221663],[2716353,1222050],[2716518,1222390],[2717874,1224814],[2718518,1225631],[2722518,1222176],[2723235,1221580],[2723433,1221327],[2723650,1221161],[2723839,1221171],[2724526,1221270],[2725488,1221403],[2726091,1221576],[2726163,1221585],[2726339,1221483],[2726659,1221384],[2727018,1221494],[2732818,1219742],[2732834,1219625],[2732912,1219219],[2732859,1218973],[2732795,1218819],[2732851,1218701],[2732842,1218607],[2732822,1218459],[2732780,1218369],[2732732,1218308],[2732691,1218201],[2732702,1218117],[2732660,1218023],[2732678,1217842],[2732703,1217694],[2732767,1217446],[2732860,1217223],[2732994,1217050],[2732963,1216827],[2732922,1216580],[2732900,1216299],[2733056,1215575],[2733057,1215144],[2733163,1215096],[2733142,1215043],[2733148,1214994],[2732814,1214190],[2732638,1213914],[2732661,1213837],[2732633,1213756],[2732550,1213511],[2732456,1213380],[2732280,1213250],[2732093,1213012],[2731886,1212780],[2731551,1212636],[2731520,1212593],[2731482,1212469],[2731353,1212376],[2731101,1212407],[2730862,1212357],[2730579,1212197],[2730325,1212130],[2730038,1211929],[2730599,1210201],[2730954,1210118],[2731171,1209962],[2731269,1209893],[2731379,1209873],[2731576,1209849],[2731911,1210068],[2732118,1209963],[2732157,1209896],[2732248,1209833],[2732439,1209813],[2732638,1209915],[2732697,1209968],[2732764,1210004],[2732887,1210103],[2732971,1210146],[2733057,1210221],[2733132,1210277],[2733306,1210412],[2733384,1210461],[2733502,1210580],[2733630,1210627],[2733798,1210728],[2733870,1210781],[2734111,1210821],[2734203,1210802],[2734277,1210837],[2734374,1210909],[2734494,1210930],[2734647,1210863],[2734765,1210789],[2734827,1210715],[2734957,1210653],[2735059,1210619],[2735123,1210628],[2735194,1210649],[2735302,1210635],[2735477,1210601],[2735590,1210509],[2735716,1210426],[2735867,1210260],[2735973,1210189],[2736029,1210131],[2736048,1209987],[2736127,1209929],[2736202,1209847],[2736410,1209754],[2736586,1209676],[2736656,1209669],[2736665,1209491],[2736766,1209363],[2736857,1209270],[2736862,1209225],[2736869,1209184],[2736946,1209091],[2737092,1208821],[2737135,1208743],[2737172,1208657],[2737134,1208431],[2737144,1208190],[2737149,1208072],[2737172,1207942],[2737193,1207855],[2737220,1207743],[2737249,1207657],[2737307,1207594],[2737349,1207424],[2737399,1207392],[2737454,1207318],[2737502,1207208],[2737589,1207088],[2737726,1206603],[2737456,1206173],[2737466,1205892],[2737527,1205657],[2737434,1205372],[2737316,1205058],[2737452,1204734],[2737563,1204364],[2737376,1203813],[2737307,1203353],[2737340,1203043],[2737483,1202684],[2737464,1202180],[2736859,1201731],[2736870,1201396],[2736858,1201019],[2737005,1200608],[2737096,1200343],[2737323,1200143],[2737763,1199902],[2737976,1199592],[2738034,1199316],[2738075,1199122],[2738103,1198819],[2738065,1198467],[2737893,1197882],[2737710,1197574],[2737474,1197267],[2737312,1196968],[2737227,1196795],[2736960,1196831],[2736742,1196749],[2736542,1196623],[2736359,1196567],[2736204,1196404],[2736099,1196202],[2735958,1195900],[2735806,1195636],[2735667,1195440],[2735547,1195259],[2735384,1195101],[2735269,1194932],[2734911,1194518],[2734698,1194354],[2734591,1194052],[2734401,1193901],[2734254,1193696],[2734096,1193670],[2733843,1193537],[2733607,1193449],[2733458,1193329],[2733383,1193230],[2732883,1193418],[2730966,1193488],[2730757,1193485],[2730913,1192830],[2730800,1192741],[2730655,1192661],[2730530,1192682],[2730382,1192665],[2730303,1192614],[2730251,1192559],[2730182,1192495],[2730105,1192403],[2730047,1192302],[2730054,1192203],[2730042,1192110],[2729965,1192042],[2729894,1191941],[2729841,1191870],[2729849,1191761],[2729777,1191706],[2729763,1191633],[2729770,1191508],[2729299,1191318],[2729226,1191248],[2729134,1191227],[2729027,1191229],[2728917,1191169],[2728840,1191128],[2728731,1190868],[2728683,1190819],[2728626,1190757],[2728518,1190741],[2728398,1190676],[2728304,1190694],[2728208,1190673],[2728121,1190608],[2728013,1190514],[2727979,1190459],[2727839,1190409],[2727721,1190287],[2727676,1190240],[2727616,1190186],[2726954,1191186],[2726357,1191974],[2726277,1192011],[2726247,1192077],[2726224,1192229],[2726246,1192326],[2726240,1192412],[2726116,1192432],[2726019,1192474],[2725880,1192504],[2725739,1192549],[2725641,1192566],[2725571,1192563],[2725477,1192559],[2725369,1192644],[2725264,1192681],[2725172,1192706],[2725070,1192738],[2725001,1192790],[2724906,1192843],[2724824,1192865],[2724743,1192873],[2724662,1192850],[2724589,1192866],[2724498,1192879],[2724391,1192843],[2724265,1192814],[2724181,1192820],[2724112,1192826],[2723994,1192821],[2723337,1192232],[2722910,1191970],[2722487,1191681],[2722452,1190813],[2722589,1190086],[2722144,1189721],[2721904,1189279],[2721682,1188792],[2721717,1188435],[2721211,1187758],[2718923,1185551],[2718245,1185295],[2717836,1185212],[2717441,1185206],[2716973,1185119],[2716537,1185054],[2715922,1184827],[2715620,1184877],[2715404,1184608],[2715036,1184567],[2714726,1184385],[2714519,1184214],[2714156,1184105],[2713761,1183931],[2713627,1183983],[2713194,1184075],[2712941,1184145],[2712695,1184280],[2712578,1184447],[2712667,1184708],[2712717,1184854],[2712685,1184973],[2712639,1185249],[2712619,1185301],[2712493,1185520],[2712280,1185433],[2712004,1185440],[2711529,1185628],[2711402,1185822],[2710941,1185725],[2710645,1185829],[2710181,1185772],[2709952,1185693],[2709777,1185645]]]}},{"type":"Feature","properties":{"KANTONSNUM":13,"NAME":"Basel-Landschaft"},"geometry":{"type":"Polygon","coordinates":[[[2639079,1256176],[2639145,1256103],[2639207,1255917],[2639133,1255799],[2638994,1255675],[2638746,1255402],[2638577,1255120],[2638349,1254766],[2638615,1253982],[2638583,1253561],[2639015,1252991],[2639481,1252468],[2639189,1252301],[2638922,1251954],[2638956,1251781],[2638839,1251823],[2638641,1251855],[2638115,1251643],[2637733,1251520],[2637458,1251336],[2637400,1250714],[2637155,1250566],[2636924,1250425],[2636747,1250354],[2636617,1250256],[2636090,1250144],[2635781,1250024],[2635565,1249851],[2634891,1250094],[2634795,1250172],[2633962,1250814],[2633578,1250429],[2633388,1250129],[2632717,1249026],[2632768,1248983],[2632848,1248902],[2632940,1248906],[2633074,1248926],[2633107,1248863],[2633112,1248822],[2633186,1248767],[2633209,1248717],[2633256,1248692],[2633284,1248660],[2633301,1248615],[2633294,1248554],[2633263,1248476],[2633245,1248427],[2633265,1248358],[2633240,1248169],[2632513,1247941],[2632051,1247992],[2631014,1247506],[2630805,1247380],[2630645,1247336],[2630323,1247181],[2630123,1246987],[2630060,1246874],[2629791,1246311],[2629645,1246137],[2629432,1246053],[2629089,1245974],[2628855,1245886],[2628586,1245855],[2628399,1245846],[2628134,1245845],[2627841,1245786],[2627126,1245056],[2626837,1243344],[2626196,1243177],[2626032,1243217],[2625942,1243243],[2625731,1243214],[2625567,1243214],[2625454,1243237],[2625181,1243187],[2625053,1243156],[2624592,1243582],[2623185,1244181],[2622036,1246001],[2621131,1246630],[2620728,1246713],[2620349,1246790],[2619889,1246879],[2618242,1246667],[2616397,1246383],[2615490,1246549],[2615429,1247012],[2615411,1247279],[2615313,1247504],[2615231,1247770],[2614931,1247772],[2614924,1248347],[2614769,1250394],[2616938,1251036],[2618440,1252735],[2618433,1254243],[2618583,1255228],[2618848,1255601],[2618995,1255735],[2619060,1255834],[2619106,1255942],[2619156,1255989],[2619276,1256034],[2619367,1256035],[2619420,1256058],[2619455,1256089],[2619521,1256085],[2619619,1256147],[2619650,1256249],[2619644,1256345],[2619626,1256420],[2619608,1256476],[2619609,1256526],[2619624,1256585],[2619658,1256650],[2619673,1256703],[2619690,1256740],[2619695,1256799],[2619883,1257021],[2619954,1257095],[2619974,1257160],[2619994,1257229],[2620051,1257253],[2620045,1257287],[2620086,1257341],[2620116,1257375],[2620140,1257433],[2620167,1257505],[2620224,1257568],[2620301,1257608],[2620335,1257662],[2620398,1257673],[2620301,1258016],[2619758,1258794],[2619025,1259013],[2617569,1259333],[2617154,1259903],[2616806,1260638],[2616092,1260584],[2616056,1260032],[2616336,1259961],[2616190,1259841],[2616336,1259621],[2615727,1259359],[2615174,1259159],[2614279,1259345],[2613806,1259622],[2613397,1259811],[2613218,1259839],[2613113,1259790],[2612966,1259832],[2612933,1259795],[2612797,1259852],[2612809,1259316],[2612827,1259179],[2612756,1259001],[2612635,1258910],[2612593,1258801],[2612649,1258452],[2612765,1258239],[2612607,1257719],[2613102,1257622],[2613738,1257271],[2613907,1256794],[2613723,1255808],[2613675,1255547],[2613637,1255438],[2613592,1255367],[2613574,1255296],[2613457,1255076],[2613413,1254752],[2613384,1254129],[2613374,1253736],[2612067,1253494],[2610621,1253283],[2610641,1253356],[2610669,1253433],[2610539,1253675],[2610335,1254004],[2610153,1253966],[2609938,1253993],[2609801,1253989],[2609831,1253903],[2609849,1253790],[2609833,1253696],[2609821,1253604],[2609817,1253505],[2609845,1253409],[2609843,1253335],[2609815,1253139],[2609788,1252973],[2609741,1252860],[2609748,1252719],[2609762,1252651],[2609782,1252562],[2609801,1252506],[2609777,1252418],[2609826,1252383],[2609849,1252324],[2609867,1252277],[2609940,1252183],[2610040,1252066],[2610151,1252076],[2610318,1252039],[2610401,1251967],[2610546,1251876],[2610596,1251814],[2610622,1251729],[2610671,1251648],[2610699,1251584],[2610720,1251552],[2609374,1251433],[2606985,1251329],[2606720,1250836],[2606979,1250431],[2606948,1250180],[2606248,1248934],[2605704,1248707],[2605066,1248432],[2604739,1248206],[2604246,1248237],[2603871,1248341],[2603571,1248465],[2603463,1248686],[2603355,1248704],[2603258,1248676],[2603194,1248679],[2603145,1248728],[2603084,1248764],[2603031,1248832],[2602990,1248895],[2602986,1248960],[2602951,1248996],[2602934,1249047],[2602950,1249137],[2602919,1249233],[2602921,1249313],[2602920,1249399],[2602880,1249479],[2602913,1249605],[2602909,1249692],[2602929,1249780],[2602924,1249942],[2602926,1250044],[2602843,1250000],[2602721,1249967],[2602393,1249975],[2602083,1250134],[2601894,1250162],[2601850,1250040],[2601740,1249997],[2601435,1250044],[2601339,1250264],[2601087,1250342],[2600829,1250284],[2600918,1250093],[2600908,1249985],[2600817,1249882],[2600645,1249870],[2600485,1249975],[2600428,1250128],[2600355,1250165],[2600254,1249988],[2600251,1249873],[2600248,1249817],[2600234,1249765],[2600207,1249680],[2600256,1249587],[2600324,1249528],[2600345,1249471],[2600314,1249420],[2600306,1249367],[2600290,1249312],[2600296,1249258],[2600313,1249195],[2600323,1249137],[2600331,1249087],[2600335,1249016],[2600339,1248961],[2600352,1248905],[2600343,1248876],[2600329,1248833],[2600346,1248798],[2600343,1248757],[2600260,1248626],[2599956,1248079],[2599156,1247628],[2597964,1247751],[2598110,1248735],[2598197,1249248],[2598149,1249296],[2598066,1249328],[2597991,1249326],[2597912,1249321],[2597771,1249357],[2597650,1249360],[2597484,1249385],[2597380,1249460],[2597190,1249550],[2597117,1249561],[2596777,1250286],[2596157,1250376],[2595921,1251060],[2595620,1251321],[2595394,1251475],[2595712,1251389],[2596097,1251445],[2596322,1251424],[2596528,1251384],[2596774,1251352],[2597006,1251292],[2597323,1251226],[2597663,1251153],[2597962,1251158],[2598335,1251140],[2598560,1251141],[2598993,1251386],[2599278,1251504],[2599626,1251416],[2599823,1251344],[2599997,1251334],[2600141,1251379],[2600388,1251404],[2600604,1251488],[2600876,1251858],[2600948,1252288],[2601210,1252740],[2601142,1253226],[2600999,1253556],[2600344,1254485],[2600005,1254823],[2599005,1254722],[2598932,1255459],[2599259,1255900],[2599455,1256509],[2600315,1256729],[2600557,1256568],[2601005,1255769],[2601737,1255597],[2602612,1256008],[2603197,1256103],[2603628,1256348],[2604118,1256476],[2604857,1256486],[2605370,1256435],[2605944,1256697],[2606850,1257182],[2606696,1258130],[2607123,1258618],[2607392,1259370],[2607076,1260525],[2606788,1260728],[2606676,1260721],[2606591,1260711],[2606344,1260678],[2606127,1260674],[2605754,1260783],[2605412,1261323],[2605249,1262149],[2604555,1262840],[2604718,1263012],[2605289,1262829],[2606005,1262764],[2606408,1262986],[2606974,1264163],[2606631,1264686],[2606594,1264662],[2606555,1264620],[2606518,1264605],[2606497,1264598],[2606214,1264797],[2605432,1264254],[2604662,1264380],[2604560,1265490],[2604605,1265485],[2604656,1265537],[2604705,1265600],[2604766,1265650],[2604792,1265675],[2604828,1265720],[2604868,1265748],[2604940,1265822],[2604942,1265861],[2604963,1265889],[2605005,1265932],[2605049,1265973],[2605147,1266011],[2605193,1266024],[2605249,1266040],[2605301,1266066],[2605324,1266127],[2606269,1266471],[2607199,1267141],[2608359,1267974],[2609481,1267377],[2609094,1266004],[2609309,1266061],[2609975,1266010],[2610649,1265911],[2611076,1265389],[2611070,1265270],[2611095,1265214],[2610907,1264758],[2610983,1264504],[2611089,1264293],[2611290,1264177],[2611367,1264124],[2611350,1263591],[2611458,1263224],[2612379,1264042],[2612566,1264410],[2612843,1264935],[2612982,1265040],[2613098,1265142],[2613133,1265324],[2613212,1265422],[2613460,1265523],[2613524,1265578],[2613843,1265761],[2613863,1266634],[2613738,1266846],[2613519,1267024],[2613471,1267156],[2613489,1267353],[2613473,1267564],[2614518,1267900],[2614797,1267812],[2614971,1267698],[2615260,1267380],[2615590,1266823],[2615723,1266574],[2615847,1266426],[2615981,1266315],[2616167,1266239],[2616709,1266098],[2616796,1265983],[2617071,1265270],[2617351,1264990],[2617954,1264751],[2618342,1264683],[2619294,1264675],[2619674,1264848],[2620181,1265179],[2621103,1265078],[2621193,1265062],[2621218,1264989],[2621274,1265016],[2621359,1265051],[2621400,1265112],[2621518,1265106],[2621543,1265008],[2621613,1264943],[2621608,1264852],[2621660,1264788],[2621707,1264743],[2621779,1264761],[2621850,1264746],[2621909,1264709],[2621967,1264683],[2622028,1264692],[2622103,1264705],[2622190,1264707],[2622215,1264659],[2622204,1264624],[2622242,1264554],[2622319,1264455],[2622325,1264352],[2622362,1264302],[2622425,1264238],[2622467,1264194],[2622509,1264151],[2622523,1264127],[2622575,1264117],[2622735,1264063],[2623118,1263938],[2623283,1263940],[2623444,1263868],[2623525,1263915],[2623648,1263937],[2623748,1263902],[2623862,1263900],[2623963,1263943],[2624043,1263973],[2624091,1263911],[2624185,1263904],[2624249,1263888],[2624308,1263890],[2624369,1263893],[2624416,1263847],[2624513,1263833],[2624615,1263831],[2624685,1263807],[2624753,1263776],[2624840,1263731],[2624956,1263698],[2625061,1263680],[2625148,1263659],[2625241,1263621],[2625357,1263584],[2625422,1263567],[2625511,1263537],[2625652,1263481],[2625800,1263430],[2625873,1263366],[2625932,1263328],[2626053,1263354],[2626135,1263369],[2626185,1263367],[2626222,1263352],[2626288,1263323],[2626363,1263248],[2626428,1263211],[2626475,1263138],[2626452,1263071],[2626477,1262958],[2626483,1262881],[2626446,1262819],[2626385,1262758],[2626362,1262725],[2626327,1262677],[2626298,1262633],[2626300,1262606],[2626299,1262581],[2626311,1262548],[2626326,1262519],[2626347,1262460],[2626380,1262388],[2626401,1262299],[2626597,1261439],[2626609,1260956],[2626389,1260532],[2626468,1260375],[2626812,1260673],[2627098,1260582],[2627020,1260879],[2627159,1260841],[2627328,1260807],[2627702,1260742],[2628162,1261267],[2628466,1261696],[2628874,1262065],[2628984,1262119],[2629561,1262724],[2629716,1263191],[2629747,1263971],[2629742,1264031],[2629791,1264465],[2629839,1264649],[2629720,1264861],[2630092,1264912],[2630593,1264733],[2631341,1264904],[2631384,1264833],[2631528,1264804],[2631932,1263981],[2632450,1263265],[2632894,1263688],[2632944,1263370],[2632878,1263076],[2632894,1263031],[2632905,1262655],[2633225,1262464],[2634148,1261909],[2634316,1261781],[2634345,1261408],[2634673,1260988],[2635129,1260262],[2635691,1259435],[2636002,1259278],[2636480,1259195],[2636871,1259152],[2637059,1259172],[2637304,1259090],[2637572,1259202],[2638229,1259533],[2638298,1259425],[2638154,1259060],[2638148,1258730],[2638121,1258490],[2638060,1258132],[2637992,1257732],[2637878,1257225],[2638123,1257027],[2638489,1257057],[2638764,1256849],[2639138,1256565],[2639069,1256339],[2639079,1256176]]]}},{"type":"Feature","properties":{"KANTONSNUM":6,"NAME":"Obwalden"},"geometry":{"type":"Polygon","coordinates":[[[2646449,1181951],[2646904,1182391],[2647187,1182746],[2647066,1183084],[2647322,1183465],[2647759,1183996],[2647753,1184123],[2647766,1184248],[2647746,1184333],[2647504,1184782],[2647338,1185086],[2647161,1185409],[2647050,1185625],[2646820,1186080],[2646402,1186651],[2646269,1187100],[2646045,1187437],[2646310,1188294],[2646760,1188563],[2647084,1188939],[2647260,1189247],[2647182,1189616],[2647245,1189786],[2647572,1189864],[2647816,1190021],[2647845,1190571],[2647966,1190890],[2648128,1191199],[2648232,1191636],[2648144,1192153],[2648075,1192516],[2648031,1193305],[2648646,1194231],[2649122,1194544],[2649405,1195324],[2649981,1195760],[2650583,1195521],[2651038,1195459],[2650922,1194926],[2651045,1193917],[2651289,1193777],[2651568,1194355],[2651729,1194828],[2652020,1195308],[2652301,1195897],[2652600,1196376],[2652962,1196949],[2653409,1197211],[2653824,1197642],[2654417,1198151],[2654836,1198503],[2655099,1198666],[2655259,1198863],[2655062,1199406],[2654261,1200771],[2654148,1200895],[2654197,1201004],[2654566,1201173],[2654527,1201285],[2654827,1201368],[2655461,1201831],[2656165,1202194],[2656973,1202569],[2658774,1202161],[2659997,1202318],[2660283,1202774],[2660660,1202912],[2661033,1202814],[2661364,1202956],[2661772,1203281],[2661915,1203421],[2662186,1203490],[2662569,1203580],[2662618,1203434],[2662853,1203362],[2663216,1203423],[2663806,1203235],[2664059,1203179],[2664151,1203095],[2664261,1203113],[2664359,1203101],[2664593,1203106],[2664683,1203130],[2664889,1203169],[2665132,1203233],[2665345,1203294],[2665488,1203297],[2665598,1203303],[2665810,1203248],[2665985,1203188],[2666042,1203136],[2666086,1203126],[2666123,1202848],[2666196,1202764],[2666225,1202735],[2666254,1202675],[2666199,1200614],[2666165,1200382],[2665884,1200168],[2665720,1200018],[2665594,1199925],[2665457,1199794],[2665305,1199509],[2665048,1199196],[2664858,1198813],[2664716,1198520],[2665019,1198278],[2665539,1198065],[2665668,1197971],[2665662,1197897],[2665739,1197818],[2665934,1197677],[2666006,1197608],[2666077,1197588],[2666139,1197543],[2666384,1197412],[2666928,1197471],[2667319,1197512],[2667524,1197602],[2668501,1197972],[2668742,1197627],[2668672,1197375],[2668694,1197112],[2668623,1196932],[2668677,1196727],[2668865,1195996],[2668443,1195264],[2668436,1194894],[2668555,1194489],[2668556,1193998],[2668492,1193543],[2668269,1193292],[2668159,1193066],[2668174,1192703],[2667861,1192053],[2667962,1191476],[2668127,1191210],[2668263,1190898],[2668316,1190402],[2668040,1189437],[2667850,1188726],[2667995,1188237],[2668198,1187342],[2668378,1187062],[2668253,1186536],[2667989,1186392],[2667778,1186290],[2667556,1186080],[2667412,1185920],[2667533,1185784],[2667625,1185446],[2667736,1185300],[2668087,1185024],[2668245,1184780],[2668484,1184567],[2669075,1184011],[2669141,1183600],[2669517,1183287],[2669887,1183075],[2670335,1182940],[2670736,1182675],[2670987,1182271],[2670667,1182083],[2670026,1181690],[2668181,1181315],[2667757,1180873],[2665682,1179370],[2665489,1179063],[2664817,1178588],[2664434,1178437],[2663918,1178537],[2663540,1178486],[2663278,1178725],[2663047,1179043],[2662697,1179509],[2662122,1179755],[2661761,1179916],[2661394,1180024],[2660726,1179256],[2660300,1179170],[2659567,1179467],[2658867,1179945],[2658105,1180014],[2656070,1179538],[2655571,1179450],[2655450,1179390],[2655347,1179158],[2655233,1179135],[2655020,1178987],[2654968,1178940],[2654261,1178617],[2653758,1178755],[2653532,1178920],[2653392,1179075],[2652951,1179519],[2652686,1179756],[2652447,1179938],[2651917,1180200],[2651397,1180496],[2650654,1180576],[2650170,1181217],[2649824,1181633],[2649639,1182026],[2648539,1181876],[2647818,1181969],[2646449,1181951]]]}},{"type":"Feature","properties":{"KANTONSNUM":7,"NAME":"Nidwalden"},"geometry":{"type":"Polygon","coordinates":[[[2678717,1189819],[2678380,1189877],[2678127,1189861],[2677904,1189823],[2677295,1189703],[2676861,1189676],[2676444,1189593],[2676048,1189454],[2675698,1189312],[2675257,1189389],[2674938,1189440],[2674743,1189606],[2674830,1189944],[2674754,1190359],[2674672,1190746],[2674408,1191032],[2674299,1191374],[2673643,1190874],[2673064,1190705],[2672830,1190422],[2672662,1190133],[2672278,1189886],[2672179,1189747],[2671348,1189065],[2671425,1189511],[2671394,1189922],[2671633,1190528],[2671978,1190805],[2672126,1190971],[2671942,1191169],[2671889,1191330],[2671803,1191518],[2671849,1191682],[2671731,1191874],[2671509,1191903],[2671195,1191859],[2671030,1191622],[2670951,1191334],[2670928,1191120],[2670852,1191084],[2670760,1191101],[2670631,1191090],[2670563,1191069],[2670507,1190810],[2670403,1190620],[2670389,1190496],[2670451,1190407],[2670535,1190267],[2670666,1190225],[2670821,1190225],[2670939,1190211],[2671089,1190180],[2671089,1189429],[2670965,1189236],[2670924,1189115],[2670985,1188922],[2670995,1188744],[2671066,1188221],[2671109,1187969],[2671098,1187630],[2671200,1187299],[2671374,1187078],[2671411,1186912],[2671471,1186799],[2671547,1186676],[2671552,1186524],[2671586,1186425],[2671602,1186341],[2671624,1186272],[2671642,1186195],[2671617,1186105],[2671576,1185993],[2671508,1185879],[2671486,1185831],[2671513,1185687],[2671463,1185564],[2671372,1185432],[2671776,1185318],[2671983,1185217],[2672268,1185113],[2672457,1184988],[2672489,1184809],[2672498,1184662],[2672225,1184049],[2672489,1183889],[2673131,1183144],[2673667,1182996],[2673869,1182794],[2674159,1182575],[2674821,1182479],[2674902,1182198],[2675092,1181981],[2675329,1181524],[2672744,1181177],[2672060,1181453],[2671924,1181675],[2671734,1181978],[2671495,1182115],[2671124,1182319],[2670844,1182596],[2670493,1182861],[2669979,1183026],[2669638,1183235],[2669189,1183598],[2669095,1183936],[2668552,1184498],[2668286,1184723],[2668158,1184975],[2667764,1185228],[2667661,1185432],[2667506,1185696],[2667416,1185895],[2667477,1186047],[2667681,1186258],[2667945,1186362],[2668188,1186486],[2668406,1186896],[2668401,1187333],[2668060,1188177],[2667873,1188634],[2668033,1189319],[2668038,1189891],[2668294,1190818],[2668220,1191193],[2668011,1191383],[2667906,1191679],[2668059,1192544],[2668153,1192997],[2668250,1193261],[2668424,1193471],[2668558,1193834],[2668574,1194385],[2668478,1194810],[2668432,1195123],[2668754,1195683],[2668764,1196666],[2668554,1196809],[2668683,1197047],[2668639,1197303],[2668718,1197591],[2668663,1197822],[2667569,1197616],[2667384,1197532],[2667145,1197495],[2666540,1197490],[2666229,1197523],[2666093,1197581],[2666015,1197602],[2665967,1197656],[2665817,1197762],[2665672,1197881],[2665657,1197943],[2665603,1198042],[2665125,1198226],[2664701,1198438],[2664795,1198709],[2664972,1199095],[2665241,1199432],[2665437,1199769],[2665559,1199909],[2665682,1200000],[2665841,1200137],[2666051,1200304],[2666237,1200567],[2666302,1202509],[2666231,1202732],[2666203,1202744],[2666128,1202844],[2666077,1202923],[2666056,1203143],[2666004,1203175],[2665831,1203233],[2665641,1203315],[2665519,1203281],[2665386,1203287],[2665201,1203261],[2664954,1203193],[2664701,1203132],[2664606,1203105],[2664428,1203134],[2664305,1203097],[2664161,1203093],[2664118,1203154],[2663911,1203211],[2663474,1203389],[2662940,1203371],[2662666,1203363],[2662579,1203560],[2662430,1203545],[2661960,1203482],[2661812,1203324],[2661437,1203005],[2661066,1202843],[2660788,1202865],[2660350,1202769],[2660010,1202853],[2659825,1202960],[2659537,1203239],[2659423,1203381],[2659320,1203615],[2659451,1203801],[2659537,1203928],[2659631,1204101],[2659709,1204231],[2659779,1204375],[2659869,1204521],[2659975,1204701],[2660048,1204892],[2660924,1204580],[2661748,1204658],[2662477,1205350],[2663465,1205515],[2664074,1205331],[2664498,1205196],[2664891,1205328],[2665107,1205578],[2665193,1205589],[2665319,1205565],[2665444,1205596],[2665666,1205603],[2665914,1205565],[2666186,1205590],[2666346,1205601],[2668146,1204605],[2671905,1205821],[2672061,1205705],[2672291,1205780],[2672616,1205885],[2672746,1205929],[2672858,1205967],[2672967,1205925],[2673120,1205867],[2673212,1205875],[2673359,1205881],[2673456,1205865],[2673601,1205885],[2673700,1205871],[2673718,1205860],[2673796,1205836],[2673882,1205823],[2673996,1205765],[2674139,1205708],[2674307,1205720],[2674817,1205706],[2675034,1205703],[2675154,1205870],[2675221,1207825],[2685423,1204561],[2686436,1204211],[2686432,1204152],[2686395,1204073],[2686373,1204027],[2686340,1203976],[2686311,1203915],[2686265,1203825],[2686197,1203766],[2686154,1203698],[2686101,1203602],[2686069,1203526],[2686032,1203447],[2685982,1203371],[2685778,1203202],[2685507,1202618],[2685358,1202221],[2685111,1202000],[2684966,1201836],[2685052,1201549],[2685032,1200659],[2685149,1199971],[2685096,1199725],[2685043,1199539],[2685263,1199368],[2685092,1199292],[2684607,1199293],[2684238,1199063],[2684394,1198626],[2684369,1198445],[2684270,1198281],[2684148,1197993],[2683961,1197847],[2683537,1197673],[2683197,1197509],[2682995,1197480],[2682700,1197431],[2682410,1197429],[2682219,1197076],[2682025,1196924],[2681789,1196795],[2681391,1196567],[2681063,1196474],[2680878,1196656],[2680531,1196852],[2680266,1196903],[2679914,1196898],[2679653,1196276],[2679482,1195950],[2679290,1195736],[2679023,1195657],[2678832,1195580],[2678430,1195387],[2678229,1195390],[2677929,1194956],[2677772,1194771],[2677788,1194561],[2678147,1194537],[2678431,1194552],[2678616,1194315],[2678781,1194150],[2678858,1193968],[2678970,1193645],[2679111,1193414],[2679176,1192798],[2679003,1192656],[2678858,1192503],[2678407,1192193],[2678436,1191938],[2678634,1191635],[2678737,1191268],[2678656,1191036],[2678570,1190775],[2678547,1190574],[2678542,1190346],[2678721,1189961],[2678717,1189819]]]}},{"type":"Feature","properties":{"KANTONSNUM":25,"NAME":"Genève"},"geometry":{"type":"Polygon","coordinates":[[[2506094,1129674],[2507908,1128698],[2507981,1128760],[2508034,1128743],[2508097,1128640],[2508211,1128626],[2508265,1128549],[2508313,1128534],[2508344,1128502],[2508273,1128395],[2508207,1128392],[2508231,1128305],[2508280,1128268],[2508324,1128207],[2508366,1128179],[2508261,1128097],[2508334,1128038],[2508264,1127986],[2508280,1127931],[2508381,1127922],[2508424,1127909],[2508376,1127827],[2508389,1127779],[2508298,1127753],[2508345,1127612],[2508399,1127600],[2508453,1127604],[2508479,1127571],[2508504,1127538],[2508455,1127481],[2508435,1127418],[2508501,1127410],[2508538,1127395],[2508585,1127397],[2508568,1127377],[2508596,1127315],[2508635,1127257],[2508556,1127184],[2508536,1127073],[2508469,1126977],[2508335,1126954],[2508319,1126895],[2508321,1126831],[2508230,1126812],[2508191,1126781],[2508142,1126702],[2507986,1126682],[2507901,1126704],[2507827,1126669],[2507766,1126663],[2507760,1126569],[2507747,1126513],[2507672,1126454],[2507601,1126382],[2507549,1126307],[2507458,1126335],[2507480,1126295],[2507493,1126245],[2507472,1126210],[2507493,1126201],[2507483,1126163],[2507527,1126131],[2507522,1126090],[2507500,1126017],[2507493,1125912],[2507426,1125858],[2507455,1125790],[2507467,1125656],[2507585,1125507],[2507644,1125436],[2507804,1125312],[2508336,1124158],[2509182,1123054],[2509171,1122911],[2509398,1122783],[2509655,1122496],[2509953,1122614],[2510065,1122658],[2510137,1122710],[2510203,1122737],[2510239,1122780],[2510335,1122819],[2510551,1122866],[2510925,1123384],[2511555,1124112],[2511601,1124185],[2511665,1124213],[2511742,1124266],[2511827,1124324],[2511884,1124312],[2511915,1124283],[2511948,1124214],[2511926,1124128],[2511901,1124100],[2511922,1124050],[2511909,1124014],[2511887,1123935],[2511847,1123868],[2511819,1123821],[2511788,1123805],[2511759,1123771],[2511748,1123742],[2511763,1123709],[2511750,1123680],[2511750,1123626],[2511756,1123589],[2511791,1123539],[2511803,1123495],[2511819,1123470],[2511799,1123439],[2511810,1123406],[2511836,1123381],[2511869,1123361],[2511909,1123339],[2511942,1123330],[2511999,1123320],[2512033,1123302],[2512064,1123284],[2512105,1123301],[2512152,1123307],[2512206,1123290],[2512256,1123285],[2512332,1123232],[2512397,1123244],[2512494,1123292],[2512518,1123324],[2512580,1123354],[2512685,1123405],[2512772,1123421],[2512833,1123409],[2512878,1123413],[2512926,1123398],[2512872,1123316],[2512803,1123123],[2512632,1122847],[2512767,1122788],[2512824,1122761],[2512914,1122705],[2512877,1122485],[2512893,1122303],[2512965,1122056],[2512756,1121627],[2512550,1121270],[2511740,1119946],[2511343,1119725],[2510911,1119355],[2510524,1119046],[2510223,1118847],[2509879,1118762],[2509628,1118706],[2509364,1118597],[2509224,1118533],[2509032,1118438],[2508738,1118311],[2508619,1118212],[2508569,1118205],[2508290,1117927],[2508232,1117786],[2508063,1117795],[2507963,1117913],[2507870,1117751],[2507739,1117737],[2507695,1117730],[2507685,1117758],[2507638,1117730],[2507584,1117739],[2507565,1117780],[2507518,1117780],[2507350,1117838],[2507283,1117884],[2507241,1117925],[2507170,1117937],[2507045,1117930],[2506979,1117880],[2506919,1117884],[2506851,1117779],[2506797,1117725],[2506735,1117727],[2506739,1117636],[2506631,1117599],[2506545,1117601],[2506556,1117533],[2506454,1117448],[2506389,1117481],[2506289,1117393],[2506232,1117370],[2506126,1117321],[2506068,1117278],[2506096,1117179],[2506106,1117119],[2506006,1117111],[2505900,1117068],[2505813,1117098],[2505802,1117029],[2505724,1117006],[2505691,1116930],[2505674,1116876],[2505645,1116804],[2505636,1116745],[2505590,1116673],[2505531,1116645],[2505495,1116638],[2505471,1116565],[2505449,1116589],[2505418,1116606],[2505364,1116612],[2505368,1116569],[2505331,1116537],[2505281,1116496],[2505275,1116468],[2505326,1116444],[2505236,1116432],[2505191,1116439],[2505028,1116433],[2504920,1116403],[2504904,1116384],[2504835,1116335],[2504812,1116324],[2504772,1116299],[2504772,1116237],[2504744,1116185],[2504706,1116106],[2504607,1116030],[2504499,1115813],[2504444,1115780],[2504387,1115724],[2504336,1115679],[2504268,1115624],[2504291,1115576],[2504249,1115512],[2504160,1115433],[2504090,1115459],[2504039,1115509],[2503961,1115490],[2503914,1115411],[2503884,1115356],[2503799,1115289],[2503729,1115284],[2503703,1115214],[2503606,1115199],[2503557,1115168],[2503474,1115232],[2503494,1115159],[2503458,1115128],[2503357,1115091],[2503366,1114958],[2503324,1114893],[2503286,1114543],[2503218,1113294],[2502178,1112557],[2501037,1112065],[2500396,1111796],[2499865,1111326],[2499828,1111440],[2499800,1111390],[2499773,1111321],[2499734,1111248],[2499685,1111192],[2499534,1111098],[2499480,1111056],[2499415,1111001],[2499376,1110928],[2498971,1110750],[2498572,1110780],[2498429,1110880],[2498317,1110933],[2498123,1110999],[2498024,1110989],[2497876,1111009],[2497764,1111027],[2497623,1111029],[2497475,1111018],[2497351,1111026],[2497290,1111095],[2497182,1111039],[2497065,1111114],[2497023,1111163],[2496925,1111182],[2496825,1111190],[2496721,1111179],[2496616,1111184],[2496498,1111169],[2496187,1111739],[2494639,1111735],[2492492,1111061],[2492118,1110954],[2491981,1110787],[2491827,1110716],[2491623,1110453],[2491557,1110177],[2491502,1110316],[2491500,1110447],[2491417,1110423],[2491412,1110500],[2491431,1110579],[2491345,1110567],[2491381,1110666],[2491292,1110621],[2491262,1110614],[2491268,1110697],[2491245,1110754],[2491175,1110712],[2491138,1110771],[2491062,1110771],[2491018,1110784],[2491033,1110865],[2490942,1110821],[2490839,1110848],[2490746,1110866],[2490664,1110895],[2490625,1110954],[2490570,1111011],[2490501,1110985],[2490461,1110963],[2490425,1111009],[2490383,1111061],[2490322,1111047],[2490257,1111077],[2490213,1111122],[2490067,1111140],[2489993,1111177],[2489933,1111098],[2489841,1111073],[2489801,1111081],[2489767,1111075],[2489700,1111075],[2489666,1111076],[2489643,1111089],[2489601,1111082],[2489573,1111097],[2489546,1111137],[2489501,1111156],[2489414,1111120],[2489342,1111080],[2489299,1111104],[2489247,1111103],[2489228,1111098],[2489128,1111075],[2489073,1111060],[2489045,1111088],[2488971,1111106],[2488935,1111097],[2488900,1111148],[2488881,1111143],[2488859,1111144],[2488839,1111195],[2488810,1111200],[2488777,1111183],[2488737,1111182],[2488690,1111195],[2488647,1111173],[2488599,1111203],[2488578,1111272],[2488515,1111295],[2488451,1111310],[2488438,1111264],[2488398,1111315],[2488394,1111357],[2488380,1111368],[2488350,1111349],[2488233,1111302],[2488062,1111253],[2487976,1111292],[2487933,1111239],[2487841,1111162],[2487778,1111190],[2487687,1111248],[2487564,1111205],[2487482,1111136],[2487270,1110439],[2486727,1109964],[2486697,1109987],[2486684,1110003],[2486654,1110016],[2486614,1110019],[2486570,1110015],[2486540,1110009],[2486500,1110013],[2486460,1110015],[2486436,1109949],[2486316,1109907],[2486226,1109814],[2486141,1109794],[2485809,1109890],[2485517,1109645],[2485570,1110226],[2485993,1110436],[2486139,1110531],[2486232,1110702],[2486194,1110898],[2486092,1111098],[2486068,1111374],[2486193,1111673],[2486292,1111814],[2486480,1112261],[2486908,1112943],[2487006,1113216],[2487356,1113819],[2487422,1114298],[2487502,1114565],[2487565,1114626],[2487654,1114631],[2487778,1114534],[2487847,1114329],[2487876,1114286],[2487925,1114272],[2487972,1114294],[2488036,1114417],[2488075,1114658],[2488225,1114935],[2488233,1115017],[2488170,1115048],[2488215,1115098],[2488232,1115144],[2488240,1115184],[2488258,1115206],[2488279,1115209],[2488299,1115226],[2488321,1115222],[2488352,1115254],[2488370,1115284],[2488385,1115303],[2488412,1115348],[2488437,1115376],[2488452,1115395],[2488475,1115427],[2488503,1115456],[2488511,1115479],[2488525,1115510],[2488525,1115535],[2488524,1115564],[2488525,1115593],[2488535,1115624],[2488529,1115649],[2488510,1115663],[2488487,1115691],[2488453,1115719],[2488435,1115739],[2488404,1115803],[2488373,1115874],[2488363,1115911],[2488129,1116188],[2488082,1116171],[2488054,1116173],[2487768,1116286],[2487714,1116304],[2487611,1116524],[2486158,1117253],[2486162,1117287],[2486179,1117308],[2486185,1117320],[2486200,1117340],[2486211,1117368],[2486220,1117392],[2486226,1117432],[2486260,1117465],[2486296,1117514],[2486352,1117532],[2486386,1117563],[2486420,1117559],[2486452,1117602],[2486482,1117587],[2486500,1117572],[2486538,1117604],[2486565,1117631],[2486585,1117670],[2486595,1117703],[2486639,1117702],[2486678,1117730],[2486707,1117743],[2486735,1117749],[2486797,1117783],[2486821,1117805],[2486856,1117808],[2486843,1117826],[2486877,1117835],[2486911,1117867],[2486890,1117896],[2486862,1117935],[2486868,1117953],[2486845,1117977],[2486797,1118006],[2486758,1118041],[2486706,1118061],[2486707,1118095],[2486700,1118123],[2486672,1118146],[2486649,1118209],[2486625,1118251],[2486608,1118290],[2486598,1118313],[2487332,1119438],[2487446,1119444],[2487488,1119468],[2487545,1119463],[2487595,1119443],[2487654,1119431],[2487734,1119437],[2487761,1119461],[2487781,1119433],[2487816,1119451],[2487857,1119426],[2487920,1119417],[2487997,1119402],[2488052,1119371],[2488108,1119339],[2488158,1119333],[2488216,1119309],[2488256,1119300],[2488309,1119296],[2488334,1119254],[2488401,1119235],[2488470,1119344],[2488323,1119789],[2488461,1120086],[2488491,1120066],[2488521,1120050],[2488567,1120025],[2488630,1120043],[2488758,1120010],[2488832,1119992],[2488884,1119964],[2488934,1119926],[2488961,1119870],[2489083,1119790],[2489195,1119941],[2489243,1120020],[2489336,1120095],[2489425,1120141],[2489470,1120153],[2489534,1120165],[2489564,1120178],[2489550,1120293],[2489520,1120408],[2489533,1120482],[2489619,1120447],[2489692,1120486],[2489778,1120559],[2489800,1120631],[2489747,1120718],[2489798,1120731],[2489874,1120690],[2489957,1120674],[2490011,1120701],[2490050,1120775],[2489986,1120875],[2490064,1120951],[2490166,1120890],[2490219,1120909],[2490270,1121006],[2490365,1121012],[2490384,1121014],[2490446,1121017],[2490515,1121033],[2490550,1121034],[2490579,1121080],[2490647,1121092],[2490693,1121120],[2490710,1121097],[2490734,1121101],[2490782,1121121],[2490815,1121150],[2490848,1121173],[2490879,1121169],[2490928,1121172],[2490992,1121186],[2491017,1121266],[2491096,1121293],[2491630,1121763],[2492684,1121171],[2492844,1121267],[2492950,1121440],[2493021,1121627],[2493244,1121952],[2493570,1122290],[2493956,1122485],[2493978,1122442],[2494006,1122391],[2494031,1122358],[2494058,1122328],[2494088,1122280],[2494113,1122239],[2494119,1122214],[2494148,1122188],[2494168,1122163],[2494183,1122142],[2494197,1122121],[2494214,1122097],[2494229,1122079],[2494580,1122115],[2494842,1122289],[2495171,1122451],[2495437,1122486],[2495498,1122586],[2495561,1122634],[2496041,1122416],[2496676,1121731],[2498379,1122788],[2498624,1123204],[2498554,1123240],[2498480,1123296],[2498406,1123377],[2498383,1123466],[2498470,1123589],[2498535,1123633],[2498461,1123746],[2498312,1124124],[2498198,1124650],[2498049,1124734],[2497705,1125328],[2497723,1125542],[2497567,1125661],[2497497,1125688],[2497449,1125709],[2497426,1125768],[2497408,1125811],[2497383,1125870],[2497350,1125903],[2497289,1125921],[2497257,1125925],[2497249,1125973],[2497219,1126027],[2497090,1126120],[2497140,1126241],[2497167,1126310],[2497191,1126506],[2497174,1126740],[2497178,1127004],[2497794,1127660],[2498012,1127875],[2498068,1127844],[2498103,1127825],[2498142,1127822],[2498169,1127845],[2498213,1127867],[2498256,1127877],[2498298,1127859],[2498334,1127857],[2498354,1127848],[2498365,1127920],[2498294,1127989],[2498303,1128048],[2498403,1128084],[2498450,1128176],[2498414,1128277],[2498538,1128368],[2498518,1128521],[2498461,1128568],[2498371,1128634],[2498315,1128790],[2498407,1128880],[2498382,1128916],[2498435,1129014],[2498374,1129085],[2498447,1129141],[2498467,1129195],[2498464,1129296],[2498365,1129336],[2498410,1129413],[2498404,1129514],[2498430,1129568],[2498389,1129636],[2498427,1129746],[2498443,1129837],[2498439,1129908],[2498487,1129957],[2498562,1129980],[2498652,1130060],[2498690,1130144],[2498764,1130248],[2498770,1130359],[2498841,1130403],[2498945,1130352],[2499110,1130166],[2499180,1129927],[2499480,1129616],[2500011,1128977],[2501133,1128287],[2502271,1127832],[2506094,1129674]]]}},{"type":"Feature","properties":{"KANTONSNUM":14,"NAME":"Schaffhausen"},"geometry":{"type":"Polygon","coordinates":[[[2696797,1283255],[2696400,1283189],[2696038,1283013],[2695542,1283632],[2695343,1284498],[2695157,1285171],[2694750,1285716],[2694033,1285376],[2693508,1284969],[2693239,1285297],[2692894,1285434],[2692534,1285224],[2692036,1285303],[2692688,1284538],[2692741,1283758],[2692294,1283233],[2691609,1283029],[2692010,1282606],[2691790,1282395],[2691401,1282640],[2691230,1282764],[2691083,1282904],[2691047,1282937],[2690613,1283265],[2690569,1283289],[2690477,1283318],[2690369,1283341],[2690300,1283340],[2690204,1283298],[2689990,1283188],[2689611,1283094],[2689256,1283035],[2689161,1283002],[2689008,1282910],[2689019,1282696],[2689251,1281839],[2689245,1281628],[2689125,1281388],[2688727,1281165],[2688608,1281172],[2688545,1281218],[2688483,1281317],[2688475,1281367],[2688383,1281481],[2688321,1281500],[2688276,1281545],[2688243,1281545],[2688217,1281524],[2688024,1281218],[2687853,1280850],[2687777,1280730],[2687692,1280433],[2687443,1280868],[2687008,1280723],[2686581,1280290],[2685561,1279607],[2685048,1279972],[2684690,1280060],[2684287,1280567],[2683550,1280327],[2682897,1279991],[2682688,1279598],[2682842,1279117],[2682411,1279258],[2682086,1279621],[2681918,1279132],[2682115,1278532],[2682252,1278114],[2681888,1277793],[2681083,1277843],[2680600,1277964],[2680096,1277933],[2679728,1277838],[2679321,1277871],[2679287,1277533],[2679045,1277388],[2678713,1277608],[2678358,1277738],[2678273,1278140],[2677750,1277922],[2677969,1277554],[2677648,1277232],[2677936,1277050],[2677349,1277202],[2677064,1277943],[2677267,1278882],[2676833,1278731],[2676256,1278729],[2675334,1278834],[2674618,1279527],[2673984,1280045],[2672990,1280188],[2672673,1281070],[2673301,1281455],[2673746,1281933],[2673142,1282998],[2672534,1283479],[2673093,1284322],[2673662,1284783],[2674278,1285164],[2674630,1285501],[2675186,1285752],[2675299,1286128],[2676048,1286283],[2676223,1286773],[2676069,1287186],[2675877,1287861],[2676200,1288442],[2676303,1288740],[2676297,1289020],[2676354,1289272],[2676726,1289466],[2677027,1289670],[2677177,1290081],[2677265,1290363],[2677346,1290541],[2677754,1291026],[2678183,1291382],[2678434,1291726],[2679041,1291735],[2679437,1291858],[2680277,1292110],[2680918,1291761],[2681469,1292392],[2682578,1292883],[2683507,1293269],[2684160,1292843],[2684504,1292582],[2685341,1292965],[2685118,1293543],[2684939,1293949],[2684175,1294164],[2684195,1295008],[2684515,1295817],[2685137,1295343],[2685377,1294998],[2686274,1295061],[2687218,1295338],[2688291,1294951],[2688628,1294512],[2688450,1293689],[2688168,1293263],[2688451,1292745],[2688724,1292287],[2688521,1291454],[2689086,1290698],[2689676,1290694],[2690246,1291208],[2690630,1291409],[2690973,1292066],[2690662,1292287],[2690720,1293338],[2690489,1294165],[2690729,1294914],[2691300,1295078],[2691326,1294176],[2691923,1293963],[2692360,1293730],[2692812,1293529],[2693142,1293407],[2693254,1292777],[2693641,1292241],[2693372,1291763],[2693630,1290969],[2693659,1290675],[2694190,1290218],[2694470,1290499],[2694863,1290881],[2695555,1291275],[2696311,1291050],[2696933,1290389],[2697455,1290029],[2697477,1289248],[2696861,1289157],[2696030,1288543],[2695577,1287736],[2695768,1286905],[2696234,1286469],[2696766,1286191],[2697375,1285886],[2697055,1285310],[2696927,1284683],[2696708,1283486],[2696797,1283255]]]}},{"type":"Feature","properties":{"KANTONSNUM":15,"NAME":"Appenzell Ausserrhoden"},"geometry":{"type":"Polygon","coordinates":[[[2756331,1251382],[2756045,1250879],[2755945,1250671],[2756011,1250603],[2755843,1250179],[2755934,1250127],[2755912,1249887],[2756077,1249139],[2755934,1248994],[2755747,1248821],[2755687,1248600],[2755655,1248514],[2755702,1248458],[2755749,1248427],[2755666,1247838],[2755657,1247721],[2755655,1247666],[2755703,1247625],[2755787,1247605],[2755928,1246825],[2755974,1246497],[2755967,1246334],[2755968,1246116],[2752700,1246326],[2751904,1246825],[2751694,1246974],[2751554,1247052],[2751410,1246991],[2750836,1247411],[2750591,1247868],[2750569,1248012],[2750496,1248109],[2750478,1248251],[2750491,1248407],[2750456,1248534],[2750398,1248596],[2750105,1248447],[2749902,1248322],[2749795,1248243],[2749631,1248389],[2749300,1248326],[2749033,1248310],[2748701,1248502],[2748576,1248652],[2748534,1248719],[2748424,1248787],[2748339,1248870],[2748273,1248972],[2748307,1249071],[2748380,1249111],[2748308,1249179],[2748184,1249193],[2748161,1249287],[2748203,1249334],[2748027,1249241],[2747975,1249376],[2747789,1249432],[2747676,1249538],[2747470,1249441],[2747291,1249245],[2747113,1249225],[2747024,1249329],[2746885,1249443],[2746679,1249511],[2746432,1249634],[2746534,1249802],[2746541,1249986],[2746485,1250246],[2746349,1250290],[2746116,1250210],[2746022,1249961],[2745772,1249997],[2745625,1249987],[2745452,1249993],[2745253,1249979],[2745089,1250008],[2744995,1250026],[2744869,1249958],[2744822,1249840],[2744730,1249859],[2744654,1249917],[2744548,1249871],[2744376,1249795],[2744444,1249668],[2744619,1249560],[2744786,1249398],[2744914,1249298],[2744998,1249130],[2745022,1248917],[2745058,1248746],[2744915,1248593],[2744973,1248414],[2745053,1248062],[2745220,1247894],[2745188,1247622],[2745441,1247256],[2745531,1247106],[2745391,1246967],[2745321,1246965],[2745276,1246947],[2745195,1246904],[2745099,1246889],[2745061,1246841],[2744986,1246781],[2744916,1246734],[2744825,1246704],[2744715,1246690],[2744607,1246680],[2744518,1246670],[2744479,1246624],[2744364,1246579],[2744238,1246562],[2744142,1246523],[2744067,1246439],[2744012,1246380],[2743943,1246349],[2743925,1246295],[2743906,1246242],[2743901,1246204],[2743907,1246159],[2743912,1246105],[2743956,1246050],[2743988,1245977],[2744010,1245940],[2744025,1245887],[2744060,1245798],[2744072,1245710],[2744116,1245602],[2743541,1245336],[2743274,1245142],[2742616,1243835],[2742425,1243746],[2742160,1243614],[2741771,1243429],[2741532,1243217],[2741513,1243129],[2741467,1243049],[2741450,1242970],[2741445,1242903],[2741527,1242858],[2741742,1242885],[2741782,1242827],[2741755,1242780],[2741781,1242686],[2741834,1242587],[2741895,1242521],[2741919,1242443],[2741928,1242394],[2741978,1242301],[2741958,1242231],[2741925,1242010],[2741998,1241738],[2742116,1241565],[2741937,1241321],[2742009,1240781],[2741976,1240629],[2741918,1240441],[2741881,1240252],[2741770,1240073],[2741760,1239939],[2741753,1239845],[2741812,1239700],[2741812,1239552],[2741877,1239417],[2741962,1239299],[2742045,1239285],[2742145,1239239],[2742196,1239104],[2742222,1238979],[2742288,1238845],[2742444,1238722],[2742569,1238620],[2743384,1236732],[2743428,1236434],[2743533,1236185],[2744050,1235124],[2744150,1234914],[2744087,1234896],[2744002,1234870],[2743109,1234822],[2742815,1234681],[2742249,1234763],[2741635,1235339],[2741488,1235595],[2741542,1235867],[2741480,1235980],[2741339,1235988],[2741148,1235976],[2740880,1235821],[2740648,1235740],[2740439,1235957],[2740059,1236073],[2739870,1236305],[2739535,1236575],[2739233,1236775],[2738860,1237080],[2738668,1236912],[2738364,1236900],[2738091,1236727],[2737959,1236531],[2737847,1236462],[2737657,1236314],[2737462,1236446],[2737191,1236533],[2736896,1236584],[2736677,1236510],[2736310,1236441],[2736079,1236464],[2735852,1236493],[2735620,1236611],[2735454,1236709],[2735277,1236736],[2735083,1236819],[2734955,1236878],[2734888,1236930],[2734817,1236979],[2734764,1237017],[2734708,1237054],[2734619,1237078],[2734512,1237117],[2734476,1237178],[2734434,1237224],[2734383,1237256],[2734310,1237304],[2734234,1237342],[2734155,1237425],[2734073,1237457],[2734008,1237498],[2733930,1237582],[2733875,1237593],[2733753,1237666],[2733745,1237720],[2733763,1237798],[2733770,1237865],[2733772,1237921],[2733878,1238094],[2733938,1238134],[2734004,1238202],[2734046,1238250],[2734089,1238298],[2734139,1238330],[2734321,1238489],[2734502,1238560],[2734661,1238861],[2734706,1238914],[2734911,1239135],[2734866,1239368],[2735037,1239483],[2735042,1239615],[2734935,1239743],[2734863,1239925],[2734729,1240074],[2734622,1240181],[2734531,1240276],[2734510,1240337],[2734494,1240411],[2734471,1240516],[2734420,1240573],[2734423,1240625],[2734452,1240713],[2734507,1240839],[2734528,1241083],[2734485,1241321],[2734445,1241390],[2734412,1241471],[2734363,1241538],[2734308,1241593],[2734303,1241673],[2734250,1241781],[2734278,1241867],[2734271,1241945],[2734231,1242007],[2734217,1242080],[2734208,1242155],[2734207,1242236],[2734147,1242326],[2734157,1242422],[2734141,1242463],[2734120,1242500],[2734030,1242540],[2733941,1242578],[2733895,1242625],[2733933,1242719],[2734024,1242729],[2734099,1242819],[2734222,1242846],[2734277,1242928],[2734339,1243058],[2734446,1243032],[2734501,1243100],[2734629,1243163],[2734689,1243236],[2734740,1243192],[2734834,1243212],[2734892,1243305],[2734972,1243326],[2735016,1243400],[2735089,1243466],[2735164,1243486],[2735189,1243524],[2735228,1243592],[2735336,1243593],[2735599,1243775],[2735625,1243860],[2735611,1243957],[2735610,1244012],[2735591,1244064],[2735583,1244101],[2735553,1244134],[2735542,1244174],[2735507,1244236],[2735465,1244293],[2735427,1244357],[2735352,1244408],[2735320,1244429],[2735304,1244486],[2735277,1244534],[2735225,1244588],[2735181,1244626],[2735153,1244669],[2735130,1244723],[2735098,1244774],[2735073,1244811],[2735045,1244876],[2735027,1244914],[2735014,1244973],[2734989,1245018],[2734957,1245057],[2734687,1245112],[2734579,1245020],[2734528,1244998],[2734467,1244988],[2734419,1244983],[2734357,1244960],[2734275,1244949],[2734212,1244918],[2734186,1244882],[2734176,1244842],[2734113,1244819],[2734080,1244802],[2734040,1244806],[2733974,1244847],[2733941,1244869],[2733894,1244834],[2733809,1244798],[2733756,1244754],[2733715,1244696],[2733627,1244672],[2733578,1244659],[2733575,1244703],[2733553,1244784],[2733540,1244818],[2733542,1244853],[2733548,1244898],[2733537,1244961],[2733524,1244999],[2733389,1245046],[2733329,1245232],[2733191,1245389],[2733107,1245436],[2733006,1245510],[2732982,1245594],[2733188,1245882],[2733401,1246361],[2733544,1246569],[2733384,1246552],[2733159,1246411],[2733090,1246366],[2733009,1246317],[2732903,1246313],[2732847,1246268],[2732788,1246236],[2732762,1246283],[2732700,1246568],[2732633,1246829],[2732491,1247074],[2732436,1247174],[2732412,1247214],[2732495,1247236],[2732583,1247224],[2732665,1247204],[2732765,1247195],[2732938,1247124],[2733094,1247163],[2733304,1247201],[2733903,1247450],[2734074,1247683],[2734022,1247835],[2734276,1248057],[2734424,1248369],[2734567,1248416],[2734594,1248509],[2734595,1248606],[2734565,1248739],[2734511,1248841],[2734645,1248975],[2734638,1249108],[2734546,1249254],[2734503,1249352],[2734497,1249406],[2734498,1249467],[2734429,1249575],[2734409,1249747],[2734559,1249863],[2734720,1250064],[2734829,1249973],[2735012,1250075],[2735087,1250066],[2735201,1250000],[2735305,1250117],[2735431,1250277],[2735427,1250542],[2735444,1250647],[2735378,1250789],[2735419,1250834],[2735404,1250984],[2735333,1251054],[2735267,1251128],[2735418,1251236],[2735456,1251055],[2735542,1251119],[2735631,1251110],[2735851,1251102],[2736109,1251292],[2736335,1251402],[2736408,1251364],[2736536,1251345],[2736648,1251405],[2736794,1251532],[2736870,1251568],[2736969,1251565],[2737087,1251528],[2737211,1251562],[2737301,1251359],[2737440,1251431],[2737590,1251460],[2737672,1251565],[2737818,1251636],[2737904,1251636],[2737984,1251571],[2738070,1251460],[2738431,1251619],[2738662,1251548],[2738867,1251518],[2738945,1251376],[2739053,1251377],[2739244,1251400],[2739409,1251324],[2739770,1251299],[2740034,1251255],[2740116,1251171],[2740337,1251157],[2740412,1251130],[2740676,1251078],[2740935,1251116],[2741011,1251126],[2741160,1251211],[2741303,1251240],[2741574,1251319],[2741668,1251342],[2741894,1251312],[2742028,1251409],[2742235,1251569],[2742411,1251671],[2742471,1251717],[2742615,1251759],[2742789,1251720],[2742942,1251659],[2743017,1251590],[2743124,1251601],[2743261,1251562],[2743432,1251655],[2743554,1251656],[2743777,1251670],[2743998,1251747],[2744138,1251807],[2744279,1251873],[2744439,1251953],[2744564,1252023],[2744634,1252041],[2744679,1251983],[2744744,1251935],[2744824,1251917],[2744933,1251919],[2744988,1252008],[2745035,1252076],[2745107,1252118],[2745213,1252155],[2745316,1252181],[2745400,1252202],[2745511,1252233],[2745582,1252305],[2745629,1252365],[2745676,1252423],[2745755,1252497],[2745835,1252539],[2745927,1252548],[2746019,1252524],[2746125,1252560],[2746184,1252549],[2746269,1252539],[2746364,1252535],[2746427,1252488],[2746488,1252472],[2746549,1252459],[2746607,1252441],[2746702,1252419],[2746773,1252422],[2746841,1252393],[2746921,1252359],[2746983,1252368],[2747046,1252357],[2747101,1252329],[2747144,1252299],[2747176,1252279],[2747234,1252232],[2747264,1252230],[2747286,1252169],[2747309,1252099],[2747324,1252034],[2747330,1251993],[2747370,1251947],[2747399,1251932],[2747428,1251901],[2747463,1251875],[2747499,1251858],[2747555,1251867],[2747597,1251867],[2747638,1251879],[2747669,1251887],[2747723,1251867],[2747777,1251855],[2747819,1251838],[2747883,1251823],[2748015,1251872],[2748203,1251859],[2748394,1251977],[2748548,1252013],[2748735,1252133],[2748878,1252235],[2749099,1252335],[2749538,1252454],[2749886,1252565],[2750276,1252884],[2750173,1252936],[2750126,1253076],[2750205,1253183],[2750172,1253207],[2750429,1253217],[2750372,1253511],[2750334,1253705],[2750282,1253761],[2750280,1253838],[2750526,1254032],[2750633,1254141],[2750619,1254200],[2750604,1254291],[2750588,1254367],[2750606,1254441],[2750594,1254498],[2750624,1254556],[2750618,1254624],[2750589,1254692],[2750592,1254755],[2750568,1254810],[2750531,1254876],[2750465,1255017],[2750444,1255082],[2750429,1255134],[2750450,1255221],[2750499,1255307],[2750553,1255367],[2750594,1255452],[2750613,1255554],[2750582,1255604],[2750699,1255659],[2750843,1255650],[2750935,1255572],[2751110,1255549],[2751204,1255599],[2751339,1255586],[2751444,1255558],[2751536,1255506],[2751630,1255431],[2751717,1255324],[2751817,1255286],[2751931,1255316],[2751957,1255382],[2751956,1255482],[2752052,1255514],[2752168,1255560],[2752262,1255623],[2752379,1255644],[2752508,1255696],[2752738,1255790],[2752813,1255839],[2752878,1255948],[2752960,1256015],[2753080,1256116],[2753166,1256168],[2753292,1256224],[2753381,1256226],[2753469,1256225],[2753540,1256221],[2753614,1256206],[2753656,1256225],[2753708,1256225],[2753775,1256252],[2753850,1256297],[2753888,1256269],[2753940,1256273],[2753993,1256249],[2754038,1256274],[2754076,1256304],[2754128,1256291],[2754173,1256312],[2754192,1256317],[2754232,1256341],[2754256,1256396],[2754282,1256417],[2754317,1256435],[2754390,1256448],[2754417,1256492],[2754840,1256578],[2755057,1256643],[2755215,1256729],[2755418,1256792],[2755612,1256921],[2755794,1257083],[2755813,1257145],[2755862,1257186],[2755920,1257217],[2755948,1257248],[2755998,1257318],[2756046,1257358],[2756093,1257408],[2756093,1257442],[2756172,1257474],[2756237,1257491],[2756288,1257526],[2756331,1257493],[2756408,1257493],[2756527,1257464],[2756579,1257515],[2756661,1257591],[2756761,1257611],[2756796,1257688],[2756864,1257737],[2756975,1257741],[2757095,1257725],[2757223,1257712],[2757280,1257740],[2757355,1257825],[2757429,1257949],[2757618,1257979],[2757739,1257954],[2757528,1258263],[2757487,1258586],[2757380,1258760],[2757391,1258880],[2757482,1258995],[2757543,1259127],[2757663,1259249],[2757737,1259318],[2758259,1259623],[2758486,1259666],[2758733,1259564],[2758926,1259548],[2758925,1259404],[2758950,1259284],[2758876,1259182],[2758885,1259088],[2759032,1259082],[2759217,1259191],[2759401,1259166],[2759510,1259172],[2759779,1259269],[2760071,1259127],[2760093,1259100],[2760120,1259074],[2760287,1259113],[2760711,1259153],[2760824,1259118],[2761024,1259090],[2761324,1259054],[2761490,1259014],[2761541,1259019],[2761546,1258984],[2761671,1258976],[2761913,1258837],[2762097,1258757],[2762148,1258594],[2762153,1258522],[2762265,1258560],[2762431,1258643],[2762659,1258667],[2762690,1258560],[2762721,1258458],[2762860,1258360],[2762954,1258300],[2763149,1258138],[2763347,1257979],[2763545,1257910],[2763654,1257836],[2763801,1257716],[2763970,1257604],[2764205,1257532],[2764401,1257506],[2764599,1257462],[2764740,1257380],[2764930,1257288],[2765104,1257202],[2765279,1257093],[2765305,1256920],[2765290,1256824],[2765173,1256606],[2764990,1256543],[2764792,1256471],[2764630,1256435],[2764459,1256401],[2764277,1256351],[2764120,1256323],[2763920,1256277],[2763723,1256245],[2763554,1256229],[2763395,1256256],[2763229,1256207],[2763050,1256094],[2762843,1256013],[2762609,1255953],[2762498,1255951],[2762500,1256020],[2762398,1256067],[2762013,1255988],[2761646,1255940],[2761338,1255924],[2761255,1255922],[2761044,1255873],[2760791,1255956],[2760802,1256053],[2760752,1256166],[2760705,1256214],[2760676,1256246],[2760667,1256371],[2760620,1256370],[2760575,1256375],[2760512,1256356],[2760352,1256312],[2760361,1256266],[2760377,1256234],[2760336,1256173],[2760195,1256134],[2760142,1256052],[2760154,1255985],[2760118,1255941],[2760084,1255912],[2760029,1255877],[2759964,1255847],[2759929,1255739],[2759916,1255598],[2760135,1255519],[2760216,1255302],[2760644,1255207],[2760783,1255322],[2760934,1255107],[2761074,1255028],[2761120,1254917],[2761052,1254875],[2761071,1254821],[2761014,1254753],[2760934,1254753],[2760719,1254609],[2760627,1254519],[2760667,1254478],[2760691,1254432],[2760741,1254424],[2760843,1254455],[2760899,1254437],[2760960,1254422],[2761048,1254419],[2761140,1254464],[2761272,1254488],[2761319,1254440],[2761429,1254432],[2761507,1254389],[2761607,1254322],[2761668,1254338],[2761766,1254348],[2761824,1254328],[2761732,1254161],[2761772,1253935],[2761824,1253782],[2762013,1253592],[2761921,1253458],[2761749,1253319],[2761622,1253285],[2761742,1253266],[2761829,1253193],[2761827,1253110],[2761642,1252995],[2761473,1252883],[2761287,1252792],[2761200,1252724],[2761290,1252627],[2761160,1252554],[2760985,1252427],[2760782,1252307],[2760713,1252247],[2760660,1252137],[2760464,1252051],[2760441,1251939],[2760158,1251905],[2759980,1251741],[2759826,1251719],[2759777,1251669],[2759729,1251709],[2759685,1251754],[2759631,1251783],[2759615,1251818],[2759591,1251852],[2759573,1251900],[2759508,1251921],[2759454,1251957],[2759435,1252022],[2759404,1252072],[2759392,1252109],[2759359,1252122],[2759322,1252181],[2759287,1252269],[2759255,1252306],[2759222,1252370],[2759205,1252412],[2759186,1252443],[2759143,1252505],[2759113,1252563],[2759091,1252625],[2759046,1252697],[2759030,1252748],[2758935,1252793],[2758892,1252807],[2758803,1252882],[2758953,1253058],[2759167,1253126],[2759373,1253137],[2759469,1253135],[2759552,1253026],[2759560,1252930],[2759757,1252944],[2759891,1252938],[2759989,1253060],[2760190,1253026],[2760296,1253023],[2760382,1252915],[2760406,1252808],[2760435,1252756],[2760465,1252705],[2760552,1252698],[2760707,1252754],[2760870,1252798],[2760990,1252879],[2761063,1252952],[2761137,1252936],[2761147,1253110],[2761077,1253451],[2761050,1253563],[2761212,1253697],[2761253,1253727],[2761259,1253813],[2761262,1253870],[2760953,1253927],[2760713,1253909],[2760532,1253905],[2760317,1254140],[2760259,1254089],[2760189,1254054],[2760080,1254094],[2760012,1254092],[2759887,1254179],[2759769,1254290],[2759780,1254336],[2759763,1254370],[2759735,1254462],[2759737,1254577],[2759611,1254672],[2759633,1254800],[2759636,1254890],[2759652,1255012],[2759540,1255007],[2759372,1255066],[2759090,1255226],[2759065,1255362],[2758885,1255461],[2758685,1255527],[2758486,1255545],[2758441,1255522],[2758422,1255485],[2758437,1255449],[2758457,1255362],[2758439,1255331],[2758434,1255243],[2758460,1255136],[2758453,1255086],[2758320,1254968],[2758217,1254830],[2758136,1254783],[2757948,1254714],[2757758,1254723],[2757523,1254580],[2757319,1254334],[2757404,1254243],[2757394,1254054],[2757534,1253816],[2757427,1253674],[2757283,1253554],[2757460,1253431],[2757623,1253364],[2757665,1253231],[2757688,1253197],[2757667,1253159],[2757798,1253272],[2758034,1253165],[2757849,1253027],[2757547,1252836],[2757316,1252722],[2757284,1252758],[2757269,1252779],[2756896,1252629],[2756692,1252501],[2756525,1252332],[2756435,1252119],[2756507,1252000],[2756488,1251936],[2756478,1251862],[2756531,1251698],[2756248,1251502],[2756331,1251382]],[[2745230,1250219],[2745234,1250224],[2745230,1250219]],[[2763959,1257026],[2763991,1257003],[2763959,1257026]]]}},{"type":"Feature","properties":{"KANTONSNUM":9,"NAME":"Zug"},"geometry":{"type":"Polygon","coordinates":[[[2680044,1217113],[2678068,1219130],[2677977,1219076],[2677972,1218998],[2677899,1218955],[2677847,1218939],[2677737,1218899],[2677575,1218852],[2677069,1218576],[2677024,1218825],[2676895,1219273],[2676864,1219451],[2676804,1219817],[2676676,1220492],[2676388,1220252],[2676175,1220317],[2676030,1220178],[2675385,1219768],[2675150,1219688],[2674999,1219613],[2674753,1219533],[2674602,1219605],[2674292,1219593],[2674162,1219690],[2674154,1220223],[2674106,1220548],[2674138,1220756],[2673901,1221597],[2673995,1221797],[2674042,1221997],[2674047,1222197],[2674021,1222352],[2673845,1222812],[2673815,1222997],[2673855,1223155],[2674051,1223528],[2674047,1224197],[2673764,1225197],[2673585,1225386],[2673068,1225530],[2672887,1226294],[2672927,1226798],[2673099,1227198],[2673255,1227598],[2673005,1228298],[2672879,1228998],[2672902,1229698],[2672753,1230030],[2672537,1230398],[2672472,1231224],[2672674,1231639],[2673236,1232206],[2673289,1232626],[2673506,1233000],[2673597,1233173],[2673611,1233272],[2673603,1233361],[2673558,1233481],[2673745,1233308],[2673892,1232875],[2674038,1232702],[2673870,1232511],[2674025,1232286],[2674054,1232005],[2674083,1231631],[2674152,1231320],[2674185,1231095],[2674321,1231001],[2674442,1230784],[2674505,1230741],[2674578,1230755],[2674644,1230766],[2674827,1230809],[2675056,1230920],[2675531,1230795],[2676013,1230818],[2676149,1230692],[2676331,1230622],[2676434,1230491],[2676615,1230400],[2676624,1230331],[2676784,1230218],[2676782,1230170],[2677014,1230221],[2677201,1230095],[2677365,1229925],[2677478,1229693],[2677634,1229728],[2677781,1229735],[2677875,1229764],[2677904,1229765],[2678011,1229632],[2678158,1229546],[2678424,1229371],[2678356,1229190],[2678681,1229229],[2678945,1229166],[2679200,1229150],[2679520,1229364],[2679855,1229525],[2680177,1229568],[2680542,1229539],[2680783,1229714],[2680782,1229862],[2681016,1229861],[2681278,1229953],[2681365,1230058],[2681358,1230174],[2681749,1230411],[2682031,1230439],[2682033,1230391],[2682091,1230343],[2682150,1230322],[2682188,1230342],[2682225,1230324],[2682297,1230333],[2682352,1230334],[2682394,1230317],[2682455,1230315],[2682505,1230315],[2682564,1230306],[2682609,1230284],[2682673,1230245],[2682716,1230217],[2682761,1230217],[2682801,1230274],[2682804,1230314],[2682796,1230364],[2682801,1230412],[2682804,1230462],[2682828,1230514],[2682857,1230571],[2682860,1230626],[2682851,1230684],[2682885,1230680],[2683123,1230545],[2683161,1230594],[2683179,1230676],[2683239,1230715],[2683290,1230742],[2683335,1230779],[2683366,1230823],[2683678,1230713],[2683909,1230686],[2684072,1230714],[2684517,1230823],[2684792,1230637],[2684927,1230471],[2685282,1230448],[2685355,1230415],[2685517,1230343],[2685911,1230337],[2686028,1230192],[2686195,1230246],[2686202,1230347],[2686243,1230354],[2686308,1230285],[2686488,1230250],[2686636,1230300],[2686690,1230279],[2686718,1230226],[2686703,1230167],[2686541,1229952],[2686554,1229834],[2686625,1229655],[2686648,1229503],[2686695,1229472],[2686826,1229488],[2686926,1229546],[2687139,1229696],[2687536,1229657],[2687735,1229392],[2687728,1229078],[2687733,1228930],[2687799,1228646],[2687949,1228481],[2688225,1228659],[2688585,1228859],[2688767,1228668],[2688981,1228476],[2689148,1228267],[2689206,1228093],[2689230,1228000],[2689314,1227838],[2689378,1227757],[2689381,1227666],[2689321,1227525],[2689342,1227466],[2689382,1227443],[2689447,1227373],[2689531,1227328],[2689595,1227277],[2689605,1227233],[2689574,1227112],[2689575,1227003],[2689703,1226803],[2689968,1226373],[2689992,1226246],[2690027,1226187],[2690149,1226107],[2690165,1226046],[2690068,1225875],[2689951,1225762],[2689902,1225602],[2689859,1225538],[2689850,1225419],[2689893,1225343],[2689997,1225284],[2690235,1225251],[2690430,1225262],[2690573,1225214],[2690753,1225222],[2690936,1225219],[2691038,1225192],[2691060,1225168],[2691061,1225136],[2691032,1225004],[2691060,1224966],[2691226,1224917],[2691523,1225021],[2691630,1225040],[2691709,1225064],[2691973,1225152],[2692033,1225164],[2692219,1225051],[2692321,1225044],[2692440,1225112],[2692651,1225093],[2692636,1224957],[2692674,1224879],[2692680,1224548],[2692656,1224408],[2692689,1224169],[2692750,1224018],[2693079,1223910],[2693546,1223916],[2693844,1224009],[2694108,1224166],[2694428,1224248],[2694791,1224283],[2695229,1224348],[2695403,1224008],[2695519,1223823],[2695538,1223597],[2695548,1223296],[2695710,1223049],[2695678,1222980],[2695583,1222881],[2695537,1222832],[2695471,1222916],[2695338,1222877],[2695274,1222815],[2695166,1222757],[2695102,1222658],[2694953,1222629],[2694857,1222475],[2694755,1222319],[2694654,1222162],[2694562,1221985],[2694497,1221871],[2694507,1221652],[2694566,1221490],[2694657,1221433],[2694747,1221415],[2694696,1221340],[2694657,1221288],[2694725,1221207],[2694741,1221139],[2694679,1221152],[2694616,1221164],[2694585,1221087],[2694572,1221024],[2694536,1221004],[2694522,1220931],[2694549,1220864],[2694515,1220843],[2694565,1220817],[2694634,1220791],[2694602,1220731],[2694524,1220741],[2694504,1220709],[2694527,1220686],[2694522,1220645],[2694539,1220620],[2694462,1220556],[2694443,1220502],[2694439,1220456],[2694401,1220415],[2694371,1220350],[2694358,1220292],[2694366,1220237],[2694370,1220182],[2694314,1220151],[2694327,1220084],[2694238,1220064],[2694184,1220047],[2694125,1219999],[2694072,1220032],[2693993,1219935],[2694010,1219862],[2693951,1219862],[2693986,1219824],[2694014,1219777],[2693967,1219772],[2693924,1219765],[2693890,1219750],[2693892,1219696],[2693857,1219650],[2693792,1219667],[2693786,1219645],[2693755,1219611],[2693733,1219609],[2693688,1219582],[2693639,1219568],[2693610,1219514],[2693602,1219460],[2693599,1219429],[2693579,1219400],[2693510,1219411],[2693515,1219377],[2693499,1219331],[2693518,1219296],[2693561,1219318],[2693544,1219290],[2693572,1219268],[2693553,1219246],[2693558,1219206],[2693599,1219174],[2693547,1219172],[2693535,1219150],[2693554,1219099],[2693577,1219079],[2693575,1219034],[2693226,1219027],[2692757,1218949],[2692744,1218650],[2692374,1218220],[2691001,1216508],[2689917,1216646],[2687927,1216232],[2687665,1216126],[2687224,1215601],[2686753,1215407],[2686353,1215322],[2685937,1215142],[2685801,1215072],[2685696,1215067],[2685554,1215069],[2685493,1215101],[2685415,1215125],[2685400,1215410],[2685494,1215659],[2685439,1215896],[2685376,1216371],[2685012,1216490],[2684525,1216484],[2684371,1216452],[2684172,1216450],[2684084,1216517],[2683959,1216519],[2683880,1216487],[2683767,1216388],[2683648,1216272],[2683436,1216240],[2683311,1216243],[2683146,1216248],[2682943,1216187],[2682859,1216203],[2682707,1216196],[2682536,1216199],[2682438,1216061],[2682350,1216070],[2682253,1215995],[2680044,1217113]]]}},{"type":"Feature","properties":{"KANTONSNUM":16,"NAME":"Appenzell Innerrhoden"},"geometry":{"type":"Polygon","coordinates":[[[2744173,1234914],[2744018,1235189],[2743500,1236253],[2743428,1236505],[2743379,1236798],[2742543,1238637],[2742434,1238753],[2742256,1238893],[2742210,1239017],[2742182,1239156],[2742139,1239259],[2742042,1239302],[2741940,1239321],[2741883,1239475],[2741807,1239582],[2741793,1239721],[2741747,1239867],[2741770,1239972],[2741817,1240136],[2741872,1240287],[2741950,1240493],[2742002,1240632],[2741880,1241182],[2741950,1241352],[2742093,1241592],[2741965,1241808],[2741972,1242029],[2742000,1242255],[2741962,1242321],[2741930,1242404],[2741919,1242450],[2741884,1242527],[2741820,1242599],[2741773,1242699],[2741761,1242805],[2741781,1242835],[2741674,1242863],[2741461,1242864],[2741443,1242915],[2741450,1242986],[2741484,1243069],[2741526,1243154],[2741549,1243257],[2741910,1243509],[2742268,1243661],[2742477,1243744],[2742652,1243847],[2743342,1245180],[2743796,1245476],[2744099,1245629],[2744077,1245726],[2744048,1245824],[2744023,1245906],[2744007,1245951],[2743988,1245996],[2743945,1246059],[2743902,1246108],[2743909,1246175],[2743900,1246224],[2743910,1246250],[2743923,1246315],[2743963,1246358],[2744013,1246397],[2744086,1246452],[2744156,1246535],[2744284,1246571],[2744382,1246582],[2744486,1246631],[2744533,1246663],[2744632,1246688],[2744748,1246690],[2744844,1246718],[2744935,1246740],[2745008,1246799],[2745057,1246871],[2745117,1246906],[2745216,1246903],[2745293,1246942],[2745337,1246948],[2745441,1246982],[2745503,1247129],[2745345,1247347],[2745156,1247682],[2745219,1247956],[2745032,1248156],[2744914,1248446],[2744972,1248628],[2745044,1248771],[2745037,1249017],[2744993,1249208],[2744874,1249313],[2744751,1249418],[2744598,1249602],[2744410,1249680],[2744449,1249826],[2744585,1249889],[2744669,1249920],[2744760,1249845],[2744845,1249872],[2744884,1249987],[2745019,1250023],[2745113,1250008],[2745280,1249963],[2745485,1250014],[2745682,1250014],[2745791,1249982],[2746047,1249985],[2746159,1250229],[2746386,1250237],[2746521,1250238],[2746521,1249947],[2746517,1249757],[2746450,1249585],[2746730,1249502],[2746956,1249447],[2747029,1249229],[2747157,1249273],[2747335,1249240],[2747521,1249481],[2747741,1249532],[2747850,1249452],[2747942,1249349],[2748071,1249248],[2748205,1249308],[2748135,1249248],[2748225,1249168],[2748319,1249178],[2748375,1249091],[2748275,1249073],[2748294,1248950],[2748349,1248845],[2748448,1248787],[2748566,1248719],[2748598,1248624],[2748737,1248461],[2749237,1248317],[2749471,1248410],[2749700,1248382],[2749839,1248259],[2749941,1248345],[2750199,1248498],[2750420,1248570],[2750430,1248523],[2750502,1248369],[2750448,1248227],[2750492,1248063],[2750586,1247990],[2750613,1247853],[2751194,1247087],[2751443,1247017],[2751608,1246985],[2751775,1246894],[2751938,1246790],[2753164,1245930],[2755987,1245249],[2755973,1244570],[2755949,1244466],[2755946,1244334],[2755952,1244165],[2755822,1244107],[2755790,1243872],[2755710,1243143],[2755693,1242858],[2755553,1242738],[2755434,1242532],[2755308,1242346],[2755317,1242086],[2755413,1241910],[2755552,1241605],[2755420,1241356],[2755278,1241281],[2755179,1241201],[2755109,1241063],[2755130,1240963],[2755173,1240764],[2755023,1240069],[2754799,1239002],[2754502,1238766],[2754424,1238507],[2754301,1238329],[2754177,1238138],[2754136,1237968],[2753965,1237679],[2753795,1237509],[2753654,1237369],[2753437,1237181],[2753285,1236986],[2753059,1236772],[2752819,1236670],[2752648,1236503],[2752437,1236355],[2752243,1236179],[2752039,1235898],[2751866,1235746],[2751738,1235624],[2751633,1235532],[2751355,1235348],[2751118,1235247],[2750923,1235160],[2750767,1235073],[2750650,1234972],[2750489,1234873],[2749681,1234743],[2749195,1234385],[2748878,1233898],[2748645,1233708],[2747721,1233524],[2747148,1233274],[2746378,1233849],[2746119,1234014],[2745882,1234191],[2745684,1234293],[2745478,1234358],[2745214,1234369],[2744876,1234364],[2744667,1234417],[2744377,1234592],[2744173,1234914]]]}},{"type":"Feature","properties":{"KANTONSNUM":10,"NAME":"Fribourg"},"geometry":{"type":"Polygon","coordinates":[[[2556351,1195546],[2558711,1192645],[2559349,1192274],[2559920,1192097],[2560010,1190894],[2559503,1190994],[2559079,1190773],[2558534,1190632],[2558394,1190478],[2558486,1190308],[2559180,1190372],[2559810,1190621],[2559985,1190555],[2560125,1190346],[2560353,1190239],[2560852,1189772],[2561257,1189249],[2559711,1187619],[2559450,1186681],[2559361,1186447],[2559316,1186343],[2559386,1185830],[2559541,1185498],[2559628,1185279],[2559561,1185193],[2559572,1185067],[2559692,1184695],[2559428,1184237],[2559930,1183869],[2560108,1184251],[2560198,1184360],[2560230,1184386],[2560304,1184444],[2560363,1184486],[2560482,1184415],[2560563,1184334],[2560802,1184307],[2560980,1184328],[2561007,1184212],[2561089,1184124],[2561253,1184024],[2561294,1183934],[2561270,1183771],[2561213,1183666],[2561089,1183582],[2560980,1183498],[2560928,1183390],[2560884,1183188],[2560822,1183138],[2560502,1182996],[2560480,1182834],[2560392,1182613],[2560304,1182358],[2560232,1182236],[2560147,1182118],[2560126,1181980],[2560185,1181686],[2560161,1181611],[2560031,1181450],[2559832,1181317],[2559606,1181212],[2559576,1181426],[2559327,1181427],[2558849,1181128],[2558421,1180825],[2557950,1180931],[2557303,1180619],[2557249,1180727],[2557162,1180704],[2556971,1180787],[2556530,1181051],[2556441,1181105],[2556047,1181326],[2555987,1181530],[2556036,1181580],[2556088,1181602],[2556018,1181792],[2555540,1181876],[2555215,1181771],[2555083,1181540],[2554935,1181253],[2554803,1181214],[2554638,1181060],[2554526,1181015],[2554274,1181248],[2554184,1181135],[2553988,1180841],[2553791,1180594],[2553337,1180736],[2553162,1180368],[2553144,1180408],[2553100,1180445],[2553084,1180482],[2553063,1180528],[2553041,1180578],[2553007,1180607],[2553004,1180631],[2552982,1180647],[2552939,1180690],[2552903,1180734],[2552857,1180763],[2552829,1180797],[2552786,1180812],[2552758,1180845],[2552704,1180877],[2552675,1180885],[2552635,1180971],[2552548,1180979],[2552501,1180920],[2552242,1181099],[2551785,1181654],[2551589,1181805],[2551159,1181592],[2550811,1181721],[2550444,1182138],[2550146,1182438],[2549773,1182595],[2549528,1182597],[2549747,1182865],[2550062,1183114],[2550117,1183585],[2549373,1183798],[2549179,1183983],[2549062,1184117],[2546837,1186540],[2556351,1195546]]]}},{"type":"Feature","properties":{"KANTONSNUM":22,"NAME":"Vaud"},"geometry":{"type":"Polygon","coordinates":[[[2573502,1194805],[2573346,1194350],[2573096,1194008],[2572587,1193920],[2572491,1193897],[2572383,1193914],[2572315,1193889],[2572261,1193846],[2572400,1193735],[2572657,1193731],[2572497,1193574],[2572274,1193424],[2571781,1192991],[2571465,1192936],[2571436,1192719],[2571694,1192270],[2571760,1191841],[2571953,1191496],[2571908,1191273],[2571884,1191232],[2571814,1191127],[2571763,1191138],[2571704,1191090],[2571644,1191016],[2571607,1190971],[2571624,1190937],[2571655,1190922],[2571619,1190881],[2571593,1190850],[2571532,1190821],[2571498,1190780],[2571435,1190756],[2571406,1190724],[2571358,1190742],[2571309,1190692],[2571295,1190611],[2571274,1190537],[2571235,1190500],[2571175,1190449],[2571145,1190357],[2571058,1190300],[2571052,1190259],[2570996,1190194],[2570946,1190117],[2570899,1190015],[2570863,1189921],[2570796,1189861],[2570782,1189778],[2570752,1189677],[2570678,1189583],[2570615,1189517],[2570598,1189485],[2570569,1189464],[2570471,1189452],[2570417,1189384],[2570390,1189353],[2570008,1188744],[2569924,1188657],[2569817,1188493],[2569226,1188485],[2568821,1188871],[2568992,1189242],[2569136,1189484],[2569124,1189664],[2569226,1189728],[2569387,1189768],[2569515,1190047],[2569267,1190205],[2568865,1190674],[2568925,1190744],[2568958,1190876],[2569023,1190973],[2569050,1191034],[2569080,1191094],[2569108,1191175],[2569164,1191254],[2569205,1191324],[2569281,1191389],[2569257,1191454],[2569202,1191527],[2568970,1191699],[2568865,1191669],[2568809,1191690],[2568738,1191702],[2568624,1191751],[2568529,1191794],[2568499,1191863],[2568483,1191936],[2567777,1192122],[2567735,1191922],[2567643,1191909],[2567467,1191756],[2567389,1191671],[2567225,1191553],[2567173,1191421],[2566930,1191477],[2566761,1191491],[2566581,1191537],[2566510,1191562],[2566294,1191843],[2566091,1192079],[2567055,1192874],[2567254,1193248],[2566756,1193740],[2566296,1194179],[2565938,1194573],[2565798,1194723],[2565697,1194822],[2565516,1195045],[2565444,1195186],[2565156,1195473],[2565622,1196495],[2565459,1196715],[2565190,1196866],[2564924,1197027],[2564702,1196850],[2564350,1196881],[2564303,1196933],[2564249,1197010],[2564195,1197031],[2564136,1197043],[2564061,1197076],[2564001,1197118],[2563948,1197141],[2563480,1201905],[2570559,1202985],[2570912,1202707],[2571419,1202295],[2571284,1201813],[2570991,1201023],[2570909,1200532],[2571082,1200373],[2571110,1200244],[2571134,1200139],[2571207,1199797],[2571250,1199553],[2571272,1199348],[2571252,1199037],[2571166,1198910],[2571025,1198702],[2572996,1195845],[2573506,1195182],[2573501,1194809],[2573502,1194805]]]}},{"type":"Feature","properties":{"KANTONSNUM":6,"NAME":"Obwalden"},"geometry":{"type":"Polygon","coordinates":[[[2678717,1189819],[2679001,1189789],[2679219,1190001],[2679415,1190095],[2679684,1189869],[2679904,1189779],[2680370,1189618],[2680710,1189702],[2680972,1189437],[2681305,1188945],[2681378,1188685],[2681335,1188381],[2681082,1188164],[2680716,1188021],[2680264,1187763],[2680028,1187415],[2679865,1186980],[2679721,1186648],[2679726,1186348],[2679715,1185867],[2679569,1185538],[2679531,1184926],[2679518,1184006],[2678741,1183654],[2678840,1183225],[2679612,1183361],[2679552,1182916],[2679564,1182406],[2680156,1181679],[2679879,1180464],[2679482,1180247],[2679092,1180136],[2678572,1180329],[2677745,1180091],[2677440,1179822],[2677100,1179679],[2676985,1179933],[2677001,1180247],[2676650,1180346],[2676363,1180580],[2675761,1180587],[2675348,1180374],[2675136,1180456],[2674860,1180743],[2674461,1180737],[2674124,1180420],[2673897,1180244],[2673698,1180115],[2673317,1179871],[2675435,1181138],[2675232,1181668],[2674925,1182154],[2674898,1182324],[2674596,1182533],[2674014,1182636],[2673784,1182911],[2673521,1183163],[2672558,1183827],[2672374,1183992],[2672421,1184417],[2672505,1184733],[2672475,1184877],[2672395,1185057],[2672096,1185155],[2671915,1185231],[2671605,1185466],[2671408,1185494],[2671499,1185624],[2671487,1185791],[2671492,1185854],[2671536,1185943],[2671602,1186038],[2671606,1186130],[2671644,1186237],[2671607,1186300],[2671592,1186387],[2671570,1186467],[2671583,1186648],[2671504,1186709],[2671454,1186846],[2671409,1186969],[2671280,1187183],[2671178,1187413],[2671141,1187891],[2671074,1188161],[2671045,1188632],[2670954,1188811],[2670946,1188999],[2670907,1189171],[2671048,1189318],[2671088,1189905],[2671034,1190219],[2670880,1190216],[2670747,1190220],[2670557,1190233],[2670489,1190345],[2670426,1190447],[2670360,1190547],[2670445,1190702],[2670538,1190900],[2670591,1191099],[2670675,1191107],[2670809,1191095],[2670887,1191093],[2670958,1191212],[2670996,1191489],[2671097,1191732],[2671378,1191921],[2671616,1191887],[2671808,1191826],[2671869,1191594],[2671800,1191440],[2671908,1191270],[2672080,1191041],[2672032,1190857],[2671785,1190739],[2671505,1190273],[2671446,1189635],[2671343,1189185],[2671674,1189571],[2672236,1189796],[2672451,1190040],[2672772,1190294],[2672917,1190554],[2673202,1190848],[2674012,1191295],[2674363,1191154],[2674589,1190863],[2674722,1190544],[2674775,1190136],[2674801,1189749],[2674804,1189478],[2675074,1189416],[2675608,1189265],[2675841,1189364],[2676241,1189627],[2676657,1189628],[2677039,1189714],[2677698,1189777],[2677993,1189819],[2678258,1189871],[2678523,1189849],[2678717,1189819]]]}},{"type":"Feature","properties":{"KANTONSNUM":12,"NAME":"Basel-Stadt"},"geometry":{"type":"Polygon","coordinates":[[[2614702,1267853],[2613981,1267799],[2613488,1267423],[2613481,1267237],[2613485,1267083],[2613698,1266881],[2613824,1266734],[2613877,1266543],[2613579,1265545],[2613501,1265562],[2613257,1265436],[2613153,1265368],[2613115,1265172],[2613053,1265112],[2612941,1264957],[2612607,1264463],[2612501,1264354],[2611876,1263331],[2611385,1263409],[2611396,1263948],[2611315,1264157],[2611279,1264214],[2611022,1264516],[2610856,1264593],[2611069,1265142],[2611089,1265248],[2611057,1265318],[2610753,1265910],[2610484,1265908],[2609457,1266104],[2609219,1266037],[2609043,1266856],[2608979,1267997],[2609314,1269360],[2610695,1269520],[2611625,1270932],[2612500,1269981],[2613399,1269680],[2614250,1270092],[2615120,1271095],[2615978,1271692],[2617817,1271400],[2618682,1272031],[2618918,1271907],[2617747,1270976],[2618262,1270062],[2618487,1269262],[2618678,1268584],[2618443,1268899],[2617800,1268329],[2617465,1268371],[2616716,1268256],[2615935,1267820],[2614864,1268153],[2614702,1267853]]]}},{"type":"Feature","properties":{"KANTONSNUM":14,"NAME":"Schaffhausen"},"geometry":{"type":"Polygon","coordinates":[[[2701937,1281404],[2701753,1281989],[2701926,1282500],[2701989,1282862],[2702209,1283245],[2702957,1283426],[2702668,1283772],[2702011,1283838],[2702008,1284379],[2701743,1284571],[2701481,1284725],[2700933,1284689],[2700337,1284769],[2699897,1284865],[2700003,1285287],[2699957,1285839],[2700064,1286143],[2700358,1286595],[2700825,1286818],[2701130,1287062],[2701804,1287246],[2701909,1287809],[2702452,1288316],[2702743,1287749],[2702867,1287228],[2702942,1286873],[2703649,1286161],[2703935,1285970],[2703837,1285560],[2704541,1285725],[2705598,1285452],[2705807,1284590],[2706282,1284766],[2706644,1284697],[2706991,1284819],[2707276,1284830],[2707522,1284781],[2707440,1284416],[2707914,1283879],[2707532,1283515],[2707156,1283552],[2706990,1283649],[2706766,1283888],[2706457,1283979],[2706046,1283810],[2706305,1283612],[2706525,1283338],[2706413,1282990],[2706212,1282692],[2706024,1282345],[2706246,1282094],[2706983,1281883],[2707487,1281204],[2707794,1280756],[2707956,1279991],[2707177,1279358],[2706837,1279115],[2706745,1278931],[2706042,1278871],[2705728,1279002],[2705794,1279172],[2706152,1279534],[2706295,1279716],[2706151,1279961],[2706046,1279995],[2705863,1280105],[2705400,1280237],[2705307,1280331],[2705222,1280621],[2705127,1280893],[2704888,1281116],[2704692,1281237],[2704486,1281372],[2704264,1281395],[2703953,1281540],[2703562,1281688],[2702971,1281598],[2702829,1281605],[2702619,1281734],[2702453,1281742],[2702143,1281506],[2701937,1281404]]]}},{"type":"Feature","properties":{"KANTONSNUM":11,"NAME":"Solothurn"},"geometry":{"type":"Polygon","coordinates":[[[2605412,1261323],[2605754,1260783],[2606127,1260674],[2606344,1260678],[2606591,1260711],[2606676,1260721],[2606788,1260728],[2607076,1260525],[2607392,1259370],[2607123,1258618],[2606696,1258130],[2606850,1257182],[2605944,1256697],[2605370,1256435],[2604857,1256486],[2604118,1256476],[2603628,1256348],[2603197,1256103],[2602612,1256008],[2601737,1255597],[2601005,1255769],[2600557,1256568],[2600706,1257076],[2601059,1257609],[2601291,1258068],[2600595,1258280],[2600019,1258729],[2599409,1259032],[2598752,1258895],[2599004,1259650],[2599587,1260713],[2600564,1260345],[2601313,1259819],[2602001,1259480],[2602362,1258957],[2602899,1258813],[2603402,1258954],[2603846,1259162],[2604158,1259741],[2604482,1259799],[2604611,1260013],[2605020,1260518],[2605325,1261114],[2605412,1261323]]]}},{"type":"Feature","properties":{"KANTONSNUM":10,"NAME":"Fribourg"},"geometry":{"type":"Polygon","coordinates":[[[2551656,1175277],[2551321,1175198],[2551166,1175268],[2551064,1175218],[2550859,1175213],[2550824,1175168],[2550689,1175156],[2550567,1175236],[2550387,1175363],[2550315,1175452],[2550259,1175559],[2550473,1175793],[2550583,1175992],[2550693,1176264],[2550841,1176264],[2550958,1176153],[2551177,1176155],[2551429,1176318],[2551572,1176297],[2551721,1176259],[2551796,1176286],[2551828,1176333],[2551891,1176340],[2551956,1176393],[2552057,1176436],[2552145,1176452],[2552255,1176440],[2552317,1176446],[2552352,1176505],[2552444,1176556],[2552369,1176767],[2552456,1176853],[2552579,1176981],[2552734,1177131],[2552836,1177365],[2552905,1177498],[2553005,1177618],[2553185,1177788],[2553226,1178079],[2553367,1178035],[2553449,1178161],[2553534,1178258],[2553404,1178308],[2553547,1178574],[2553731,1178724],[2554074,1179084],[2554339,1179258],[2554689,1179580],[2554695,1179781],[2554905,1180208],[2554749,1180182],[2554816,1180445],[2554883,1180448],[2555146,1180465],[2555194,1180441],[2555170,1180287],[2555342,1180273],[2555513,1180094],[2555520,1180048],[2555531,1179982],[2555515,1179927],[2555541,1179879],[2555556,1179837],[2555608,1179783],[2555656,1179744],[2555702,1179704],[2555768,1179664],[2555802,1179638],[2555772,1179431],[2555619,1179228],[2555741,1179093],[2555714,1179127],[2555750,1179169],[2555832,1179202],[2555879,1179244],[2555953,1179212],[2556017,1179289],[2556062,1179269],[2556264,1179105],[2556465,1178848],[2556795,1178630],[2557089,1178454],[2556993,1178234],[2556556,1176396],[2556252,1175614],[2556210,1175489],[2556271,1175464],[2556320,1175414],[2556354,1175359],[2555908,1174983],[2555158,1175192],[2554528,1175500],[2554254,1175769],[2554001,1175942],[2553765,1176051],[2553510,1176122],[2553069,1176130],[2552487,1175908],[2552351,1175745],[2552131,1175499],[2551833,1175309],[2551656,1175277]]]}},{"type":"Feature","properties":{"KANTONSNUM":11,"NAME":"Solothurn"},"geometry":{"type":"Polygon","coordinates":[[[2598664,1255018],[2599941,1255060],[2600067,1254729],[2600906,1253840],[2601020,1253398],[2601243,1253088],[2601105,1252591],[2600895,1252023],[2600779,1251714],[2600493,1251455],[2600265,1251396],[2600085,1251369],[2599920,1251332],[2599754,1251360],[2599492,1251467],[2599138,1251486],[2598845,1251362],[2598477,1251147],[2598191,1251133],[2597902,1251165],[2597570,1251168],[2597196,1251232],[2596912,1251323],[2596646,1251378],[2596449,1251410],[2596211,1251455],[2595999,1251425],[2595593,1251435],[2595270,1251479],[2595543,1252873],[2595712,1253083],[2595794,1253364],[2595704,1253436],[2595796,1253555],[2596628,1253820],[2597320,1254089],[2597495,1254305],[2597733,1254452],[2598004,1254579],[2598227,1254665],[2598361,1254751],[2598456,1254851],[2598637,1254976],[2598664,1255018]]]}},{"type":"Feature","properties":{"KANTONSNUM":14,"NAME":"Schaffhausen"},"geometry":{"type":"Polygon","coordinates":[[[2687009,1273411],[2686917,1272984],[2686967,1272627],[2686929,1272413],[2686861,1272329],[2686400,1272149],[2685919,1271862],[2685663,1271398],[2685642,1271107],[2685737,1270713],[2685886,1270330],[2685866,1270189],[2685789,1270117],[2685403,1270029],[2685266,1269894],[2685130,1269543],[2685078,1269012],[2684948,1268570],[2684755,1268241],[2684449,1267690],[2684275,1267484],[2684091,1267453],[2683975,1267520],[2683695,1267951],[2683677,1268232],[2683597,1268570],[2683390,1268975],[2683093,1269299],[2683097,1269456],[2683147,1269490],[2683197,1269522],[2683259,1269535],[2683351,1269587],[2683346,1269798],[2683356,1269820],[2683333,1269873],[2683147,1269932],[2682917,1269922],[2682737,1269903],[2682483,1269985],[2682624,1270213],[2682672,1270267],[2682852,1270328],[2682803,1270361],[2682606,1270440],[2682564,1270426],[2682551,1270435],[2682541,1270582],[2682512,1270596],[2682466,1270616],[2682455,1270679],[2682465,1270834],[2682610,1270950],[2682573,1270993],[2682556,1271309],[2682634,1271336],[2683105,1271732],[2683578,1271892],[2684002,1272072],[2684026,1272402],[2684133,1272491],[2684473,1272655],[2685070,1272551],[2685804,1272379],[2686345,1272919],[2686756,1273379],[2687009,1273411]]]}},{"type":"Feature","properties":{"KANTONSNUM":16,"NAME":"Appenzell Innerrhoden"},"geometry":{"type":"Polygon","coordinates":[[[2756331,1251382],[2756248,1251502],[2756531,1251698],[2756478,1251862],[2756488,1251936],[2756507,1252000],[2756435,1252119],[2756525,1252332],[2756692,1252501],[2756896,1252629],[2757269,1252779],[2757284,1252758],[2757316,1252722],[2757547,1252836],[2757849,1253027],[2758034,1253165],[2757798,1253272],[2757667,1253159],[2757688,1253197],[2757665,1253231],[2757623,1253364],[2757460,1253431],[2757283,1253554],[2757427,1253674],[2757534,1253816],[2757394,1254054],[2757404,1254243],[2757319,1254334],[2757523,1254580],[2757758,1254723],[2757948,1254714],[2758136,1254783],[2758217,1254830],[2758320,1254968],[2758453,1255086],[2758460,1255136],[2758434,1255243],[2758439,1255331],[2758457,1255362],[2758437,1255449],[2758422,1255485],[2758441,1255522],[2758486,1255545],[2758685,1255527],[2758885,1255461],[2759065,1255362],[2759090,1255226],[2759372,1255066],[2759540,1255007],[2759652,1255012],[2759636,1254890],[2759633,1254800],[2759611,1254672],[2759737,1254577],[2759735,1254462],[2759763,1254370],[2759780,1254336],[2759769,1254290],[2759887,1254179],[2760012,1254092],[2760080,1254094],[2760189,1254054],[2760259,1254089],[2760317,1254140],[2760532,1253905],[2760713,1253909],[2760953,1253927],[2761262,1253870],[2761259,1253813],[2761253,1253727],[2761212,1253697],[2761050,1253563],[2761077,1253451],[2761147,1253110],[2761137,1252936],[2761063,1252952],[2760990,1252879],[2760870,1252798],[2760707,1252754],[2760552,1252698],[2760465,1252705],[2760435,1252756],[2760406,1252808],[2760382,1252915],[2760296,1253023],[2760190,1253026],[2759989,1253060],[2759891,1252938],[2759757,1252944],[2759560,1252930],[2759552,1253026],[2759469,1253135],[2759373,1253137],[2759167,1253126],[2758953,1253058],[2758803,1252882],[2758892,1252807],[2758935,1252793],[2759030,1252748],[2759046,1252697],[2759091,1252625],[2759113,1252563],[2759143,1252505],[2759186,1252443],[2759205,1252412],[2759222,1252370],[2759255,1252306],[2759287,1252269],[2759322,1252181],[2759359,1252122],[2759392,1252109],[2759404,1252072],[2759435,1252022],[2759454,1251957],[2759508,1251921],[2759573,1251900],[2759591,1251852],[2759615,1251818],[2759631,1251783],[2759685,1251754],[2759729,1251709],[2759777,1251669],[2759773,1251599],[2759711,1251574],[2759664,1251524],[2759581,1251425],[2759501,1251342],[2759309,1251300],[2759212,1251311],[2759076,1251428],[2758928,1251492],[2758936,1251604],[2759004,1251825],[2758854,1251917],[2758799,1252029],[2758461,1251941],[2757977,1251804],[2757303,1251647],[2757155,1251614],[2757026,1251602],[2756995,1251539],[2756905,1251535],[2756626,1251474],[2756486,1251426],[2756331,1251382]]]}},{"type":"Feature","properties":{"KANTONSNUM":25,"NAME":"Genève"},"geometry":{"type":"Polygon","coordinates":[[[2507110,1131720],[2504518,1132964],[2504250,1133785],[2504171,1133800],[2504121,1133814],[2504033,1133796],[2503956,1133810],[2503928,1133849],[2503876,1133873],[2503827,1133921],[2503770,1133946],[2503711,1133930],[2503661,1133902],[2503344,1134035],[2502733,1134411],[2502678,1134444],[2502594,1134482],[2502446,1134903],[2502868,1135427],[2503335,1135447],[2503574,1135255],[2503786,1135095],[2504305,1135137],[2504516,1135070],[2504531,1134998],[2504537,1134927],[2504521,1134871],[2504567,1134791],[2504593,1134740],[2504638,1134672],[2504658,1134584],[2504724,1134535],[2504800,1134482],[2504894,1134476],[2504973,1134497],[2505059,1134509],[2505164,1134481],[2505280,1134450],[2505363,1134411],[2505419,1134377],[2505472,1134356],[2505553,1134318],[2505595,1134311],[2505627,1134281],[2507110,1131720]]]}},{"type":"Feature","properties":{"KANTONSNUM":13,"NAME":"Basel-Landschaft"},"geometry":{"type":"Polygon","coordinates":[[[2595270,1251479],[2594809,1251456],[2593968,1251599],[2593637,1252055],[2593193,1252438],[2592830,1252793],[2592642,1253020],[2592623,1253074],[2592646,1253149],[2592623,1253158],[2592398,1253261],[2591738,1253409],[2591499,1253526],[2591505,1253583],[2591481,1253655],[2591475,1253703],[2591443,1253765],[2591471,1253846],[2591519,1253898],[2591549,1253944],[2591604,1254016],[2591645,1254086],[2591663,1254161],[2591639,1254256],[2591599,1254368],[2591672,1254456],[2591747,1254483],[2591856,1254544],[2591952,1254513],[2592024,1254480],[2592096,1254476],[2592175,1254470],[2592268,1254467],[2592375,1254491],[2592463,1254495],[2592554,1254422],[2592579,1254354],[2592632,1254275],[2592731,1254180],[2592840,1254104],[2592923,1254082],[2592900,1254020],[2592931,1253929],[2593013,1253934],[2593074,1253880],[2593162,1253844],[2593264,1253849],[2593364,1253813],[2593498,1253741],[2593580,1253732],[2593662,1253690],[2593799,1253724],[2593910,1253722],[2594016,1253725],[2594102,1253700],[2594181,1253696],[2594282,1253694],[2594376,1253690],[2594488,1253661],[2594617,1253697],[2594710,1253726],[2594795,1253712],[2594874,1253655],[2594936,1253641],[2595033,1253676],[2595113,1253674],[2595113,1253624],[2595211,1253621],[2595289,1253590],[2595382,1253572],[2595474,1253529],[2595593,1253502],[2595687,1253444],[2595776,1253373],[2595739,1253142],[2595549,1252980],[2595316,1251755],[2595270,1251479]]]}},{"type":"Feature","properties":{"KANTONSNUM":10,"NAME":"Fribourg"},"geometry":{"type":"Polygon","coordinates":[[[2549141,1178014],[2549989,1177711],[2550129,1177568],[2550099,1177537],[2550065,1177445],[2550019,1177410],[2550014,1177061],[2549998,1176237],[2549870,1176042],[2549807,1175898],[2549635,1175794],[2549503,1175657],[2549409,1175492],[2549432,1175333],[2549359,1175100],[2548216,1174376],[2548008,1174757],[2547907,1175240],[2547351,1175639],[2547348,1175980],[2547368,1176008],[2547383,1176038],[2547402,1176070],[2547423,1176113],[2547433,1176141],[2547456,1176162],[2547469,1176183],[2547473,1176210],[2547478,1176237],[2547490,1176272],[2547512,1176303],[2547532,1176327],[2547547,1176346],[2547754,1176436],[2548053,1176481],[2548097,1176584],[2548542,1177092],[2548852,1177354],[2549141,1178014]]]}},{"type":"Feature","properties":{"KANTONSNUM":2,"NAME":"Bern"},"geometry":{"type":"Polygon","coordinates":[[[2609051,1241284],[2608108,1241187],[2607135,1241143],[2606738,1241316],[2607066,1242144],[2607155,1242247],[2607185,1242347],[2607224,1242472],[2607397,1242738],[2607762,1242974],[2608405,1243339],[2608536,1243751],[2608909,1243626],[2609223,1243450],[2609445,1243071],[2609629,1242742],[2610037,1242132],[2610023,1241776],[2609782,1241485],[2609412,1241254],[2609051,1241284]]]}},{"type":"Feature","properties":{"KANTONSNUM":16,"NAME":"Appenzell Innerrhoden"},"geometry":{"type":"Polygon","coordinates":[[[2764370,1256380],[2764332,1256281],[2764156,1256095],[2764020,1256010],[2763679,1255877],[2763571,1255733],[2763390,1255602],[2763216,1255522],[2763042,1255421],[2762861,1255353],[2762462,1255102],[2762216,1254966],[2762207,1254946],[2762218,1254839],[2762244,1254519],[2762308,1254475],[2762627,1254307],[2762767,1254221],[2762837,1254164],[2762849,1254053],[2763071,1254023],[2763443,1253722],[2763322,1253722],[2763203,1253680],[2763112,1253613],[2763022,1253541],[2762877,1253465],[2762728,1253428],[2762540,1253416],[2762389,1253431],[2762311,1253386],[2762212,1253336],[2762079,1253314],[2761833,1253192],[2761748,1253259],[2761633,1253267],[2761740,1253317],[2761899,1253432],[2762030,1253587],[2761872,1253786],[2761724,1253933],[2761722,1254157],[2761825,1254314],[2761770,1254338],[2761690,1254341],[2761613,1254314],[2761511,1254390],[2761443,1254428],[2761327,1254432],[2761280,1254488],[2761149,1254464],[2761058,1254426],[2760964,1254420],[2760903,1254432],[2760851,1254454],[2760762,1254430],[2760699,1254435],[2760671,1254475],[2760633,1254514],[2760703,1254607],[2760925,1254751],[2761003,1254746],[2761073,1254811],[2761055,1254867],[2761091,1254917],[2761106,1255037],[2760940,1255079],[2760832,1255275],[2760662,1255208],[2760317,1255294],[2760125,1255490],[2759933,1255576],[2759911,1255733],[2759958,1255845],[2760025,1255873],[2760078,1255906],[2760115,1255940],[2760151,1255981],[2760144,1256044],[2760194,1256127],[2760327,1256177],[2760373,1256228],[2760364,1256263],[2760350,1256312],[2760508,1256361],[2760571,1256374],[2760616,1256369],[2760663,1256375],[2760673,1256253],[2760701,1256214],[2760750,1256174],[2760818,1256087],[2760781,1255954],[2760986,1255889],[2761254,1255923],[2761330,1255923],[2761617,1255942],[2761884,1255979],[2762343,1256054],[2762515,1256039],[2762499,1255957],[2762592,1255947],[2762777,1255987],[2763035,1256087],[2763211,1256208],[2763385,1256250],[2763553,1256251],[2763706,1256240],[2763899,1256265],[2764094,1256326],[2764273,1256351],[2764370,1256380]]]}},{"type":"Feature","properties":{"KANTONSNUM":20,"NAME":"Thurgau"},"geometry":{"type":"Polygon","coordinates":[[[2751489,1263126],[2753145,1261572],[2752642,1261350],[2752655,1261418],[2752656,1261459],[2752655,1261500],[2752683,1261570],[2752747,1261652],[2752524,1261704],[2751788,1261915],[2751828,1262036],[2751539,1262218],[2751451,1262712],[2751459,1262988],[2751489,1263126]]]}},{"type":"Feature","properties":{"KANTONSNUM":2,"NAME":"Bern"},"geometry":{"type":"Polygon","coordinates":[[[2575953,1194392],[2575621,1194781],[2575482,1195247],[2575210,1195546],[2575361,1196155],[2575745,1196304],[2576181,1196477],[2576205,1196341],[2576315,1196390],[2576503,1196427],[2576748,1196518],[2576872,1196467],[2576931,1196239],[2576943,1196055],[2576928,1195766],[2576933,1195676],[2576969,1195541],[2577075,1195384],[2577127,1195240],[2576782,1195168],[2576392,1194942],[2575953,1194392]]]}},{"type":"Feature","properties":{"KANTONSNUM":11,"NAME":"Solothurn"},"geometry":{"type":"Polygon","coordinates":[[[2619251,1223755],[2619396,1223480],[2619836,1223368],[2619352,1223053],[2619156,1222599],[2619076,1222429],[2618885,1222497],[2618504,1222604],[2618197,1222579],[2617883,1222583],[2617933,1222859],[2618205,1223507],[2618441,1223500],[2618485,1223678],[2618685,1223821],[2618793,1223966],[2618979,1223960],[2619203,1223743],[2619251,1223755]]]}},{"type":"Feature","properties":{"KANTONSNUM":10,"NAME":"Fribourg"},"geometry":{"type":"Polygon","coordinates":[[[2584444,1198012],[2584166,1197616],[2584140,1197533],[2584080,1197535],[2583988,1197445],[2583538,1197248],[2583211,1197107],[2583003,1197721],[2583113,1197888],[2583155,1197950],[2583412,1198174],[2584048,1198440],[2584006,1198687],[2584404,1198600],[2584445,1198432],[2584444,1198012]]]}},{"type":"Feature","properties":{"KANTONSNUM":2,"NAME":"Bern"},"geometry":{"type":"Polygon","coordinates":[[[2573502,1194805],[2573701,1194623],[2573781,1194669],[2574236,1194452],[2574380,1194291],[2574142,1194147],[2574035,1194038],[2573846,1193890],[2573648,1193645],[2573343,1193438],[2572987,1193586],[2573028,1193969],[2573191,1194266],[2573492,1194791],[2573502,1194805]]]}},{"type":"Feature","properties":{"KANTONSNUM":25,"NAME":"Genève"},"geometry":{"type":"Polygon","coordinates":[[[2502086,1133206],[2502475,1133934],[2502706,1134000],[2503174,1133744],[2503449,1133491],[2502909,1133424],[2502732,1133597],[2502674,1133576],[2502635,1133481],[2502609,1133434],[2502536,1133376],[2502507,1133316],[2502499,1133258],[2502504,1133203],[2502520,1133153],[2502528,1133102],[2502537,1133077],[2502519,1132998],[2502449,1132967],[2502388,1132968],[2502086,1133206]]]}},{"type":"Feature","properties":{"KANTONSNUM":17,"NAME":"St. Gallen"},"geometry":{"type":"Polygon","coordinates":[[[2744263,1264101],[2744656,1263939],[2744634,1263893],[2744637,1263875],[2744627,1263842],[2744623,1263791],[2744623,1263748],[2744332,1263845],[2744312,1263903],[2744316,1263946],[2744291,1263977],[2744264,1264018],[2744242,1264046],[2744250,1264076],[2744263,1264101]]]}},{"type":"Feature","properties":{"KANTONSNUM":19,"NAME":"Aargau"},"geometry":{"type":"Polygon","coordinates":[[[2675447,1251230],[2675492,1251347],[2675565,1251318],[2675533,1251264],[2675447,1251230]]]}},{"type":"Feature","properties":{"KANTONSNUM":10,"NAME":"Fribourg"},"geometry":{"type":"Polygon","coordinates":[[[2564321,1186264],[2564321,1186264]]]}},{"type":"Feature","properties":{"KANTONSNUM":16,"NAME":"Appenzell Innerrhoden"},"geometry":{"type":"Polygon","coordinates":[[[2745230,1250219],[2745219,1250213],[2745230,1250219]]]}},{"type":"Feature","properties":{"KANTONSNUM":16,"NAME":"Appenzell Innerrhoden"},"geometry":{"type":"Polygon","coordinates":[[[2763959,1257026],[2763991,1257003],[2763959,1257026]]]}}]}